seed,arm,readout,angle,auc,false_alarm,hit,unrelated_false_alarm,task2_hit,identity,partial_mse,full_convergence
20272001,no_replay,weighted,0.12,0.6792,0.58,0.8,0.0,1.0,0.04,0.010674787575989157,1.0
20272001,no_replay,weighted,0.24,0.9816,0.0,0.8,0.0,1.0,0.04,0.010674787575989157,1.0
20272001,no_replay,weighted,0.48,1.0,0.0,0.8,0.0,1.0,0.04,0.010674787575989157,1.0
20272001,no_replay,equal,0.12,0.6792,0.58,0.8,0.0,1.0,0.04,0.010674787575989157,1.0
20272001,no_replay,equal,0.24,0.9816,0.0,0.8,0.0,1.0,0.04,0.010674787575989157,1.0
20272001,no_replay,equal,0.48,1.0,0.0,0.8,0.0,1.0,0.04,0.010674787575989157,1.0
20272001,no_replay,reconstruction,0.12,0.5184,0.76,0.84,0.0,1.0,0.04,0.010674787575989157,1.0
20272001,no_replay,reconstruction,0.24,0.6152,0.68,0.84,0.0,1.0,0.04,0.010674787575989157,1.0
20272001,no_replay,reconstruction,0.48,0.8200000000000001,0.26,0.84,0.0,1.0,0.04,0.010674787575989157,1.0
20272001,no_replay,max_similarity,0.12,0.7160000000000001,0.5,0.76,0.0,1.0,0.04,0.010674787575989157,1.0
20272001,no_replay,max_similarity,0.24,0.9872,0.0,0.76,0.0,1.0,0.04,0.010674787575989157,1.0
20272001,no_replay,max_similarity,0.48,1.0,0.0,0.76,0.0,1.0,0.04,0.010674787575989157,1.0
20272001,random_replay,weighted,0.12,0.6384,0.56,0.8,0.0,1.0,0.04,0.010595846154708701,1.0
20272001,random_replay,weighted,0.24,0.7792,0.32,0.8,0.0,1.0,0.04,0.010595846154708701,1.0
20272001,random_replay,weighted,0.48,0.7824,0.32,0.8,0.0,1.0,0.04,0.010595846154708701,1.0
20272001,random_replay,equal,0.12,0.6312,0.56,0.8,0.0,1.0,0.04,0.010595846154708701,1.0
20272001,random_replay,equal,0.24,0.7776000000000001,0.32,0.8,0.0,1.0,0.04,0.010595846154708701,1.0
20272001,random_replay,equal,0.48,0.9536,0.08,0.8,0.0,1.0,0.04,0.010595846154708701,1.0
20272001,random_replay,reconstruction,0.12,0.5704,0.74,0.76,0.0,0.92,0.04,0.010595846154708701,1.0
20272001,random_replay,reconstruction,0.24,0.6359999999999999,0.62,0.76,0.0,0.92,0.04,0.010595846154708701,1.0
20272001,random_replay,reconstruction,0.48,0.76,0.36,0.76,0.0,0.92,0.04,0.010595846154708701,1.0
20272001,random_replay,max_similarity,0.12,0.6624,0.6,0.72,0.0,1.0,0.04,0.010595846154708701,1.0
20272001,random_replay,max_similarity,0.24,0.7767999999999999,0.32,0.72,0.0,1.0,0.04,0.010595846154708701,1.0
20272001,random_replay,max_similarity,0.48,1.0,0.0,0.72,0.0,1.0,0.04,0.010595846154708701,1.0
20272001,high_energy,weighted,0.12,0.6384,0.56,0.76,0.0,1.0,0.04,0.010595846154708701,1.0
20272001,high_energy,weighted,0.24,0.7792,0.32,0.76,0.0,1.0,0.04,0.010595846154708701,1.0
20272001,high_energy,weighted,0.48,0.7824,0.32,0.76,0.0,1.0,0.04,0.010595846154708701,1.0
20272001,high_energy,equal,0.12,0.6312,0.56,0.76,0.0,1.0,0.04,0.010595846154708701,1.0
20272001,high_energy,equal,0.24,0.7776000000000001,0.32,0.76,0.0,1.0,0.04,0.010595846154708701,1.0
20272001,high_energy,equal,0.48,0.9536,0.08,0.76,0.0,1.0,0.04,0.010595846154708701,1.0
20272001,high_energy,reconstruction,0.12,0.5704,0.74,0.76,0.0,0.92,0.04,0.010595846154708701,1.0
20272001,high_energy,reconstruction,0.24,0.6359999999999999,0.62,0.76,0.0,0.92,0.04,0.010595846154708701,1.0
20272001,high_energy,reconstruction,0.48,0.76,0.36,0.76,0.0,0.92,0.04,0.010595846154708701,1.0
20272001,high_energy,max_similarity,0.12,0.6624,0.6,0.72,0.0,1.0,0.04,0.010595846154708701,1.0
20272001,high_energy,max_similarity,0.24,0.7767999999999999,0.32,0.72,0.0,1.0,0.04,0.010595846154708701,1.0
20272001,high_energy,max_similarity,0.48,1.0,0.0,0.72,0.0,1.0,0.04,0.010595846154708701,1.0
20272001,low_energy,weighted,0.12,0.6368,0.64,0.84,0.0,1.0,0.04,0.010536375792469252,1.0
20272001,low_energy,weighted,0.24,0.7608,0.32,0.84,0.0,1.0,0.04,0.010536375792469252,1.0
20272001,low_energy,weighted,0.48,0.7824,0.32,0.84,0.0,1.0,0.04,0.010536375792469252,1.0
20272001,low_energy,equal,0.12,0.6288,0.62,0.84,0.0,1.0,0.04,0.010536375792469252,1.0
20272001,low_energy,equal,0.24,0.768,0.32,0.84,0.0,1.0,0.04,0.010536375792469252,1.0
20272001,low_energy,equal,0.48,0.948,0.12,0.84,0.0,1.0,0.04,0.010536375792469252,1.0
20272001,low_energy,reconstruction,0.12,0.5704,0.78,0.8,0.0,0.88,0.04,0.010536375792469252,1.0
20272001,low_energy,reconstruction,0.24,0.628,0.7,0.8,0.0,0.88,0.04,0.010536375792469252,1.0
20272001,low_energy,reconstruction,0.48,0.7496,0.42,0.8,0.0,0.88,0.04,0.010536375792469252,1.0
20272001,low_energy,max_similarity,0.12,0.6624,0.62,0.76,0.0,1.0,0.04,0.010536375792469252,1.0
20272001,low_energy,max_similarity,0.24,0.776,0.32,0.76,0.0,1.0,0.04,0.010536375792469252,1.0
20272001,low_energy,max_similarity,0.48,1.0,0.0,0.76,0.0,1.0,0.04,0.010536375792469252,1.0
20272002,no_replay,weighted,0.12,0.7344,0.64,0.84,0.0,1.0,0.04,0.010703276179540975,1.0
20272002,no_replay,weighted,0.24,0.9752,0.06,0.84,0.0,1.0,0.04,0.010703276179540975,1.0
20272002,no_replay,weighted,0.48,1.0,0.0,0.84,0.0,1.0,0.04,0.010703276179540975,1.0
20272002,no_replay,equal,0.12,0.7344,0.64,0.84,0.0,1.0,0.04,0.010703276179540975,1.0
20272002,no_replay,equal,0.24,0.9752,0.06,0.84,0.0,1.0,0.04,0.010703276179540975,1.0
20272002,no_replay,equal,0.48,1.0,0.0,0.84,0.0,1.0,0.04,0.010703276179540975,1.0
20272002,no_replay,reconstruction,0.12,0.5432,0.8,0.8,0.0,1.0,0.04,0.010703276179540975,1.0
20272002,no_replay,reconstruction,0.24,0.6016,0.64,0.8,0.0,1.0,0.04,0.010703276179540975,1.0
20272002,no_replay,reconstruction,0.48,0.8320000000000001,0.28,0.8,0.0,1.0,0.04,0.010703276179540975,1.0
20272002,no_replay,max_similarity,0.12,0.7888,0.56,0.88,0.0,1.0,0.04,0.010703276179540975,1.0
20272002,no_replay,max_similarity,0.24,0.992,0.02,0.88,0.0,1.0,0.04,0.010703276179540975,1.0
20272002,no_replay,max_similarity,0.48,1.0,0.0,0.88,0.0,1.0,0.04,0.010703276179540975,1.0
20272002,random_replay,weighted,0.12,0.6639999999999999,0.62,0.84,0.0,1.0,0.05,0.010505511494513224,1.0
20272002,random_replay,weighted,0.24,0.7624,0.34,0.84,0.0,1.0,0.05,0.010505511494513224,1.0
20272002,random_replay,weighted,0.48,0.7824,0.32,0.84,0.0,1.0,0.05,0.010505511494513224,1.0
20272002,random_replay,equal,0.12,0.6608,0.58,0.84,0.0,1.0,0.05,0.010505511494513224,1.0
20272002,random_replay,equal,0.24,0.7704,0.34,0.84,0.0,1.0,0.05,0.010505511494513224,1.0
20272002,random_replay,equal,0.48,0.9192,0.14,0.84,0.0,1.0,0.05,0.010505511494513224,1.0
20272002,random_replay,reconstruction,0.12,0.572,0.76,0.84,0.0,0.96,0.05,0.010505511494513224,1.0
20272002,random_replay,reconstruction,0.24,0.6416,0.62,0.84,0.0,0.96,0.05,0.010505511494513224,1.0
20272002,random_replay,reconstruction,0.48,0.7256,0.44,0.84,0.0,0.96,0.05,0.010505511494513224,1.0
20272002,random_replay,max_similarity,0.12,0.7048,0.52,0.88,0.0,1.0,0.05,0.010505511494513224,1.0
20272002,random_replay,max_similarity,0.24,0.7792,0.32,0.88,0.0,1.0,0.05,0.010505511494513224,1.0
20272002,random_replay,max_similarity,0.48,1.0,0.0,0.88,0.0,1.0,0.05,0.010505511494513224,1.0
20272002,high_energy,weighted,0.12,0.6799999999999999,0.56,0.88,0.0,1.0,0.06,0.010336685872636467,1.0
20272002,high_energy,weighted,0.24,0.776,0.34,0.88,0.0,1.0,0.06,0.010336685872636467,1.0
20272002,high_energy,weighted,0.48,0.7824,0.32,0.88,0.0,1.0,0.06,0.010336685872636467,1.0
20272002,high_energy,equal,0.12,0.6688000000000001,0.6,0.88,0.0,1.0,0.06,0.010336685872636467,1.0
20272002,high_energy,equal,0.24,0.776,0.34,0.88,0.0,1.0,0.06,0.010336685872636467,1.0
20272002,high_energy,equal,0.48,0.9304000000000001,0.14,0.88,0.0,1.0,0.06,0.010336685872636467,1.0
20272002,high_energy,reconstruction,0.12,0.5719999999999998,0.72,0.84,0.0,1.0,0.06,0.010336685872636467,1.0
20272002,high_energy,reconstruction,0.24,0.6408,0.56,0.84,0.0,1.0,0.06,0.010336685872636467,1.0
20272002,high_energy,reconstruction,0.48,0.7376,0.4,0.84,0.0,1.0,0.06,0.010336685872636467,1.0
20272002,high_energy,max_similarity,0.12,0.7056,0.52,0.88,0.0,1.0,0.06,0.010336685872636467,1.0
20272002,high_energy,max_similarity,0.24,0.7792,0.32,0.88,0.0,1.0,0.06,0.010336685872636467,1.0
20272002,high_energy,max_similarity,0.48,1.0,0.0,0.88,0.0,1.0,0.06,0.010336685872636467,1.0
20272002,low_energy,weighted,0.12,0.6639999999999999,0.62,0.88,0.0,1.0,0.05,0.010505511494513224,1.0
20272002,low_energy,weighted,0.24,0.7624,0.34,0.88,0.0,1.0,0.05,0.010505511494513224,1.0
20272002,low_energy,weighted,0.48,0.7824,0.32,0.88,0.0,1.0,0.05,0.010505511494513224,1.0
20272002,low_energy,equal,0.12,0.6608,0.66,0.88,0.0,1.0,0.05,0.010505511494513224,1.0
20272002,low_energy,equal,0.24,0.7704,0.34,0.88,0.0,1.0,0.05,0.010505511494513224,1.0
20272002,low_energy,equal,0.48,0.9192,0.14,0.88,0.0,1.0,0.05,0.010505511494513224,1.0
20272002,low_energy,reconstruction,0.12,0.572,0.76,0.84,0.0,0.96,0.05,0.010505511494513224,1.0
20272002,low_energy,reconstruction,0.24,0.6416,0.6,0.84,0.0,0.96,0.05,0.010505511494513224,1.0
20272002,low_energy,reconstruction,0.48,0.7256,0.44,0.84,0.0,0.96,0.05,0.010505511494513224,1.0
20272002,low_energy,max_similarity,0.12,0.7048,0.52,0.88,0.0,1.0,0.05,0.010505511494513224,1.0
20272002,low_energy,max_similarity,0.24,0.7792,0.32,0.88,0.0,1.0,0.05,0.010505511494513224,1.0
20272002,low_energy,max_similarity,0.48,1.0,0.0,0.88,0.0,1.0,0.05,0.010505511494513224,1.0
20272003,no_replay,weighted,0.12,0.724,0.86,0.96,0.0,1.0,0.04,0.01055066446665589,1.0
20272003,no_replay,weighted,0.24,0.9687999999999999,0.12,0.96,0.0,1.0,0.04,0.01055066446665589,1.0
20272003,no_replay,weighted,0.48,1.0,0.0,0.96,0.0,1.0,0.04,0.01055066446665589,1.0
20272003,no_replay,equal,0.12,0.724,0.86,0.96,0.0,1.0,0.04,0.01055066446665589,1.0
20272003,no_replay,equal,0.24,0.9687999999999999,0.12,0.96,0.0,1.0,0.04,0.01055066446665589,1.0
20272003,no_replay,equal,0.48,1.0,0.0,0.96,0.0,1.0,0.04,0.01055066446665589,1.0
20272003,no_replay,reconstruction,0.12,0.5592,0.98,1.0,0.0,1.0,0.04,0.01055066446665589,1.0
20272003,no_replay,reconstruction,0.24,0.66,0.76,1.0,0.0,1.0,0.04,0.01055066446665589,1.0
20272003,no_replay,reconstruction,0.48,0.864,0.32,1.0,0.0,1.0,0.04,0.01055066446665589,1.0
20272003,no_replay,max_similarity,0.12,0.7263999999999999,0.76,0.96,0.0,1.0,0.04,0.01055066446665589,1.0
20272003,no_replay,max_similarity,0.24,0.9952,0.06,0.96,0.0,1.0,0.04,0.01055066446665589,1.0
20272003,no_replay,max_similarity,0.48,1.0,0.0,0.96,0.0,1.0,0.04,0.01055066446665589,1.0
20272003,random_replay,weighted,0.12,0.6688,0.88,0.96,0.0,1.0,0.04,0.010536394669508519,1.0
20272003,random_replay,weighted,0.24,0.7567999999999999,0.32,0.96,0.0,1.0,0.04,0.010536394669508519,1.0
20272003,random_replay,weighted,0.48,0.7824,0.32,0.96,0.0,1.0,0.04,0.010536394669508519,1.0
20272003,random_replay,equal,0.12,0.6632,0.9,0.96,0.0,1.0,0.04,0.010536394669508519,1.0
20272003,random_replay,equal,0.24,0.7584000000000001,0.32,0.96,0.0,1.0,0.04,0.010536394669508519,1.0
20272003,random_replay,equal,0.48,0.956,0.18,0.96,0.0,1.0,0.04,0.010536394669508519,1.0
20272003,random_replay,reconstruction,0.12,0.5768,0.88,0.96,0.0,0.88,0.04,0.010536394669508519,1.0
20272003,random_replay,reconstruction,0.24,0.616,0.76,0.96,0.0,0.88,0.04,0.010536394669508519,1.0
20272003,random_replay,reconstruction,0.48,0.7424000000000001,0.44,0.96,0.0,0.88,0.04,0.010536394669508519,1.0
20272003,random_replay,max_similarity,0.12,0.6639999999999999,0.8,0.92,0.0,1.0,0.04,0.010536394669508519,1.0
20272003,random_replay,max_similarity,0.24,0.832,0.34,0.92,0.0,1.0,0.04,0.010536394669508519,1.0
20272003,random_replay,max_similarity,0.48,1.0,0.0,0.92,0.0,1.0,0.04,0.010536394669508519,1.0
20272003,high_energy,weighted,0.12,0.6736,0.82,1.0,0.0,1.0,0.05,0.010362445700764824,1.0
20272003,high_energy,weighted,0.24,0.7824,0.32,1.0,0.0,1.0,0.05,0.010362445700764824,1.0
20272003,high_energy,weighted,0.48,0.7824,0.32,1.0,0.0,1.0,0.05,0.010362445700764824,1.0
20272003,high_energy,equal,0.12,0.6672,0.82,1.0,0.0,1.0,0.05,0.010362445700764824,1.0
20272003,high_energy,equal,0.24,0.7824,0.32,1.0,0.0,1.0,0.05,0.010362445700764824,1.0
20272003,high_energy,equal,0.48,0.9648,0.18,1.0,0.0,1.0,0.05,0.010362445700764824,1.0
20272003,high_energy,reconstruction,0.12,0.5824,0.84,0.92,0.0,0.96,0.05,0.010362445700764824,1.0
20272003,high_energy,reconstruction,0.24,0.6224000000000001,0.72,0.92,0.0,0.96,0.05,0.010362445700764824,1.0
20272003,high_energy,reconstruction,0.48,0.7472000000000001,0.4,0.92,0.0,0.96,0.05,0.010362445700764824,1.0
20272003,high_energy,max_similarity,0.12,0.6736,0.8,0.96,0.0,1.0,0.05,0.010362445700764824,1.0
20272003,high_energy,max_similarity,0.24,0.8328,0.34,0.96,0.0,1.0,0.05,0.010362445700764824,1.0
20272003,high_energy,max_similarity,0.48,1.0,0.0,0.96,0.0,1.0,0.05,0.010362445700764824,1.0
20272003,low_energy,weighted,0.12,0.6688,0.9,0.96,0.0,1.0,0.04,0.010536394669508519,1.0
20272003,low_energy,weighted,0.24,0.7567999999999999,0.32,0.96,0.0,1.0,0.04,0.010536394669508519,1.0
20272003,low_energy,weighted,0.48,0.7824,0.32,0.96,0.0,1.0,0.04,0.010536394669508519,1.0
20272003,low_energy,equal,0.12,0.6632,0.9,0.96,0.0,1.0,0.04,0.010536394669508519,1.0
20272003,low_energy,equal,0.24,0.7584000000000001,0.32,0.96,0.0,1.0,0.04,0.010536394669508519,1.0
20272003,low_energy,equal,0.48,0.956,0.18,0.96,0.0,1.0,0.04,0.010536394669508519,1.0
20272003,low_energy,reconstruction,0.12,0.5768,0.86,0.96,0.0,0.88,0.04,0.010536394669508519,1.0
20272003,low_energy,reconstruction,0.24,0.616,0.76,0.96,0.0,0.88,0.04,0.010536394669508519,1.0
20272003,low_energy,reconstruction,0.48,0.7424000000000001,0.44,0.96,0.0,0.88,0.04,0.010536394669508519,1.0
20272003,low_energy,max_similarity,0.12,0.6639999999999999,0.8,0.92,0.0,1.0,0.04,0.010536394669508519,1.0
20272003,low_energy,max_similarity,0.24,0.832,0.34,0.92,0.0,1.0,0.04,0.010536394669508519,1.0
20272003,low_energy,max_similarity,0.48,1.0,0.0,0.92,0.0,1.0,0.04,0.010536394669508519,1.0
20272004,no_replay,weighted,0.12,0.7279999999999999,0.64,0.84,0.0,1.0,0.04,0.010616590525508212,1.0
20272004,no_replay,weighted,0.24,0.9735999999999999,0.02,0.84,0.0,1.0,0.04,0.010616590525508212,1.0
20272004,no_replay,weighted,0.48,1.0,0.0,0.84,0.0,1.0,0.04,0.010616590525508212,1.0
20272004,no_replay,equal,0.12,0.7279999999999999,0.64,0.84,0.0,1.0,0.04,0.010616590525508212,1.0
20272004,no_replay,equal,0.24,0.9735999999999999,0.02,0.84,0.0,1.0,0.04,0.010616590525508212,1.0
20272004,no_replay,equal,0.48,1.0,0.0,0.84,0.0,1.0,0.04,0.010616590525508212,1.0
20272004,no_replay,reconstruction,0.12,0.5184,0.84,0.84,0.0,1.0,0.04,0.010616590525508212,1.0
20272004,no_replay,reconstruction,0.24,0.6112,0.66,0.84,0.0,1.0,0.04,0.010616590525508212,1.0
20272004,no_replay,reconstruction,0.48,0.8096,0.34,0.84,0.0,1.0,0.04,0.010616590525508212,1.0
20272004,no_replay,max_similarity,0.12,0.7592,0.54,0.84,0.0,1.0,0.04,0.010616590525508212,1.0
20272004,no_replay,max_similarity,0.24,0.992,0.0,0.84,0.0,1.0,0.04,0.010616590525508212,1.0
20272004,no_replay,max_similarity,0.48,1.0,0.0,0.84,0.0,1.0,0.04,0.010616590525508212,1.0
20272004,random_replay,weighted,0.12,0.6664,0.66,0.92,0.0,1.0,0.05,0.01038788584246861,1.0
20272004,random_replay,weighted,0.24,0.776,0.32,0.92,0.0,1.0,0.05,0.01038788584246861,1.0
20272004,random_replay,weighted,0.48,0.7824,0.32,0.92,0.0,1.0,0.05,0.01038788584246861,1.0
20272004,random_replay,equal,0.12,0.6576,0.68,0.92,0.0,1.0,0.05,0.01038788584246861,1.0
20272004,random_replay,equal,0.24,0.776,0.32,0.92,0.0,1.0,0.05,0.01038788584246861,1.0
20272004,random_replay,equal,0.48,0.9576,0.14,0.92,0.0,1.0,0.05,0.01038788584246861,1.0
20272004,random_replay,reconstruction,0.12,0.5688,0.72,0.84,0.0,0.96,0.05,0.01038788584246861,1.0
20272004,random_replay,reconstruction,0.24,0.6264000000000001,0.62,0.84,0.0,0.96,0.05,0.01038788584246861,1.0
20272004,random_replay,reconstruction,0.48,0.6824,0.48,0.84,0.0,0.96,0.05,0.01038788584246861,1.0
20272004,random_replay,max_similarity,0.12,0.6848,0.6,0.88,0.0,1.0,0.05,0.01038788584246861,1.0
20272004,random_replay,max_similarity,0.24,0.7816,0.32,0.88,0.0,1.0,0.05,0.01038788584246861,1.0
20272004,random_replay,max_similarity,0.48,1.0,0.0,0.88,0.0,1.0,0.05,0.01038788584246861,1.0
20272004,high_energy,weighted,0.12,0.6664,0.64,0.92,0.0,1.0,0.05,0.010387885842468612,1.0
20272004,high_energy,weighted,0.24,0.776,0.32,0.92,0.0,1.0,0.05,0.010387885842468612,1.0
20272004,high_energy,weighted,0.48,0.7824,0.32,0.92,0.0,1.0,0.05,0.010387885842468612,1.0
20272004,high_energy,equal,0.12,0.6576,0.64,0.92,0.0,1.0,0.05,0.010387885842468612,1.0
20272004,high_energy,equal,0.24,0.776,0.32,0.92,0.0,1.0,0.05,0.010387885842468612,1.0
20272004,high_energy,equal,0.48,0.9576,0.14,0.92,0.0,1.0,0.05,0.010387885842468612,1.0
20272004,high_energy,reconstruction,0.12,0.5688,0.72,0.84,0.0,0.96,0.05,0.010387885842468612,1.0
20272004,high_energy,reconstruction,0.24,0.6264000000000001,0.62,0.84,0.0,0.96,0.05,0.010387885842468612,1.0
20272004,high_energy,reconstruction,0.48,0.6824,0.48,0.84,0.0,0.96,0.05,0.010387885842468612,1.0
20272004,high_energy,max_similarity,0.12,0.6848,0.6,0.88,0.0,1.0,0.05,0.010387885842468612,1.0
20272004,high_energy,max_similarity,0.24,0.7816,0.32,0.88,0.0,1.0,0.05,0.010387885842468612,1.0
20272004,high_energy,max_similarity,0.48,1.0,0.0,0.88,0.0,1.0,0.05,0.010387885842468612,1.0
20272004,low_energy,weighted,0.12,0.664,0.7,0.88,0.0,1.0,0.04,0.010567270097744658,1.0
20272004,low_energy,weighted,0.24,0.756,0.34,0.88,0.0,1.0,0.04,0.010567270097744658,1.0
20272004,low_energy,weighted,0.48,0.7824,0.32,0.88,0.0,1.0,0.04,0.010567270097744658,1.0
20272004,low_energy,equal,0.12,0.6552,0.68,0.88,0.0,1.0,0.04,0.010567270097744658,1.0
20272004,low_energy,equal,0.24,0.7632,0.34,0.88,0.0,1.0,0.04,0.010567270097744658,1.0
20272004,low_energy,equal,0.48,0.9303999999999999,0.18,0.88,0.0,1.0,0.04,0.010567270097744658,1.0
20272004,low_energy,reconstruction,0.12,0.58,0.74,0.84,0.0,0.96,0.04,0.010567270097744658,1.0
20272004,low_energy,reconstruction,0.24,0.6312,0.62,0.84,0.0,0.96,0.04,0.010567270097744658,1.0
20272004,low_energy,reconstruction,0.48,0.6944,0.48,0.84,0.0,0.96,0.04,0.010567270097744658,1.0
20272004,low_energy,max_similarity,0.12,0.6896,0.58,0.88,0.0,1.0,0.04,0.010567270097744658,1.0
20272004,low_energy,max_similarity,0.24,0.7816,0.32,0.88,0.0,1.0,0.04,0.010567270097744658,1.0
20272004,low_energy,max_similarity,0.48,1.0,0.0,0.88,0.0,1.0,0.04,0.010567270097744658,1.0
20272005,no_replay,weighted,0.12,0.7080000000000001,0.52,0.88,0.0,1.0,0.04,0.010703191851894665,1.0
20272005,no_replay,weighted,0.24,0.9776,0.04,0.88,0.0,1.0,0.04,0.010703191851894665,1.0
20272005,no_replay,weighted,0.48,1.0,0.0,0.88,0.0,1.0,0.04,0.010703191851894665,1.0
20272005,no_replay,equal,0.12,0.7080000000000001,0.52,0.88,0.0,1.0,0.04,0.010703191851894665,1.0
20272005,no_replay,equal,0.24,0.9776,0.04,0.88,0.0,1.0,0.04,0.010703191851894665,1.0
20272005,no_replay,equal,0.48,1.0,0.0,0.88,0.0,1.0,0.04,0.010703191851894665,1.0
20272005,no_replay,reconstruction,0.12,0.5496,0.86,0.84,0.0,1.0,0.04,0.010703191851894665,1.0
20272005,no_replay,reconstruction,0.24,0.6512,0.64,0.84,0.0,1.0,0.04,0.010703191851894665,1.0
20272005,no_replay,reconstruction,0.48,0.8464,0.24,0.84,0.0,1.0,0.04,0.010703191851894665,1.0
20272005,no_replay,max_similarity,0.12,0.7216,0.52,0.84,0.0,1.0,0.04,0.010703191851894665,1.0
20272005,no_replay,max_similarity,0.24,0.9863999999999999,0.0,0.84,0.0,1.0,0.04,0.010703191851894665,1.0
20272005,no_replay,max_similarity,0.48,1.0,0.0,0.84,0.0,1.0,0.04,0.010703191851894665,1.0
20272005,random_replay,weighted,0.12,0.6328,0.64,0.84,0.0,1.0,0.04,0.010631594583746391,1.0
20272005,random_replay,weighted,0.24,0.7616,0.36,0.84,0.0,1.0,0.04,0.010631594583746391,1.0
20272005,random_replay,weighted,0.48,0.7824,0.32,0.84,0.0,1.0,0.04,0.010631594583746391,1.0
20272005,random_replay,equal,0.12,0.624,0.64,0.76,0.0,1.0,0.04,0.010631594583746391,1.0
20272005,random_replay,equal,0.24,0.7664000000000001,0.34,0.76,0.0,1.0,0.04,0.010631594583746391,1.0
20272005,random_replay,equal,0.48,0.9568,0.08,0.76,0.0,1.0,0.04,0.010631594583746391,1.0
20272005,random_replay,reconstruction,0.12,0.5776,0.74,0.88,0.0,0.96,0.04,0.010631594583746391,1.0
20272005,random_replay,reconstruction,0.24,0.6472,0.64,0.88,0.0,0.96,0.04,0.010631594583746391,1.0
20272005,random_replay,reconstruction,0.48,0.7256,0.44,0.88,0.0,0.96,0.04,0.010631594583746391,1.0
20272005,random_replay,max_similarity,0.12,0.6496000000000001,0.66,0.88,0.0,1.0,0.04,0.010631594583746391,1.0
20272005,random_replay,max_similarity,0.24,0.7856,0.32,0.88,0.0,1.0,0.04,0.010631594583746391,1.0
20272005,random_replay,max_similarity,0.48,1.0,0.0,0.88,0.0,1.0,0.04,0.010631594583746391,1.0
20272005,high_energy,weighted,0.12,0.6447999999999999,0.6,0.8,0.0,1.0,0.05,0.010446544718022305,1.0
20272005,high_energy,weighted,0.24,0.7688,0.34,0.8,0.0,1.0,0.05,0.010446544718022305,1.0
20272005,high_energy,weighted,0.48,0.7824,0.32,0.8,0.0,1.0,0.05,0.010446544718022305,1.0
20272005,high_energy,equal,0.12,0.6312,0.62,0.8,0.0,1.0,0.05,0.010446544718022305,1.0
20272005,high_energy,equal,0.24,0.7696000000000001,0.32,0.8,0.0,1.0,0.05,0.010446544718022305,1.0
20272005,high_energy,equal,0.48,0.9656,0.04,0.8,0.0,1.0,0.05,0.010446544718022305,1.0
20272005,high_energy,reconstruction,0.12,0.5831999999999999,0.72,0.84,0.0,1.0,0.05,0.010446544718022305,1.0
20272005,high_energy,reconstruction,0.24,0.6432,0.64,0.84,0.0,1.0,0.05,0.010446544718022305,1.0
20272005,high_energy,reconstruction,0.48,0.7352,0.4,0.84,0.0,1.0,0.05,0.010446544718022305,1.0
20272005,high_energy,max_similarity,0.12,0.6584000000000001,0.64,0.88,0.0,1.0,0.05,0.010446544718022305,1.0
20272005,high_energy,max_similarity,0.24,0.7856,0.32,0.88,0.0,1.0,0.05,0.010446544718022305,1.0
20272005,high_energy,max_similarity,0.48,1.0,0.0,0.88,0.0,1.0,0.05,0.010446544718022305,1.0
20272005,low_energy,weighted,0.12,0.6328,0.64,0.84,0.0,1.0,0.04,0.010631594583746391,1.0
20272005,low_energy,weighted,0.24,0.7616,0.36,0.84,0.0,1.0,0.04,0.010631594583746391,1.0
20272005,low_energy,weighted,0.48,0.7824,0.32,0.84,0.0,1.0,0.04,0.010631594583746391,1.0
20272005,low_energy,equal,0.12,0.624,0.66,0.84,0.0,1.0,0.04,0.010631594583746391,1.0
20272005,low_energy,equal,0.24,0.7664000000000001,0.36,0.84,0.0,1.0,0.04,0.010631594583746391,1.0
20272005,low_energy,equal,0.48,0.9568,0.12,0.84,0.0,1.0,0.04,0.010631594583746391,1.0
20272005,low_energy,reconstruction,0.12,0.5776,0.72,0.84,0.0,0.96,0.04,0.010631594583746391,1.0
20272005,low_energy,reconstruction,0.24,0.6472,0.6,0.84,0.0,0.96,0.04,0.010631594583746391,1.0
20272005,low_energy,reconstruction,0.48,0.7256,0.44,0.84,0.0,0.96,0.04,0.010631594583746391,1.0
20272005,low_energy,max_similarity,0.12,0.6496000000000001,0.66,0.88,0.0,1.0,0.04,0.010631594583746391,1.0
20272005,low_energy,max_similarity,0.24,0.7856,0.32,0.88,0.0,1.0,0.04,0.010631594583746391,1.0
20272005,low_energy,max_similarity,0.48,1.0,0.0,0.88,0.0,1.0,0.04,0.010631594583746391,1.0
20272006,no_replay,weighted,0.12,0.6624,0.74,0.8,0.0,1.0,0.04,0.010637847215674226,1.0
20272006,no_replay,weighted,0.24,0.9688,0.06,0.8,0.0,1.0,0.04,0.010637847215674226,1.0
20272006,no_replay,weighted,0.48,1.0,0.0,0.8,0.0,1.0,0.04,0.010637847215674226,1.0
20272006,no_replay,equal,0.12,0.6624,0.74,0.8,0.0,1.0,0.04,0.010637847215674226,1.0
20272006,no_replay,equal,0.24,0.9688,0.06,0.8,0.0,1.0,0.04,0.010637847215674226,1.0
20272006,no_replay,equal,0.48,1.0,0.0,0.8,0.0,1.0,0.04,0.010637847215674226,1.0
20272006,no_replay,reconstruction,0.12,0.5264,0.78,0.84,0.0,1.0,0.04,0.010637847215674226,1.0
20272006,no_replay,reconstruction,0.24,0.6048,0.64,0.84,0.0,1.0,0.04,0.010637847215674226,1.0
20272006,no_replay,reconstruction,0.48,0.8248,0.26,0.84,0.0,1.0,0.04,0.010637847215674226,1.0
20272006,no_replay,max_similarity,0.12,0.728,0.66,0.88,0.0,1.0,0.04,0.010637847215674226,1.0
20272006,no_replay,max_similarity,0.24,0.9888,0.04,0.88,0.0,1.0,0.04,0.010637847215674226,1.0
20272006,no_replay,max_similarity,0.48,1.0,0.0,0.88,0.0,1.0,0.04,0.010637847215674226,1.0
20272006,random_replay,weighted,0.12,0.6328,0.68,0.84,0.0,1.0,0.04,0.010603824742819878,1.0
20272006,random_replay,weighted,0.24,0.772,0.36,0.84,0.0,1.0,0.04,0.010603824742819878,1.0
20272006,random_replay,weighted,0.48,0.7824,0.32,0.84,0.0,1.0,0.04,0.010603824742819878,1.0
20272006,random_replay,equal,0.12,0.6224000000000001,0.72,0.88,0.0,1.0,0.04,0.010603824742819878,1.0
20272006,random_replay,equal,0.24,0.772,0.36,0.88,0.0,1.0,0.04,0.010603824742819878,1.0
20272006,random_replay,equal,0.48,0.9464,0.18,0.88,0.0,1.0,0.04,0.010603824742819878,1.0
20272006,random_replay,reconstruction,0.12,0.5768000000000001,0.72,0.84,0.0,0.92,0.04,0.010603824742819878,1.0
20272006,random_replay,reconstruction,0.24,0.6272,0.64,0.84,0.0,0.92,0.04,0.010603824742819878,1.0
20272006,random_replay,reconstruction,0.48,0.7488,0.36,0.84,0.0,0.92,0.04,0.010603824742819878,1.0
20272006,random_replay,max_similarity,0.12,0.6568,0.7,0.88,0.0,1.0,0.04,0.010603824742819878,1.0
20272006,random_replay,max_similarity,0.24,0.7928,0.32,0.88,0.0,1.0,0.04,0.010603824742819878,1.0
20272006,random_replay,max_similarity,0.48,1.0,0.0,0.88,0.0,1.0,0.04,0.010603824742819878,1.0
20272006,high_energy,weighted,0.12,0.6328,0.68,0.84,0.0,1.0,0.04,0.010603824742819878,1.0
20272006,high_energy,weighted,0.24,0.772,0.36,0.84,0.0,1.0,0.04,0.010603824742819878,1.0
20272006,high_energy,weighted,0.48,0.7824,0.32,0.84,0.0,1.0,0.04,0.010603824742819878,1.0
20272006,high_energy,equal,0.12,0.6224000000000001,0.68,0.84,0.0,1.0,0.04,0.010603824742819878,1.0
20272006,high_energy,equal,0.24,0.772,0.36,0.84,0.0,1.0,0.04,0.010603824742819878,1.0
20272006,high_energy,equal,0.48,0.9464,0.16,0.84,0.0,1.0,0.04,0.010603824742819878,1.0
20272006,high_energy,reconstruction,0.12,0.5768000000000001,0.74,0.84,0.0,0.96,0.04,0.010603824742819878,1.0
20272006,high_energy,reconstruction,0.24,0.6272,0.64,0.84,0.0,0.96,0.04,0.010603824742819878,1.0
20272006,high_energy,reconstruction,0.48,0.7488,0.38,0.84,0.0,0.96,0.04,0.010603824742819878,1.0
20272006,high_energy,max_similarity,0.12,0.6568,0.7,0.88,0.0,1.0,0.04,0.010603824742819878,1.0
20272006,high_energy,max_similarity,0.24,0.7928,0.32,0.88,0.0,1.0,0.04,0.010603824742819878,1.0
20272006,high_energy,max_similarity,0.48,1.0,0.0,0.88,0.0,1.0,0.04,0.010603824742819878,1.0
20272006,low_energy,weighted,0.12,0.6352,0.78,0.88,0.0,1.0,0.04,0.010556078016051901,1.0
20272006,low_energy,weighted,0.24,0.756,0.38,0.88,0.0,1.0,0.04,0.010556078016051901,1.0
20272006,low_energy,weighted,0.48,0.7824,0.32,0.88,0.0,1.0,0.04,0.010556078016051901,1.0
20272006,low_energy,equal,0.12,0.6248,0.78,0.88,0.0,1.0,0.04,0.010556078016051901,1.0
20272006,low_energy,equal,0.24,0.76,0.38,0.88,0.0,1.0,0.04,0.010556078016051901,1.0
20272006,low_energy,equal,0.48,0.9423999999999999,0.22,0.88,0.0,1.0,0.04,0.010556078016051901,1.0
20272006,low_energy,reconstruction,0.12,0.5760000000000001,0.74,0.88,0.0,0.8,0.04,0.010556078016051901,1.0
20272006,low_energy,reconstruction,0.24,0.6288,0.66,0.88,0.0,0.8,0.04,0.010556078016051901,1.0
20272006,low_energy,reconstruction,0.48,0.7352000000000001,0.42,0.88,0.0,0.8,0.04,0.010556078016051901,1.0
20272006,low_energy,max_similarity,0.12,0.6728,0.72,0.96,0.0,1.0,0.04,0.010556078016051901,1.0
20272006,low_energy,max_similarity,0.24,0.7944,0.32,0.96,0.0,1.0,0.04,0.010556078016051901,1.0
20272006,low_energy,max_similarity,0.48,1.0,0.0,0.96,0.0,1.0,0.04,0.010556078016051901,1.0
20272007,no_replay,weighted,0.12,0.756,0.9,1.0,0.0,1.0,0.04,0.010473903497105575,1.0
20272007,no_replay,weighted,0.24,0.9984,0.14,1.0,0.0,1.0,0.04,0.010473903497105575,1.0
20272007,no_replay,weighted,0.48,1.0,0.0,1.0,0.0,1.0,0.04,0.010473903497105575,1.0
20272007,no_replay,equal,0.12,0.756,0.9,1.0,0.0,1.0,0.04,0.010473903497105575,1.0
20272007,no_replay,equal,0.24,0.9984,0.14,1.0,0.0,1.0,0.04,0.010473903497105575,1.0
20272007,no_replay,equal,0.48,1.0,0.0,1.0,0.0,1.0,0.04,0.010473903497105575,1.0
20272007,no_replay,reconstruction,0.12,0.5344,0.94,0.96,0.0,1.0,0.04,0.010473903497105575,1.0
20272007,no_replay,reconstruction,0.24,0.6392,0.78,0.96,0.0,1.0,0.04,0.010473903497105575,1.0
20272007,no_replay,reconstruction,0.48,0.896,0.42,0.96,0.0,1.0,0.04,0.010473903497105575,1.0
20272007,no_replay,max_similarity,0.12,0.7896000000000001,0.9,1.0,0.0,1.0,0.04,0.010473903497105575,1.0
20272007,no_replay,max_similarity,0.24,1.0,0.04,1.0,0.0,1.0,0.04,0.010473903497105575,1.0
20272007,no_replay,max_similarity,0.48,1.0,0.0,1.0,0.0,1.0,0.04,0.010473903497105575,1.0
20272007,random_replay,weighted,0.12,0.6744000000000001,0.9,0.96,0.0,1.0,0.04,0.010513459166150723,1.0
20272007,random_replay,weighted,0.24,0.7712,0.34,0.96,0.0,1.0,0.04,0.010513459166150723,1.0
20272007,random_replay,weighted,0.48,0.7824,0.32,0.96,0.0,1.0,0.04,0.010513459166150723,1.0
20272007,random_replay,equal,0.12,0.6704,0.9,0.96,0.0,1.0,0.04,0.010513459166150723,1.0
20272007,random_replay,equal,0.24,0.776,0.32,0.96,0.0,1.0,0.04,0.010513459166150723,1.0
20272007,random_replay,equal,0.48,0.9672000000000001,0.18,0.96,0.0,1.0,0.04,0.010513459166150723,1.0
20272007,random_replay,reconstruction,0.12,0.5735999999999999,0.82,0.92,0.0,0.96,0.04,0.010513459166150723,1.0
20272007,random_replay,reconstruction,0.24,0.6335999999999999,0.72,0.92,0.0,0.96,0.04,0.010513459166150723,1.0
20272007,random_replay,reconstruction,0.48,0.7392,0.48,0.92,0.0,0.96,0.04,0.010513459166150723,1.0
20272007,random_replay,max_similarity,0.12,0.6896,0.88,1.0,0.0,1.0,0.04,0.010513459166150723,1.0
20272007,random_replay,max_similarity,0.24,0.8335999999999999,0.34,1.0,0.0,1.0,0.04,0.010513459166150723,1.0
20272007,random_replay,max_similarity,0.48,1.0,0.0,1.0,0.0,1.0,0.04,0.010513459166150723,1.0
20272007,high_energy,weighted,0.12,0.6864,0.9,1.0,0.0,1.0,0.05,0.010288301519647623,1.0
20272007,high_energy,weighted,0.24,0.7824,0.32,1.0,0.0,1.0,0.05,0.010288301519647623,1.0
20272007,high_energy,weighted,0.48,0.7824,0.32,1.0,0.0,1.0,0.05,0.010288301519647623,1.0
20272007,high_energy,equal,0.12,0.6736,0.9,1.0,0.0,1.0,0.05,0.010288301519647623,1.0
20272007,high_energy,equal,0.24,0.7824,0.32,1.0,0.0,1.0,0.05,0.010288301519647623,1.0
20272007,high_energy,equal,0.48,0.9767999999999999,0.14,1.0,0.0,1.0,0.05,0.010288301519647623,1.0
20272007,high_energy,reconstruction,0.12,0.5728,0.86,0.96,0.0,0.92,0.05,0.010288301519647623,1.0
20272007,high_energy,reconstruction,0.24,0.6368,0.74,0.96,0.0,0.92,0.05,0.010288301519647623,1.0
20272007,high_energy,reconstruction,0.48,0.7496,0.44,0.96,0.0,0.92,0.05,0.010288301519647623,1.0
20272007,high_energy,max_similarity,0.12,0.6896,0.88,1.0,0.0,1.0,0.05,0.010288301519647623,1.0
20272007,high_energy,max_similarity,0.24,0.8208,0.34,1.0,0.0,1.0,0.05,0.010288301519647623,1.0
20272007,high_energy,max_similarity,0.48,1.0,0.0,1.0,0.0,1.0,0.05,0.010288301519647623,1.0
20272007,low_energy,weighted,0.12,0.6744000000000001,0.92,0.96,0.0,1.0,0.04,0.010513459166150723,1.0
20272007,low_energy,weighted,0.24,0.7712,0.34,0.96,0.0,1.0,0.04,0.010513459166150723,1.0
20272007,low_energy,weighted,0.48,0.7824,0.32,0.96,0.0,1.0,0.04,0.010513459166150723,1.0
20272007,low_energy,equal,0.12,0.6704,0.9,0.96,0.0,1.0,0.04,0.010513459166150723,1.0
20272007,low_energy,equal,0.24,0.776,0.36,0.96,0.0,1.0,0.04,0.010513459166150723,1.0
20272007,low_energy,equal,0.48,0.9672000000000001,0.2,0.96,0.0,1.0,0.04,0.010513459166150723,1.0
20272007,low_energy,reconstruction,0.12,0.5735999999999999,0.82,0.88,0.0,0.92,0.04,0.010513459166150723,1.0
20272007,low_energy,reconstruction,0.24,0.6335999999999999,0.72,0.88,0.0,0.92,0.04,0.010513459166150723,1.0
20272007,low_energy,reconstruction,0.48,0.7392,0.48,0.88,0.0,0.92,0.04,0.010513459166150723,1.0
20272007,low_energy,max_similarity,0.12,0.6896,0.88,1.0,0.0,1.0,0.04,0.010513459166150723,1.0
20272007,low_energy,max_similarity,0.24,0.8335999999999999,0.34,1.0,0.0,1.0,0.04,0.010513459166150723,1.0
20272007,low_energy,max_similarity,0.48,1.0,0.0,1.0,0.0,1.0,0.04,0.010513459166150723,1.0
20272008,no_replay,weighted,0.12,0.7256,0.58,0.84,0.0,1.0,0.04,0.010729547122966093,1.0
20272008,no_replay,weighted,0.24,0.9768,0.04,0.84,0.0,1.0,0.04,0.010729547122966093,1.0
20272008,no_replay,weighted,0.48,1.0,0.0,0.84,0.0,1.0,0.04,0.010729547122966093,1.0
20272008,no_replay,equal,0.12,0.7256,0.58,0.84,0.0,1.0,0.04,0.010729547122966093,1.0
20272008,no_replay,equal,0.24,0.9768,0.04,0.84,0.0,1.0,0.04,0.010729547122966093,1.0
20272008,no_replay,equal,0.48,1.0,0.0,0.84,0.0,1.0,0.04,0.010729547122966093,1.0
20272008,no_replay,reconstruction,0.12,0.5272,0.72,0.76,0.0,1.0,0.04,0.010729547122966093,1.0
20272008,no_replay,reconstruction,0.24,0.6032,0.6,0.76,0.0,1.0,0.04,0.010729547122966093,1.0
20272008,no_replay,reconstruction,0.48,0.8064,0.3,0.76,0.0,1.0,0.04,0.010729547122966093,1.0
20272008,no_replay,max_similarity,0.12,0.7536,0.56,0.8,0.0,1.0,0.04,0.010729547122966093,1.0
20272008,no_replay,max_similarity,0.24,0.9856,0.04,0.8,0.0,1.0,0.04,0.010729547122966093,1.0
20272008,no_replay,max_similarity,0.48,1.0,0.0,0.8,0.0,1.0,0.04,0.010729547122966093,1.0
20272008,random_replay,weighted,0.12,0.6512,0.64,0.88,0.0,1.0,0.04,0.01063340050221192,1.0
20272008,random_replay,weighted,0.24,0.7704,0.36,0.88,0.0,1.0,0.04,0.01063340050221192,1.0
20272008,random_replay,weighted,0.48,0.7824,0.32,0.88,0.0,1.0,0.04,0.01063340050221192,1.0
20272008,random_replay,equal,0.12,0.6448,0.66,0.88,0.0,1.0,0.04,0.01063340050221192,1.0
20272008,random_replay,equal,0.24,0.7744,0.36,0.88,0.0,1.0,0.04,0.01063340050221192,1.0
20272008,random_replay,equal,0.48,0.9736,0.04,0.88,0.0,1.0,0.04,0.01063340050221192,1.0
20272008,random_replay,reconstruction,0.12,0.5608000000000001,0.68,0.8,0.0,0.92,0.04,0.01063340050221192,1.0
20272008,random_replay,reconstruction,0.24,0.6144,0.58,0.8,0.0,0.92,0.04,0.01063340050221192,1.0
20272008,random_replay,reconstruction,0.48,0.7032,0.5,0.8,0.0,0.92,0.04,0.01063340050221192,1.0
20272008,random_replay,max_similarity,0.12,0.676,0.6,0.84,0.0,1.0,0.04,0.01063340050221192,1.0
20272008,random_replay,max_similarity,0.24,0.7776000000000001,0.32,0.84,0.0,1.0,0.04,0.01063340050221192,1.0
20272008,random_replay,max_similarity,0.48,1.0,0.0,0.84,0.0,1.0,0.04,0.01063340050221192,1.0
20272008,high_energy,weighted,0.12,0.6512,0.64,0.88,0.0,1.0,0.04,0.01063340050221192,1.0
20272008,high_energy,weighted,0.24,0.7704,0.36,0.88,0.0,1.0,0.04,0.01063340050221192,1.0
20272008,high_energy,weighted,0.48,0.7824,0.32,0.88,0.0,1.0,0.04,0.01063340050221192,1.0
20272008,high_energy,equal,0.12,0.6448,0.64,0.88,0.0,1.0,0.04,0.01063340050221192,1.0
20272008,high_energy,equal,0.24,0.7744,0.36,0.88,0.0,1.0,0.04,0.01063340050221192,1.0
20272008,high_energy,equal,0.48,0.9736,0.04,0.88,0.0,1.0,0.04,0.01063340050221192,1.0
20272008,high_energy,reconstruction,0.12,0.5608000000000001,0.7,0.8,0.0,0.92,0.04,0.01063340050221192,1.0
20272008,high_energy,reconstruction,0.24,0.6144,0.58,0.8,0.0,0.92,0.04,0.01063340050221192,1.0
20272008,high_energy,reconstruction,0.48,0.7032,0.5,0.8,0.0,0.92,0.04,0.01063340050221192,1.0
20272008,high_energy,max_similarity,0.12,0.676,0.6,0.84,0.0,1.0,0.04,0.01063340050221192,1.0
20272008,high_energy,max_similarity,0.24,0.7776000000000001,0.32,0.84,0.0,1.0,0.04,0.01063340050221192,1.0
20272008,high_energy,max_similarity,0.48,1.0,0.0,0.84,0.0,1.0,0.04,0.01063340050221192,1.0
20272008,low_energy,weighted,0.12,0.6464000000000001,0.72,0.84,0.0,1.0,0.04,0.010608181356561617,1.0
20272008,low_energy,weighted,0.24,0.7527999999999999,0.36,0.84,0.0,1.0,0.04,0.010608181356561617,1.0
20272008,low_energy,weighted,0.48,0.7824,0.32,0.84,0.0,1.0,0.04,0.010608181356561617,1.0
20272008,low_energy,equal,0.12,0.64,0.72,0.84,0.0,1.0,0.04,0.010608181356561617,1.0
20272008,low_energy,equal,0.24,0.7592,0.36,0.84,0.0,1.0,0.04,0.010608181356561617,1.0
20272008,low_energy,equal,0.48,0.9456,0.12,0.84,0.0,1.0,0.04,0.010608181356561617,1.0
20272008,low_energy,reconstruction,0.12,0.576,0.68,0.8,0.0,0.92,0.04,0.010608181356561617,1.0
20272008,low_energy,reconstruction,0.24,0.6272,0.58,0.8,0.0,0.92,0.04,0.010608181356561617,1.0
20272008,low_energy,reconstruction,0.48,0.704,0.48,0.8,0.0,0.92,0.04,0.010608181356561617,1.0
20272008,low_energy,max_similarity,0.12,0.672,0.62,0.84,0.0,1.0,0.04,0.010608181356561617,1.0
20272008,low_energy,max_similarity,0.24,0.7776000000000001,0.32,0.84,0.0,1.0,0.04,0.010608181356561617,1.0
20272008,low_energy,max_similarity,0.48,1.0,0.0,0.84,0.0,1.0,0.04,0.010608181356561617,1.0
20272009,no_replay,weighted,0.12,0.6951999999999999,0.76,0.88,0.0,1.0,0.04,0.010585523304804017,1.0
20272009,no_replay,weighted,0.24,0.9663999999999999,0.14,0.88,0.0,1.0,0.04,0.010585523304804017,1.0
20272009,no_replay,weighted,0.48,1.0,0.0,0.88,0.0,1.0,0.04,0.010585523304804017,1.0
20272009,no_replay,equal,0.12,0.6951999999999999,0.76,0.88,0.0,1.0,0.04,0.010585523304804017,1.0
20272009,no_replay,equal,0.24,0.9663999999999999,0.14,0.88,0.0,1.0,0.04,0.010585523304804017,1.0
20272009,no_replay,equal,0.48,1.0,0.0,0.88,0.0,1.0,0.04,0.010585523304804017,1.0
20272009,no_replay,reconstruction,0.12,0.5344,0.86,0.92,0.0,1.0,0.04,0.010585523304804017,1.0
20272009,no_replay,reconstruction,0.24,0.6072,0.7,0.92,0.0,1.0,0.04,0.010585523304804017,1.0
20272009,no_replay,reconstruction,0.48,0.8216,0.36,0.92,0.0,1.0,0.04,0.010585523304804017,1.0
20272009,no_replay,max_similarity,0.12,0.7303999999999999,0.68,0.88,0.0,1.0,0.04,0.010585523304804017,1.0
20272009,no_replay,max_similarity,0.24,0.9896,0.06,0.88,0.0,1.0,0.04,0.010585523304804017,1.0
20272009,no_replay,max_similarity,0.48,1.0,0.0,0.88,0.0,1.0,0.04,0.010585523304804017,1.0
20272009,random_replay,weighted,0.12,0.6295999999999999,0.82,0.88,0.0,1.0,0.04,0.010469944686265529,1.0
20272009,random_replay,weighted,0.24,0.7455999999999999,0.44,0.88,0.0,1.0,0.04,0.010469944686265529,1.0
20272009,random_replay,weighted,0.48,0.7824,0.32,0.88,0.0,1.0,0.04,0.010469944686265529,1.0
20272009,random_replay,equal,0.12,0.6312,0.82,0.88,0.0,1.0,0.04,0.010469944686265529,1.0
20272009,random_replay,equal,0.24,0.7527999999999999,0.46,0.88,0.0,1.0,0.04,0.010469944686265529,1.0
20272009,random_replay,equal,0.48,0.9632,0.16,0.88,0.0,1.0,0.04,0.010469944686265529,1.0
20272009,random_replay,reconstruction,0.12,0.5568,0.86,1.0,0.0,0.8,0.04,0.010469944686265529,1.0
20272009,random_replay,reconstruction,0.24,0.588,0.82,1.0,0.0,0.8,0.04,0.010469944686265529,1.0
20272009,random_replay,reconstruction,0.48,0.716,0.56,1.0,0.0,0.8,0.04,0.010469944686265529,1.0
20272009,random_replay,max_similarity,0.12,0.6544000000000001,0.7,0.92,0.0,1.0,0.04,0.010469944686265529,1.0
20272009,random_replay,max_similarity,0.24,0.7872000000000001,0.34,0.92,0.0,1.0,0.04,0.010469944686265529,1.0
20272009,random_replay,max_similarity,0.48,1.0,0.0,0.92,0.0,1.0,0.04,0.010469944686265529,1.0
20272009,high_energy,weighted,0.12,0.636,0.8,0.92,0.0,1.0,0.06,0.010079403829092759,1.0
20272009,high_energy,weighted,0.24,0.7648,0.4,0.92,0.0,1.0,0.06,0.010079403829092759,1.0
20272009,high_energy,weighted,0.48,0.7824,0.32,0.92,0.0,1.0,0.06,0.010079403829092759,1.0
20272009,high_energy,equal,0.12,0.6328,0.76,0.92,0.0,1.0,0.06,0.010079403829092759,1.0
20272009,high_energy,equal,0.24,0.768,0.4,0.92,0.0,1.0,0.06,0.010079403829092759,1.0
20272009,high_energy,equal,0.48,0.9704,0.16,0.92,0.0,1.0,0.06,0.010079403829092759,1.0
20272009,high_energy,reconstruction,0.12,0.556,0.84,0.96,0.0,0.8,0.06,0.010079403829092759,1.0
20272009,high_energy,reconstruction,0.24,0.5871999999999999,0.78,0.96,0.0,0.8,0.06,0.010079403829092759,1.0
20272009,high_energy,reconstruction,0.48,0.7216,0.52,0.96,0.0,0.8,0.06,0.010079403829092759,1.0
20272009,high_energy,max_similarity,0.12,0.6544,0.7,0.92,0.0,1.0,0.06,0.010079403829092759,1.0
20272009,high_energy,max_similarity,0.24,0.7872000000000001,0.34,0.92,0.0,1.0,0.06,0.010079403829092759,1.0
20272009,high_energy,max_similarity,0.48,1.0,0.0,0.92,0.0,1.0,0.06,0.010079403829092759,1.0
20272009,low_energy,weighted,0.12,0.6295999999999999,0.82,0.88,0.0,1.0,0.04,0.010469944686265529,1.0
20272009,low_energy,weighted,0.24,0.7455999999999999,0.46,0.88,0.0,1.0,0.04,0.010469944686265529,1.0
20272009,low_energy,weighted,0.48,0.7824,0.32,0.88,0.0,1.0,0.04,0.010469944686265529,1.0
20272009,low_energy,equal,0.12,0.6312,0.82,0.88,0.0,1.0,0.04,0.010469944686265529,1.0
20272009,low_energy,equal,0.24,0.7527999999999999,0.46,0.88,0.0,1.0,0.04,0.010469944686265529,1.0
20272009,low_energy,equal,0.48,0.9632,0.16,0.88,0.0,1.0,0.04,0.010469944686265529,1.0
20272009,low_energy,reconstruction,0.12,0.5568,0.86,1.0,0.0,0.8,0.04,0.010469944686265529,1.0
20272009,low_energy,reconstruction,0.24,0.588,0.8,1.0,0.0,0.8,0.04,0.010469944686265529,1.0
20272009,low_energy,reconstruction,0.48,0.716,0.54,1.0,0.0,0.8,0.04,0.010469944686265529,1.0
20272009,low_energy,max_similarity,0.12,0.6544000000000001,0.7,0.92,0.0,1.0,0.04,0.010469944686265529,1.0
20272009,low_energy,max_similarity,0.24,0.7872000000000001,0.34,0.92,0.0,1.0,0.04,0.010469944686265529,1.0
20272009,low_energy,max_similarity,0.48,1.0,0.0,0.92,0.0,1.0,0.04,0.010469944686265529,1.0
20272010,no_replay,weighted,0.12,0.7976,0.52,0.92,0.0,1.0,0.04,0.01072105150640766,1.0
20272010,no_replay,weighted,0.24,0.9952,0.02,0.92,0.0,1.0,0.04,0.01072105150640766,1.0
20272010,no_replay,weighted,0.48,1.0,0.0,0.92,0.0,1.0,0.04,0.01072105150640766,1.0
20272010,no_replay,equal,0.12,0.7976,0.52,0.92,0.0,1.0,0.04,0.01072105150640766,1.0
20272010,no_replay,equal,0.24,0.9952,0.02,0.92,0.0,1.0,0.04,0.01072105150640766,1.0
20272010,no_replay,equal,0.48,1.0,0.0,0.92,0.0,1.0,0.04,0.01072105150640766,1.0
20272010,no_replay,reconstruction,0.12,0.5624,0.76,0.76,0.0,1.0,0.04,0.01072105150640766,1.0
20272010,no_replay,reconstruction,0.24,0.6592,0.56,0.76,0.0,1.0,0.04,0.01072105150640766,1.0
20272010,no_replay,reconstruction,0.48,0.8696,0.18,0.76,0.0,1.0,0.04,0.01072105150640766,1.0
20272010,no_replay,max_similarity,0.12,0.7951999999999999,0.38,0.84,0.0,1.0,0.04,0.01072105150640766,1.0
20272010,no_replay,max_similarity,0.24,0.9992,0.0,0.84,0.0,1.0,0.04,0.01072105150640766,1.0
20272010,no_replay,max_similarity,0.48,1.0,0.0,0.84,0.0,1.0,0.04,0.01072105150640766,1.0
20272010,random_replay,weighted,0.12,0.6992,0.48,0.88,0.0,1.0,0.05,0.010397420178696652,1.0
20272010,random_replay,weighted,0.24,0.7784,0.34,0.88,0.0,1.0,0.05,0.010397420178696652,1.0
20272010,random_replay,weighted,0.48,0.7824,0.32,0.88,0.0,1.0,0.05,0.010397420178696652,1.0
20272010,random_replay,equal,0.12,0.6928,0.52,0.88,0.0,1.0,0.05,0.010397420178696652,1.0
20272010,random_replay,equal,0.24,0.7792,0.32,0.88,0.0,1.0,0.05,0.010397420178696652,1.0
20272010,random_replay,equal,0.48,0.9712,0.1,0.88,0.0,1.0,0.05,0.010397420178696652,1.0
20272010,random_replay,reconstruction,0.12,0.5960000000000001,0.74,0.84,0.0,0.92,0.05,0.010397420178696652,1.0
20272010,random_replay,reconstruction,0.24,0.6568,0.6,0.84,0.0,0.92,0.05,0.010397420178696652,1.0
20272010,random_replay,reconstruction,0.48,0.7320000000000001,0.42,0.84,0.0,0.92,0.05,0.010397420178696652,1.0
20272010,random_replay,max_similarity,0.12,0.6943999999999999,0.5,0.84,0.0,1.0,0.05,0.010397420178696652,1.0
20272010,random_replay,max_similarity,0.24,0.7816,0.32,0.84,0.0,1.0,0.05,0.010397420178696652,1.0
20272010,random_replay,max_similarity,0.48,1.0,0.0,0.84,0.0,1.0,0.05,0.010397420178696652,1.0
20272010,high_energy,weighted,0.12,0.6992,0.48,0.88,0.0,1.0,0.05,0.010397420178696652,1.0
20272010,high_energy,weighted,0.24,0.7784,0.34,0.88,0.0,1.0,0.05,0.010397420178696652,1.0
20272010,high_energy,weighted,0.48,0.7824,0.32,0.88,0.0,1.0,0.05,0.010397420178696652,1.0
20272010,high_energy,equal,0.12,0.6928,0.52,0.88,0.0,1.0,0.05,0.010397420178696652,1.0
20272010,high_energy,equal,0.24,0.7792,0.32,0.88,0.0,1.0,0.05,0.010397420178696652,1.0
20272010,high_energy,equal,0.48,0.9712,0.1,0.88,0.0,1.0,0.05,0.010397420178696652,1.0
20272010,high_energy,reconstruction,0.12,0.5960000000000001,0.76,0.84,0.0,0.92,0.05,0.010397420178696652,1.0
20272010,high_energy,reconstruction,0.24,0.6568,0.6,0.84,0.0,0.92,0.05,0.010397420178696652,1.0
20272010,high_energy,reconstruction,0.48,0.7320000000000001,0.42,0.84,0.0,0.92,0.05,0.010397420178696652,1.0
20272010,high_energy,max_similarity,0.12,0.6943999999999999,0.5,0.84,0.0,1.0,0.05,0.010397420178696652,1.0
20272010,high_energy,max_similarity,0.24,0.7816,0.32,0.84,0.0,1.0,0.05,0.010397420178696652,1.0
20272010,high_energy,max_similarity,0.48,1.0,0.0,0.84,0.0,1.0,0.05,0.010397420178696652,1.0
20272010,low_energy,weighted,0.12,0.6824,0.56,0.88,0.0,1.0,0.04,0.010568455886754775,1.0
20272010,low_energy,weighted,0.24,0.7672,0.34,0.88,0.0,1.0,0.04,0.010568455886754775,1.0
20272010,low_energy,weighted,0.48,0.7824,0.32,0.88,0.0,1.0,0.04,0.010568455886754775,1.0
20272010,low_energy,equal,0.12,0.6784,0.56,0.88,0.0,1.0,0.04,0.010568455886754775,1.0
20272010,low_energy,equal,0.24,0.7744000000000001,0.34,0.88,0.0,1.0,0.04,0.010568455886754775,1.0
20272010,low_energy,equal,0.48,0.96,0.16,0.88,0.0,1.0,0.04,0.010568455886754775,1.0
20272010,low_energy,reconstruction,0.12,0.584,0.8,0.84,0.0,0.92,0.04,0.010568455886754775,1.0
20272010,low_energy,reconstruction,0.24,0.6536,0.64,0.84,0.0,0.92,0.04,0.010568455886754775,1.0
20272010,low_energy,reconstruction,0.48,0.7248,0.46,0.84,0.0,0.92,0.04,0.010568455886754775,1.0
20272010,low_energy,max_similarity,0.12,0.6872,0.52,0.84,0.0,1.0,0.04,0.010568455886754775,1.0
20272010,low_energy,max_similarity,0.24,0.7816,0.32,0.84,0.0,1.0,0.04,0.010568455886754775,1.0
20272010,low_energy,max_similarity,0.48,1.0,0.0,0.84,0.0,1.0,0.04,0.010568455886754775,1.0
20272011,no_replay,weighted,0.12,0.7152000000000001,0.78,0.96,0.0,1.0,0.04,0.010566434004580304,1.0
20272011,no_replay,weighted,0.24,0.98,0.12,0.96,0.0,1.0,0.04,0.010566434004580304,1.0
20272011,no_replay,weighted,0.48,1.0,0.0,0.96,0.0,1.0,0.04,0.010566434004580304,1.0
20272011,no_replay,equal,0.12,0.7152000000000001,0.78,0.96,0.0,1.0,0.04,0.010566434004580304,1.0
20272011,no_replay,equal,0.24,0.98,0.12,0.96,0.0,1.0,0.04,0.010566434004580304,1.0
20272011,no_replay,equal,0.48,1.0,0.0,0.96,0.0,1.0,0.04,0.010566434004580304,1.0
20272011,no_replay,reconstruction,0.12,0.5232,0.9,0.88,0.0,1.0,0.04,0.010566434004580304,1.0
20272011,no_replay,reconstruction,0.24,0.6008,0.74,0.88,0.0,1.0,0.04,0.010566434004580304,1.0
20272011,no_replay,reconstruction,0.48,0.8056000000000001,0.4,0.88,0.0,1.0,0.04,0.010566434004580304,1.0
20272011,no_replay,max_similarity,0.12,0.768,0.66,0.96,0.0,1.0,0.04,0.010566434004580304,1.0
20272011,no_replay,max_similarity,0.24,0.992,0.04,0.96,0.0,1.0,0.04,0.010566434004580304,1.0
20272011,no_replay,max_similarity,0.48,1.0,0.0,0.96,0.0,1.0,0.04,0.010566434004580304,1.0
20272011,random_replay,weighted,0.12,0.644,0.76,0.92,0.0,1.0,0.04,0.010549790456354666,1.0
20272011,random_replay,weighted,0.24,0.7552,0.36,0.92,0.0,1.0,0.04,0.010549790456354666,1.0
20272011,random_replay,weighted,0.48,0.7824,0.32,0.92,0.0,1.0,0.04,0.010549790456354666,1.0
20272011,random_replay,equal,0.12,0.6424,0.76,0.92,0.0,1.0,0.04,0.010549790456354666,1.0
20272011,random_replay,equal,0.24,0.7632,0.34,0.92,0.0,1.0,0.04,0.010549790456354666,1.0
20272011,random_replay,equal,0.48,0.9448,0.16,0.92,0.0,1.0,0.04,0.010549790456354666,1.0
20272011,random_replay,reconstruction,0.12,0.5504,0.82,0.92,0.0,0.92,0.04,0.010549790456354666,1.0
20272011,random_replay,reconstruction,0.24,0.5864,0.72,0.92,0.0,0.92,0.04,0.010549790456354666,1.0
20272011,random_replay,reconstruction,0.48,0.708,0.5,0.92,0.0,0.92,0.04,0.010549790456354666,1.0
20272011,random_replay,max_similarity,0.12,0.6808000000000001,0.7,0.92,0.0,1.0,0.04,0.010549790456354666,1.0
20272011,random_replay,max_similarity,0.24,0.7952,0.32,0.92,0.0,1.0,0.04,0.010549790456354666,1.0
20272011,random_replay,max_similarity,0.48,1.0,0.0,0.92,0.0,1.0,0.04,0.010549790456354666,1.0
20272011,high_energy,weighted,0.12,0.6512,0.72,0.88,0.0,1.0,0.04,0.010567203781472976,1.0
20272011,high_energy,weighted,0.24,0.776,0.34,0.88,0.0,1.0,0.04,0.010567203781472976,1.0
20272011,high_energy,weighted,0.48,0.7824,0.32,0.88,0.0,1.0,0.04,0.010567203781472976,1.0
20272011,high_energy,equal,0.12,0.648,0.74,0.88,0.0,1.0,0.04,0.010567203781472976,1.0
20272011,high_energy,equal,0.24,0.7792,0.32,0.88,0.0,1.0,0.04,0.010567203781472976,1.0
20272011,high_energy,equal,0.48,0.9560000000000001,0.12,0.88,0.0,1.0,0.04,0.010567203781472976,1.0
20272011,high_energy,reconstruction,0.12,0.5576,0.82,0.92,0.0,0.92,0.04,0.010567203781472976,1.0
20272011,high_energy,reconstruction,0.24,0.5928,0.74,0.92,0.0,0.92,0.04,0.010567203781472976,1.0
20272011,high_energy,reconstruction,0.48,0.7136,0.46,0.92,0.0,0.92,0.04,0.010567203781472976,1.0
20272011,high_energy,max_similarity,0.12,0.6776,0.7,0.92,0.0,1.0,0.04,0.010567203781472976,1.0
20272011,high_energy,max_similarity,0.24,0.7951999999999999,0.32,0.92,0.0,1.0,0.04,0.010567203781472976,1.0
20272011,high_energy,max_similarity,0.48,1.0,0.0,0.92,0.0,1.0,0.04,0.010567203781472976,1.0
20272011,low_energy,weighted,0.12,0.644,0.76,0.92,0.0,1.0,0.04,0.010549790456354666,1.0
20272011,low_energy,weighted,0.24,0.7552,0.38,0.92,0.0,1.0,0.04,0.010549790456354666,1.0
20272011,low_energy,weighted,0.48,0.7824,0.32,0.92,0.0,1.0,0.04,0.010549790456354666,1.0
20272011,low_energy,equal,0.12,0.6424,0.78,0.92,0.0,1.0,0.04,0.010549790456354666,1.0
20272011,low_energy,equal,0.24,0.7632,0.38,0.92,0.0,1.0,0.04,0.010549790456354666,1.0
20272011,low_energy,equal,0.48,0.9448,0.2,0.92,0.0,1.0,0.04,0.010549790456354666,1.0
20272011,low_energy,reconstruction,0.12,0.5504,0.8,0.92,0.0,0.92,0.04,0.010549790456354666,1.0
20272011,low_energy,reconstruction,0.24,0.5864,0.72,0.92,0.0,0.92,0.04,0.010549790456354666,1.0
20272011,low_energy,reconstruction,0.48,0.708,0.5,0.92,0.0,0.92,0.04,0.010549790456354666,1.0
20272011,low_energy,max_similarity,0.12,0.6808000000000001,0.7,0.92,0.0,1.0,0.04,0.010549790456354666,1.0
20272011,low_energy,max_similarity,0.24,0.7952,0.32,0.92,0.0,1.0,0.04,0.010549790456354666,1.0
20272011,low_energy,max_similarity,0.48,1.0,0.0,0.92,0.0,1.0,0.04,0.010549790456354666,1.0
20272012,no_replay,weighted,0.12,0.7096,0.52,0.88,0.0,1.0,0.04,0.010744800340114989,1.0
20272012,no_replay,weighted,0.24,0.9776,0.06,0.88,0.0,1.0,0.04,0.010744800340114989,1.0
20272012,no_replay,weighted,0.48,1.0,0.0,0.88,0.0,1.0,0.04,0.010744800340114989,1.0
20272012,no_replay,equal,0.12,0.7096,0.52,0.88,0.0,1.0,0.04,0.010744800340114989,1.0
20272012,no_replay,equal,0.24,0.9776,0.06,0.88,0.0,1.0,0.04,0.010744800340114989,1.0
20272012,no_replay,equal,0.48,1.0,0.0,0.88,0.0,1.0,0.04,0.010744800340114989,1.0
20272012,no_replay,reconstruction,0.12,0.516,0.74,0.72,0.0,1.0,0.04,0.010744800340114989,1.0
20272012,no_replay,reconstruction,0.24,0.58,0.62,0.72,0.0,1.0,0.04,0.010744800340114989,1.0
20272012,no_replay,reconstruction,0.48,0.78,0.34,0.72,0.0,1.0,0.04,0.010744800340114989,1.0
20272012,no_replay,max_similarity,0.12,0.8024,0.48,0.84,0.0,1.0,0.04,0.010744800340114989,1.0
20272012,no_replay,max_similarity,0.24,0.9896,0.06,0.84,0.0,1.0,0.04,0.010744800340114989,1.0
20272012,no_replay,max_similarity,0.48,1.0,0.0,0.84,0.0,1.0,0.04,0.010744800340114989,1.0
20272012,random_replay,weighted,0.12,0.6416000000000001,0.66,0.8,0.0,1.0,0.04,0.010513762848491766,1.0
20272012,random_replay,weighted,0.24,0.7576,0.32,0.8,0.0,1.0,0.04,0.010513762848491766,1.0
20272012,random_replay,weighted,0.48,0.7824,0.32,0.8,0.0,1.0,0.04,0.010513762848491766,1.0
20272012,random_replay,equal,0.12,0.6416,0.66,0.8,0.0,1.0,0.04,0.010513762848491766,1.0
20272012,random_replay,equal,0.24,0.7624,0.32,0.8,0.0,1.0,0.04,0.010513762848491766,1.0
20272012,random_replay,equal,0.48,0.9376,0.14,0.8,0.0,1.0,0.04,0.010513762848491766,1.0
20272012,random_replay,reconstruction,0.12,0.556,0.88,0.92,0.0,0.76,0.04,0.010513762848491766,1.0
20272012,random_replay,reconstruction,0.24,0.5976,0.76,0.92,0.0,0.76,0.04,0.010513762848491766,1.0
20272012,random_replay,reconstruction,0.48,0.7064,0.5,0.92,0.0,0.76,0.04,0.010513762848491766,1.0
20272012,random_replay,max_similarity,0.12,0.6848000000000001,0.52,0.84,0.0,1.0,0.04,0.010513762848491766,1.0
20272012,random_replay,max_similarity,0.24,0.7752,0.32,0.84,0.0,1.0,0.04,0.010513762848491766,1.0
20272012,random_replay,max_similarity,0.48,1.0,0.0,0.84,0.0,1.0,0.04,0.010513762848491766,1.0
20272012,high_energy,weighted,0.12,0.6488,0.64,0.84,0.0,1.0,0.04,0.010475261048040892,1.0
20272012,high_energy,weighted,0.24,0.7752,0.32,0.84,0.0,1.0,0.04,0.010475261048040892,1.0
20272012,high_energy,weighted,0.48,0.7824,0.32,0.84,0.0,1.0,0.04,0.010475261048040892,1.0
20272012,high_energy,equal,0.12,0.6447999999999999,0.66,0.84,0.0,1.0,0.04,0.010475261048040892,1.0
20272012,high_energy,equal,0.24,0.7752,0.32,0.84,0.0,1.0,0.04,0.010475261048040892,1.0
20272012,high_energy,equal,0.48,0.9432,0.14,0.84,0.0,1.0,0.04,0.010475261048040892,1.0
20272012,high_energy,reconstruction,0.12,0.5544,0.82,0.8,0.0,0.84,0.04,0.010475261048040892,1.0
20272012,high_energy,reconstruction,0.24,0.6008,0.72,0.8,0.0,0.84,0.04,0.010475261048040892,1.0
20272012,high_energy,reconstruction,0.48,0.7048,0.48,0.8,0.0,0.84,0.04,0.010475261048040892,1.0
20272012,high_energy,max_similarity,0.12,0.6872,0.48,0.84,0.0,1.0,0.04,0.010475261048040892,1.0
20272012,high_energy,max_similarity,0.24,0.7752,0.32,0.84,0.0,1.0,0.04,0.010475261048040892,1.0
20272012,high_energy,max_similarity,0.48,1.0,0.0,0.84,0.0,1.0,0.04,0.010475261048040892,1.0
20272012,low_energy,weighted,0.12,0.6416000000000001,0.66,0.84,0.0,1.0,0.04,0.010513762848491766,1.0
20272012,low_energy,weighted,0.24,0.7576,0.34,0.84,0.0,1.0,0.04,0.010513762848491766,1.0
20272012,low_energy,weighted,0.48,0.7824,0.32,0.84,0.0,1.0,0.04,0.010513762848491766,1.0
20272012,low_energy,equal,0.12,0.6416,0.66,0.84,0.0,1.0,0.04,0.010513762848491766,1.0
20272012,low_energy,equal,0.24,0.7624,0.34,0.84,0.0,1.0,0.04,0.010513762848491766,1.0
20272012,low_energy,equal,0.48,0.9376,0.16,0.84,0.0,1.0,0.04,0.010513762848491766,1.0
20272012,low_energy,reconstruction,0.12,0.556,0.88,0.92,0.0,0.76,0.04,0.010513762848491766,1.0
20272012,low_energy,reconstruction,0.24,0.5976,0.76,0.92,0.0,0.76,0.04,0.010513762848491766,1.0
20272012,low_energy,reconstruction,0.48,0.7064,0.5,0.92,0.0,0.76,0.04,0.010513762848491766,1.0
20272012,low_energy,max_similarity,0.12,0.6848000000000001,0.52,0.84,0.0,1.0,0.04,0.010513762848491766,1.0
20272012,low_energy,max_similarity,0.24,0.7752,0.32,0.84,0.0,1.0,0.04,0.010513762848491766,1.0
20272012,low_energy,max_similarity,0.48,1.0,0.0,0.84,0.0,1.0,0.04,0.010513762848491766,1.0
20272013,no_replay,weighted,0.12,0.7488,0.58,0.88,0.0,1.0,0.04,0.010579607880885982,1.0
20272013,no_replay,weighted,0.24,0.9664,0.08,0.88,0.0,1.0,0.04,0.010579607880885982,1.0
20272013,no_replay,weighted,0.48,1.0,0.0,0.88,0.0,1.0,0.04,0.010579607880885982,1.0
20272013,no_replay,equal,0.12,0.7488,0.58,0.88,0.0,1.0,0.04,0.010579607880885982,1.0
20272013,no_replay,equal,0.24,0.9664,0.08,0.88,0.0,1.0,0.04,0.010579607880885982,1.0
20272013,no_replay,equal,0.48,1.0,0.0,0.88,0.0,1.0,0.04,0.010579607880885982,1.0
20272013,no_replay,reconstruction,0.12,0.524,0.84,0.88,0.0,1.0,0.04,0.010579607880885982,1.0
20272013,no_replay,reconstruction,0.24,0.6072,0.72,0.88,0.0,1.0,0.04,0.010579607880885982,1.0
20272013,no_replay,reconstruction,0.48,0.8240000000000001,0.32,0.88,0.0,1.0,0.04,0.010579607880885982,1.0
20272013,no_replay,max_similarity,0.12,0.7495999999999999,0.46,0.84,0.0,1.0,0.04,0.010579607880885982,1.0
20272013,no_replay,max_similarity,0.24,0.9872000000000001,0.0,0.84,0.0,1.0,0.04,0.010579607880885982,1.0
20272013,no_replay,max_similarity,0.48,1.0,0.0,0.84,0.0,1.0,0.04,0.010579607880885982,1.0
20272013,random_replay,weighted,0.12,0.6752,0.62,0.92,0.0,1.0,0.04,0.010573943342374284,1.0
20272013,random_replay,weighted,0.24,0.7544000000000001,0.34,0.92,0.0,1.0,0.04,0.010573943342374284,1.0
20272013,random_replay,weighted,0.48,0.7816,0.32,0.92,0.0,1.0,0.04,0.010573943342374284,1.0
20272013,random_replay,equal,0.12,0.6688000000000001,0.62,0.92,0.0,1.0,0.04,0.010573943342374284,1.0
20272013,random_replay,equal,0.24,0.7575999999999999,0.34,0.92,0.0,1.0,0.04,0.010573943342374284,1.0
20272013,random_replay,equal,0.48,0.9239999999999999,0.16,0.92,0.0,1.0,0.04,0.010573943342374284,1.0
20272013,random_replay,reconstruction,0.12,0.5776,0.74,0.84,0.0,0.96,0.04,0.010573943342374284,1.0
20272013,random_replay,reconstruction,0.24,0.6368,0.6,0.84,0.0,0.96,0.04,0.010573943342374284,1.0
20272013,random_replay,reconstruction,0.48,0.7352000000000001,0.42,0.84,0.0,0.96,0.04,0.010573943342374284,1.0
20272013,random_replay,max_similarity,0.12,0.6848,0.56,0.88,0.0,1.0,0.04,0.010573943342374284,1.0
20272013,random_replay,max_similarity,0.24,0.7792,0.32,0.88,0.0,1.0,0.04,0.010573943342374284,1.0
20272013,random_replay,max_similarity,0.48,1.0,0.0,0.88,0.0,1.0,0.04,0.010573943342374284,1.0
20272013,high_energy,weighted,0.12,0.6848,0.62,0.92,0.0,1.0,0.05,0.010379605878505765,1.0
20272013,high_energy,weighted,0.24,0.7776000000000001,0.34,0.92,0.0,1.0,0.05,0.010379605878505765,1.0
20272013,high_energy,weighted,0.48,0.7824,0.32,0.92,0.0,1.0,0.05,0.010379605878505765,1.0
20272013,high_energy,equal,0.12,0.6744,0.6,0.92,0.0,1.0,0.05,0.010379605878505765,1.0
20272013,high_energy,equal,0.24,0.7792,0.34,0.92,0.0,1.0,0.05,0.010379605878505765,1.0
20272013,high_energy,equal,0.48,0.9328000000000001,0.14,0.92,0.0,1.0,0.05,0.010379605878505765,1.0
20272013,high_energy,reconstruction,0.12,0.5808000000000001,0.7,0.84,0.0,0.92,0.05,0.010379605878505765,1.0
20272013,high_energy,reconstruction,0.24,0.648,0.58,0.84,0.0,0.92,0.05,0.010379605878505765,1.0
20272013,high_energy,reconstruction,0.48,0.7400000000000001,0.42,0.84,0.0,0.92,0.05,0.010379605878505765,1.0
20272013,high_energy,max_similarity,0.12,0.6928000000000001,0.56,0.88,0.0,1.0,0.05,0.010379605878505765,1.0
20272013,high_energy,max_similarity,0.24,0.7807999999999999,0.32,0.88,0.0,1.0,0.05,0.010379605878505765,1.0
20272013,high_energy,max_similarity,0.48,1.0,0.0,0.88,0.0,1.0,0.05,0.010379605878505765,1.0
20272013,low_energy,weighted,0.12,0.6752,0.64,0.92,0.0,1.0,0.04,0.010573943342374284,1.0
20272013,low_energy,weighted,0.24,0.7544000000000001,0.34,0.92,0.0,1.0,0.04,0.010573943342374284,1.0
20272013,low_energy,weighted,0.48,0.7816,0.32,0.92,0.0,1.0,0.04,0.010573943342374284,1.0
20272013,low_energy,equal,0.12,0.6688000000000001,0.64,0.92,0.0,1.0,0.04,0.010573943342374284,1.0
20272013,low_energy,equal,0.24,0.7575999999999999,0.34,0.92,0.0,1.0,0.04,0.010573943342374284,1.0
20272013,low_energy,equal,0.48,0.9239999999999999,0.18,0.92,0.0,1.0,0.04,0.010573943342374284,1.0
20272013,low_energy,reconstruction,0.12,0.5776,0.7,0.8,0.0,0.96,0.04,0.010573943342374284,1.0
20272013,low_energy,reconstruction,0.24,0.6368,0.6,0.8,0.0,0.96,0.04,0.010573943342374284,1.0
20272013,low_energy,reconstruction,0.48,0.7352000000000001,0.42,0.8,0.0,0.96,0.04,0.010573943342374284,1.0
20272013,low_energy,max_similarity,0.12,0.6848,0.56,0.88,0.0,1.0,0.04,0.010573943342374284,1.0
20272013,low_energy,max_similarity,0.24,0.7792,0.32,0.88,0.0,1.0,0.04,0.010573943342374284,1.0
20272013,low_energy,max_similarity,0.48,1.0,0.0,0.88,0.0,1.0,0.04,0.010573943342374284,1.0
20272014,no_replay,weighted,0.12,0.7312000000000001,0.64,0.96,0.0,1.0,0.04,0.01055843399372508,1.0
20272014,no_replay,weighted,0.24,0.9775999999999999,0.04,0.96,0.0,1.0,0.04,0.01055843399372508,1.0
20272014,no_replay,weighted,0.48,1.0,0.0,0.96,0.0,1.0,0.04,0.01055843399372508,1.0
20272014,no_replay,equal,0.12,0.7312000000000001,0.64,0.96,0.0,1.0,0.04,0.01055843399372508,1.0
20272014,no_replay,equal,0.24,0.9775999999999999,0.04,0.96,0.0,1.0,0.04,0.01055843399372508,1.0
20272014,no_replay,equal,0.48,1.0,0.0,0.96,0.0,1.0,0.04,0.01055843399372508,1.0
20272014,no_replay,reconstruction,0.12,0.5472,0.82,0.84,0.0,1.0,0.04,0.01055843399372508,1.0
20272014,no_replay,reconstruction,0.24,0.64,0.68,0.84,0.0,1.0,0.04,0.01055843399372508,1.0
20272014,no_replay,reconstruction,0.48,0.8448,0.28,0.84,0.0,1.0,0.04,0.01055843399372508,1.0
20272014,no_replay,max_similarity,0.12,0.7552000000000001,0.52,0.96,0.0,1.0,0.04,0.01055843399372508,1.0
20272014,no_replay,max_similarity,0.24,0.9992,0.02,0.96,0.0,1.0,0.04,0.01055843399372508,1.0
20272014,no_replay,max_similarity,0.48,1.0,0.0,0.96,0.0,1.0,0.04,0.01055843399372508,1.0
20272014,random_replay,weighted,0.12,0.6544,0.72,0.92,0.0,1.0,0.04,0.01047875736673959,1.0
20272014,random_replay,weighted,0.24,0.7559999999999999,0.32,0.92,0.0,1.0,0.04,0.01047875736673959,1.0
20272014,random_replay,weighted,0.48,0.7824,0.32,0.92,0.0,1.0,0.04,0.01047875736673959,1.0
20272014,random_replay,equal,0.12,0.656,0.72,0.88,0.0,1.0,0.04,0.01047875736673959,1.0
20272014,random_replay,equal,0.24,0.7592,0.32,0.88,0.0,1.0,0.04,0.01047875736673959,1.0
20272014,random_replay,equal,0.48,0.9591999999999999,0.18,0.88,0.0,1.0,0.04,0.01047875736673959,1.0
20272014,random_replay,reconstruction,0.12,0.5888,0.86,0.88,0.0,0.8,0.04,0.01047875736673959,1.0
20272014,random_replay,reconstruction,0.24,0.644,0.7,0.88,0.0,0.8,0.04,0.01047875736673959,1.0
20272014,random_replay,reconstruction,0.48,0.732,0.46,0.88,0.0,0.8,0.04,0.01047875736673959,1.0
20272014,random_replay,max_similarity,0.12,0.6720000000000002,0.68,0.96,0.0,1.0,0.04,0.01047875736673959,1.0
20272014,random_replay,max_similarity,0.24,0.7944,0.32,0.96,0.0,1.0,0.04,0.01047875736673959,1.0
20272014,random_replay,max_similarity,0.48,1.0,0.0,0.96,0.0,1.0,0.04,0.01047875736673959,1.0
20272014,high_energy,weighted,0.12,0.6568,0.68,0.92,0.0,1.0,0.05,0.010308547753736635,1.0
20272014,high_energy,weighted,0.24,0.7816,0.32,0.92,0.0,1.0,0.05,0.010308547753736635,1.0
20272014,high_energy,weighted,0.48,0.7824,0.32,0.92,0.0,1.0,0.05,0.010308547753736635,1.0
20272014,high_energy,equal,0.12,0.6544,0.7,0.92,0.0,1.0,0.05,0.010308547753736635,1.0
20272014,high_energy,equal,0.24,0.7816,0.32,0.92,0.0,1.0,0.05,0.010308547753736635,1.0
20272014,high_energy,equal,0.48,0.9688,0.14,0.92,0.0,1.0,0.05,0.010308547753736635,1.0
20272014,high_energy,reconstruction,0.12,0.5864,0.8,0.88,0.0,0.84,0.05,0.010308547753736635,1.0
20272014,high_energy,reconstruction,0.24,0.6487999999999999,0.68,0.88,0.0,0.84,0.05,0.010308547753736635,1.0
20272014,high_energy,reconstruction,0.48,0.7296,0.42,0.88,0.0,0.84,0.05,0.010308547753736635,1.0
20272014,high_energy,max_similarity,0.12,0.6768,0.68,1.0,0.0,1.0,0.05,0.010308547753736635,1.0
20272014,high_energy,max_similarity,0.24,0.7951999999999999,0.32,1.0,0.0,1.0,0.05,0.010308547753736635,1.0
20272014,high_energy,max_similarity,0.48,0.9999999999999999,0.0,1.0,0.0,1.0,0.05,0.010308547753736635,1.0
20272014,low_energy,weighted,0.12,0.6544,0.72,0.92,0.0,1.0,0.04,0.01047875736673959,1.0
20272014,low_energy,weighted,0.24,0.7559999999999999,0.32,0.92,0.0,1.0,0.04,0.01047875736673959,1.0
20272014,low_energy,weighted,0.48,0.7824,0.32,0.92,0.0,1.0,0.04,0.01047875736673959,1.0
20272014,low_energy,equal,0.12,0.656,0.74,0.92,0.0,1.0,0.04,0.01047875736673959,1.0
20272014,low_energy,equal,0.24,0.7592,0.32,0.92,0.0,1.0,0.04,0.01047875736673959,1.0
20272014,low_energy,equal,0.48,0.9591999999999999,0.18,0.92,0.0,1.0,0.04,0.01047875736673959,1.0
20272014,low_energy,reconstruction,0.12,0.5888,0.84,0.88,0.0,0.8,0.04,0.01047875736673959,1.0
20272014,low_energy,reconstruction,0.24,0.644,0.68,0.88,0.0,0.8,0.04,0.01047875736673959,1.0
20272014,low_energy,reconstruction,0.48,0.732,0.46,0.88,0.0,0.8,0.04,0.01047875736673959,1.0
20272014,low_energy,max_similarity,0.12,0.6720000000000002,0.68,0.96,0.0,1.0,0.04,0.01047875736673959,1.0
20272014,low_energy,max_similarity,0.24,0.7944,0.32,0.96,0.0,1.0,0.04,0.01047875736673959,1.0
20272014,low_energy,max_similarity,0.48,1.0,0.0,0.96,0.0,1.0,0.04,0.01047875736673959,1.0
20272015,no_replay,weighted,0.12,0.7288,0.48,0.68,0.0,1.0,0.04,0.010783176162006356,1.0
20272015,no_replay,weighted,0.24,0.9776,0.02,0.68,0.0,1.0,0.04,0.010783176162006356,1.0
20272015,no_replay,weighted,0.48,1.0,0.0,0.68,0.0,1.0,0.04,0.010783176162006356,1.0
20272015,no_replay,equal,0.12,0.7288,0.48,0.68,0.0,1.0,0.04,0.010783176162006356,1.0
20272015,no_replay,equal,0.24,0.9776,0.02,0.68,0.0,1.0,0.04,0.010783176162006356,1.0
20272015,no_replay,equal,0.48,1.0,0.0,0.68,0.0,1.0,0.04,0.010783176162006356,1.0
20272015,no_replay,reconstruction,0.12,0.5608,0.7,0.68,0.0,1.0,0.04,0.010783176162006356,1.0
20272015,no_replay,reconstruction,0.24,0.664,0.46,0.68,0.0,1.0,0.04,0.010783176162006356,1.0
20272015,no_replay,reconstruction,0.48,0.8191999999999999,0.28,0.68,0.0,1.0,0.04,0.010783176162006356,1.0
20272015,no_replay,max_similarity,0.12,0.7616,0.44,0.68,0.0,1.0,0.04,0.010783176162006356,1.0
20272015,no_replay,max_similarity,0.24,0.9855999999999999,0.0,0.68,0.0,1.0,0.04,0.010783176162006356,1.0
20272015,no_replay,max_similarity,0.48,1.0,0.0,0.68,0.0,1.0,0.04,0.010783176162006356,1.0
20272015,random_replay,weighted,0.12,0.6464000000000001,0.52,0.72,0.0,1.0,0.04,0.010643687777563325,1.0
20272015,random_replay,weighted,0.24,0.7744,0.32,0.72,0.0,1.0,0.04,0.010643687777563325,1.0
20272015,random_replay,weighted,0.48,0.7824,0.32,0.72,0.0,1.0,0.04,0.010643687777563325,1.0
20272015,random_replay,equal,0.12,0.6376000000000001,0.58,0.72,0.0,1.0,0.04,0.010643687777563325,1.0
20272015,random_replay,equal,0.24,0.776,0.32,0.72,0.0,1.0,0.04,0.010643687777563325,1.0
20272015,random_replay,equal,0.48,0.9584,0.08,0.72,0.0,1.0,0.04,0.010643687777563325,1.0
20272015,random_replay,reconstruction,0.12,0.5896,0.66,0.76,0.0,0.92,0.04,0.010643687777563325,1.0
20272015,random_replay,reconstruction,0.24,0.6512,0.56,0.76,0.0,0.92,0.04,0.010643687777563325,1.0
20272015,random_replay,reconstruction,0.48,0.7343999999999999,0.4,0.76,0.0,0.92,0.04,0.010643687777563325,1.0
20272015,random_replay,max_similarity,0.12,0.6607999999999999,0.52,0.64,0.0,1.0,0.04,0.010643687777563325,1.0
20272015,random_replay,max_similarity,0.24,0.7807999999999999,0.32,0.64,0.0,1.0,0.04,0.010643687777563325,1.0
20272015,random_replay,max_similarity,0.48,1.0,0.0,0.64,0.0,1.0,0.04,0.010643687777563325,1.0
20272015,high_energy,weighted,0.12,0.6464000000000001,0.5,0.72,0.0,1.0,0.04,0.010643687777563325,1.0
20272015,high_energy,weighted,0.24,0.7744,0.32,0.72,0.0,1.0,0.04,0.010643687777563325,1.0
20272015,high_energy,weighted,0.48,0.7824,0.32,0.72,0.0,1.0,0.04,0.010643687777563325,1.0
20272015,high_energy,equal,0.12,0.6376000000000001,0.52,0.72,0.0,1.0,0.04,0.010643687777563325,1.0
20272015,high_energy,equal,0.24,0.776,0.32,0.72,0.0,1.0,0.04,0.010643687777563325,1.0
20272015,high_energy,equal,0.48,0.9584,0.08,0.72,0.0,1.0,0.04,0.010643687777563325,1.0
20272015,high_energy,reconstruction,0.12,0.5896,0.66,0.76,0.0,0.92,0.04,0.010643687777563325,1.0
20272015,high_energy,reconstruction,0.24,0.6512,0.56,0.76,0.0,0.92,0.04,0.010643687777563325,1.0
20272015,high_energy,reconstruction,0.48,0.7343999999999999,0.4,0.76,0.0,0.92,0.04,0.010643687777563325,1.0
20272015,high_energy,max_similarity,0.12,0.6607999999999999,0.52,0.64,0.0,1.0,0.04,0.010643687777563325,1.0
20272015,high_energy,max_similarity,0.24,0.7807999999999999,0.32,0.64,0.0,1.0,0.04,0.010643687777563325,1.0
20272015,high_energy,max_similarity,0.48,1.0,0.0,0.64,0.0,1.0,0.04,0.010643687777563325,1.0
20272015,low_energy,weighted,0.12,0.636,0.62,0.68,0.0,1.0,0.04,0.01062474209847911,1.0
20272015,low_energy,weighted,0.24,0.7567999999999999,0.34,0.68,0.0,1.0,0.04,0.01062474209847911,1.0
20272015,low_energy,weighted,0.48,0.7824,0.32,0.68,0.0,1.0,0.04,0.01062474209847911,1.0
20272015,low_energy,equal,0.12,0.6295999999999999,0.64,0.68,0.0,1.0,0.04,0.01062474209847911,1.0
20272015,low_energy,equal,0.24,0.7672,0.34,0.68,0.0,1.0,0.04,0.01062474209847911,1.0
20272015,low_energy,equal,0.48,0.9464,0.08,0.68,0.0,1.0,0.04,0.01062474209847911,1.0
20272015,low_energy,reconstruction,0.12,0.5896,0.64,0.76,0.0,0.92,0.04,0.01062474209847911,1.0
20272015,low_energy,reconstruction,0.24,0.6472,0.58,0.76,0.0,0.92,0.04,0.01062474209847911,1.0
20272015,low_energy,reconstruction,0.48,0.7248000000000001,0.44,0.76,0.0,0.92,0.04,0.01062474209847911,1.0
20272015,low_energy,max_similarity,0.12,0.652,0.58,0.64,0.0,1.0,0.04,0.01062474209847911,1.0
20272015,low_energy,max_similarity,0.24,0.7807999999999999,0.32,0.64,0.0,1.0,0.04,0.01062474209847911,1.0
20272015,low_energy,max_similarity,0.48,1.0,0.0,0.64,0.0,1.0,0.04,0.01062474209847911,1.0
20272016,no_replay,weighted,0.12,0.8032,0.54,0.92,0.0,1.0,0.04,0.01066576371408303,1.0
20272016,no_replay,weighted,0.24,0.9816,0.0,0.92,0.0,1.0,0.04,0.01066576371408303,1.0
20272016,no_replay,weighted,0.48,1.0,0.0,0.92,0.0,1.0,0.04,0.01066576371408303,1.0
20272016,no_replay,equal,0.12,0.8032,0.54,0.92,0.0,1.0,0.04,0.01066576371408303,1.0
20272016,no_replay,equal,0.24,0.9816,0.0,0.92,0.0,1.0,0.04,0.01066576371408303,1.0
20272016,no_replay,equal,0.48,1.0,0.0,0.92,0.0,1.0,0.04,0.01066576371408303,1.0
20272016,no_replay,reconstruction,0.12,0.5536,0.82,0.92,0.0,1.0,0.04,0.01066576371408303,1.0
20272016,no_replay,reconstruction,0.24,0.6592,0.64,0.92,0.0,1.0,0.04,0.01066576371408303,1.0
20272016,no_replay,reconstruction,0.48,0.8735999999999999,0.26,0.92,0.0,1.0,0.04,0.01066576371408303,1.0
20272016,no_replay,max_similarity,0.12,0.8312,0.38,0.88,0.0,1.0,0.04,0.01066576371408303,1.0
20272016,no_replay,max_similarity,0.24,0.9952,0.0,0.88,0.0,1.0,0.04,0.01066576371408303,1.0
20272016,no_replay,max_similarity,0.48,1.0,0.0,0.88,0.0,1.0,0.04,0.01066576371408303,1.0
20272016,random_replay,weighted,0.12,0.6848,0.52,0.92,0.0,1.0,0.04,0.010592110005306375,1.0
20272016,random_replay,weighted,0.24,0.7584000000000001,0.32,0.92,0.0,1.0,0.04,0.010592110005306375,1.0
20272016,random_replay,weighted,0.48,0.7824,0.32,0.92,0.0,1.0,0.04,0.010592110005306375,1.0
20272016,random_replay,equal,0.12,0.684,0.5,0.88,0.0,1.0,0.04,0.010592110005306375,1.0
20272016,random_replay,equal,0.24,0.7648,0.32,0.88,0.0,1.0,0.04,0.010592110005306375,1.0
20272016,random_replay,equal,0.48,0.9447999999999999,0.12,0.88,0.0,1.0,0.04,0.010592110005306375,1.0
20272016,random_replay,reconstruction,0.12,0.5936,0.7,0.84,0.0,1.0,0.04,0.010592110005306375,1.0
20272016,random_replay,reconstruction,0.24,0.6335999999999999,0.64,0.84,0.0,1.0,0.04,0.010592110005306375,1.0
20272016,random_replay,reconstruction,0.48,0.7288,0.48,0.84,0.0,1.0,0.04,0.010592110005306375,1.0
20272016,random_replay,max_similarity,0.12,0.7032,0.46,0.8,0.0,1.0,0.04,0.010592110005306375,1.0
20272016,random_replay,max_similarity,0.24,0.78,0.32,0.8,0.0,1.0,0.04,0.010592110005306375,1.0
20272016,random_replay,max_similarity,0.48,1.0,0.0,0.8,0.0,1.0,0.04,0.010592110005306375,1.0
20272016,high_energy,weighted,0.12,0.684,0.52,0.88,0.0,1.0,0.05,0.010423214438798557,1.0
20272016,high_energy,weighted,0.24,0.7816,0.32,0.88,0.0,1.0,0.05,0.010423214438798557,1.0
20272016,high_energy,weighted,0.48,0.7824,0.32,0.88,0.0,1.0,0.05,0.010423214438798557,1.0
20272016,high_energy,equal,0.12,0.6848,0.5,0.88,0.0,1.0,0.05,0.010423214438798557,1.0
20272016,high_energy,equal,0.24,0.7824,0.32,0.88,0.0,1.0,0.05,0.010423214438798557,1.0
20272016,high_energy,equal,0.48,0.9704,0.04,0.88,0.0,1.0,0.05,0.010423214438798557,1.0
20272016,high_energy,reconstruction,0.12,0.5895999999999999,0.7,0.72,0.0,1.0,0.05,0.010423214438798557,1.0
20272016,high_energy,reconstruction,0.24,0.6312,0.6,0.72,0.0,1.0,0.05,0.010423214438798557,1.0
20272016,high_energy,reconstruction,0.48,0.7248000000000001,0.46,0.72,0.0,1.0,0.05,0.010423214438798557,1.0
20272016,high_energy,max_similarity,0.12,0.7016,0.48,0.84,0.0,1.0,0.05,0.010423214438798557,1.0
20272016,high_energy,max_similarity,0.24,0.78,0.32,0.84,0.0,1.0,0.05,0.010423214438798557,1.0
20272016,high_energy,max_similarity,0.48,1.0,0.0,0.84,0.0,1.0,0.05,0.010423214438798557,1.0
20272016,low_energy,weighted,0.12,0.6848,0.54,0.92,0.0,1.0,0.04,0.010592110005306375,1.0
20272016,low_energy,weighted,0.24,0.7584000000000001,0.32,0.92,0.0,1.0,0.04,0.010592110005306375,1.0
20272016,low_energy,weighted,0.48,0.7824,0.32,0.92,0.0,1.0,0.04,0.010592110005306375,1.0
20272016,low_energy,equal,0.12,0.684,0.56,0.92,0.0,1.0,0.04,0.010592110005306375,1.0
20272016,low_energy,equal,0.24,0.7648,0.32,0.92,0.0,1.0,0.04,0.010592110005306375,1.0
20272016,low_energy,equal,0.48,0.9447999999999999,0.12,0.92,0.0,1.0,0.04,0.010592110005306375,1.0
20272016,low_energy,reconstruction,0.12,0.5936,0.7,0.76,0.0,1.0,0.04,0.010592110005306375,1.0
20272016,low_energy,reconstruction,0.24,0.6335999999999999,0.64,0.76,0.0,1.0,0.04,0.010592110005306375,1.0
20272016,low_energy,reconstruction,0.48,0.7288,0.48,0.76,0.0,1.0,0.04,0.010592110005306375,1.0
20272016,low_energy,max_similarity,0.12,0.7032,0.46,0.84,0.0,1.0,0.04,0.010592110005306375,1.0
20272016,low_energy,max_similarity,0.24,0.78,0.32,0.84,0.0,1.0,0.04,0.010592110005306375,1.0
20272016,low_energy,max_similarity,0.48,1.0,0.0,0.84,0.0,1.0,0.04,0.010592110005306375,1.0
20272017,no_replay,weighted,0.12,0.7656000000000001,0.68,0.88,0.0,1.0,0.04,0.010603441758022874,1.0
20272017,no_replay,weighted,0.24,0.9856,0.0,0.88,0.0,1.0,0.04,0.010603441758022874,1.0
20272017,no_replay,weighted,0.48,1.0,0.0,0.88,0.0,1.0,0.04,0.010603441758022874,1.0
20272017,no_replay,equal,0.12,0.7656000000000001,0.68,0.88,0.0,1.0,0.04,0.010603441758022874,1.0
20272017,no_replay,equal,0.24,0.9856,0.0,0.88,0.0,1.0,0.04,0.010603441758022874,1.0
20272017,no_replay,equal,0.48,1.0,0.0,0.88,0.0,1.0,0.04,0.010603441758022874,1.0
20272017,no_replay,reconstruction,0.12,0.5464,0.8,0.92,0.0,1.0,0.04,0.010603441758022874,1.0
20272017,no_replay,reconstruction,0.24,0.6544000000000001,0.66,0.92,0.0,1.0,0.04,0.010603441758022874,1.0
20272017,no_replay,reconstruction,0.48,0.8776000000000002,0.2,0.92,0.0,1.0,0.04,0.010603441758022874,1.0
20272017,no_replay,max_similarity,0.12,0.7792,0.54,0.88,0.0,1.0,0.04,0.010603441758022874,1.0
20272017,no_replay,max_similarity,0.24,0.9936,0.0,0.88,0.0,1.0,0.04,0.010603441758022874,1.0
20272017,no_replay,max_similarity,0.48,1.0,0.0,0.88,0.0,1.0,0.04,0.010603441758022874,1.0
20272017,random_replay,weighted,0.12,0.6912,0.62,0.92,0.0,1.0,0.04,0.010521334066904144,1.0
20272017,random_replay,weighted,0.24,0.7632,0.32,0.92,0.0,1.0,0.04,0.010521334066904144,1.0
20272017,random_replay,weighted,0.48,0.7824,0.32,0.92,0.0,1.0,0.04,0.010521334066904144,1.0
20272017,random_replay,equal,0.12,0.6824,0.58,0.88,0.0,1.0,0.04,0.010521334066904144,1.0
20272017,random_replay,equal,0.24,0.772,0.32,0.88,0.0,1.0,0.04,0.010521334066904144,1.0
20272017,random_replay,equal,0.48,0.9511999999999999,0.12,0.88,0.0,1.0,0.04,0.010521334066904144,1.0
20272017,random_replay,reconstruction,0.12,0.5831999999999999,0.84,1.0,0.0,0.88,0.04,0.010521334066904144,1.0
20272017,random_replay,reconstruction,0.24,0.6464,0.68,1.0,0.0,0.88,0.04,0.010521334066904144,1.0
20272017,random_replay,reconstruction,0.48,0.744,0.44,1.0,0.0,0.88,0.04,0.010521334066904144,1.0
20272017,random_replay,max_similarity,0.12,0.6880000000000001,0.54,0.88,0.0,1.0,0.04,0.010521334066904144,1.0
20272017,random_replay,max_similarity,0.24,0.792,0.32,0.88,0.0,1.0,0.04,0.010521334066904144,1.0
20272017,random_replay,max_similarity,0.48,1.0,0.0,0.88,0.0,1.0,0.04,0.010521334066904144,1.0
20272017,high_energy,weighted,0.12,0.6944,0.48,0.84,0.0,1.0,0.04,0.010569914004533514,1.0
20272017,high_energy,weighted,0.24,0.78,0.32,0.84,0.0,1.0,0.04,0.010569914004533514,1.0
20272017,high_energy,weighted,0.48,0.7824,0.32,0.84,0.0,1.0,0.04,0.010569914004533514,1.0
20272017,high_energy,equal,0.12,0.6856,0.48,0.84,0.0,1.0,0.04,0.010569914004533514,1.0
20272017,high_energy,equal,0.24,0.78,0.32,0.84,0.0,1.0,0.04,0.010569914004533514,1.0
20272017,high_energy,equal,0.48,0.9632,0.1,0.84,0.0,1.0,0.04,0.010569914004533514,1.0
20272017,high_energy,reconstruction,0.12,0.5792,0.8,0.92,0.0,0.88,0.04,0.010569914004533514,1.0
20272017,high_energy,reconstruction,0.24,0.6472,0.64,0.92,0.0,0.88,0.04,0.010569914004533514,1.0
20272017,high_energy,reconstruction,0.48,0.7528,0.4,0.92,0.0,0.88,0.04,0.010569914004533514,1.0
20272017,high_energy,max_similarity,0.12,0.6928,0.5,0.84,0.0,1.0,0.04,0.010569914004533514,1.0
20272017,high_energy,max_similarity,0.24,0.7928,0.32,0.84,0.0,1.0,0.04,0.010569914004533514,1.0
20272017,high_energy,max_similarity,0.48,1.0,0.0,0.84,0.0,1.0,0.04,0.010569914004533514,1.0
20272017,low_energy,weighted,0.12,0.6912,0.62,0.92,0.0,1.0,0.04,0.010521334066904144,1.0
20272017,low_energy,weighted,0.24,0.7632,0.32,0.92,0.0,1.0,0.04,0.010521334066904144,1.0
20272017,low_energy,weighted,0.48,0.7824,0.32,0.92,0.0,1.0,0.04,0.010521334066904144,1.0
20272017,low_energy,equal,0.12,0.6824,0.62,0.92,0.0,1.0,0.04,0.010521334066904144,1.0
20272017,low_energy,equal,0.24,0.772,0.32,0.92,0.0,1.0,0.04,0.010521334066904144,1.0
20272017,low_energy,equal,0.48,0.9511999999999999,0.12,0.92,0.0,1.0,0.04,0.010521334066904144,1.0
20272017,low_energy,reconstruction,0.12,0.5831999999999999,0.84,0.96,0.0,0.88,0.04,0.010521334066904144,1.0
20272017,low_energy,reconstruction,0.24,0.6464,0.68,0.96,0.0,0.88,0.04,0.010521334066904144,1.0
20272017,low_energy,reconstruction,0.48,0.744,0.44,0.96,0.0,0.88,0.04,0.010521334066904144,1.0
20272017,low_energy,max_similarity,0.12,0.6880000000000001,0.54,0.88,0.0,1.0,0.04,0.010521334066904144,1.0
20272017,low_energy,max_similarity,0.24,0.792,0.32,0.88,0.0,1.0,0.04,0.010521334066904144,1.0
20272017,low_energy,max_similarity,0.48,1.0,0.0,0.88,0.0,1.0,0.04,0.010521334066904144,1.0
20272018,no_replay,weighted,0.12,0.704,0.68,0.84,0.0,1.0,0.04,0.010647748929235193,1.0
20272018,no_replay,weighted,0.24,0.9783999999999999,0.08,0.84,0.0,1.0,0.04,0.010647748929235193,1.0
20272018,no_replay,weighted,0.48,1.0,0.0,0.84,0.0,1.0,0.04,0.010647748929235193,1.0
20272018,no_replay,equal,0.12,0.704,0.68,0.84,0.0,1.0,0.04,0.010647748929235193,1.0
20272018,no_replay,equal,0.24,0.9783999999999999,0.08,0.84,0.0,1.0,0.04,0.010647748929235193,1.0
20272018,no_replay,equal,0.48,1.0,0.0,0.84,0.0,1.0,0.04,0.010647748929235193,1.0
20272018,no_replay,reconstruction,0.12,0.5327999999999999,0.8,0.84,0.0,1.0,0.04,0.010647748929235193,1.0
20272018,no_replay,reconstruction,0.24,0.6232000000000001,0.64,0.84,0.0,1.0,0.04,0.010647748929235193,1.0
20272018,no_replay,reconstruction,0.48,0.8008,0.26,0.84,0.0,1.0,0.04,0.010647748929235193,1.0
20272018,no_replay,max_similarity,0.12,0.7527999999999999,0.62,0.88,0.0,1.0,0.04,0.010647748929235193,1.0
20272018,no_replay,max_similarity,0.24,0.992,0.0,0.88,0.0,1.0,0.04,0.010647748929235193,1.0
20272018,no_replay,max_similarity,0.48,1.0,0.0,0.88,0.0,1.0,0.04,0.010647748929235193,1.0
20272018,random_replay,weighted,0.12,0.6255999999999999,0.7,0.84,0.0,1.0,0.04,0.010526899545792986,1.0
20272018,random_replay,weighted,0.24,0.7496,0.36,0.84,0.0,1.0,0.04,0.010526899545792986,1.0
20272018,random_replay,weighted,0.48,0.7824,0.32,0.84,0.0,1.0,0.04,0.010526899545792986,1.0
20272018,random_replay,equal,0.12,0.6272,0.7,0.8,0.0,1.0,0.04,0.010526899545792986,1.0
20272018,random_replay,equal,0.24,0.76,0.36,0.8,0.0,1.0,0.04,0.010526899545792986,1.0
20272018,random_replay,equal,0.48,0.9543999999999999,0.1,0.8,0.0,1.0,0.04,0.010526899545792986,1.0
20272018,random_replay,reconstruction,0.12,0.5624,0.82,0.88,0.0,0.84,0.04,0.010526899545792986,1.0
20272018,random_replay,reconstruction,0.24,0.6224,0.72,0.88,0.0,0.84,0.04,0.010526899545792986,1.0
20272018,random_replay,reconstruction,0.48,0.6944,0.48,0.88,0.0,0.84,0.04,0.010526899545792986,1.0
20272018,random_replay,max_similarity,0.12,0.6664,0.72,0.84,0.0,1.0,0.04,0.010526899545792986,1.0
20272018,random_replay,max_similarity,0.24,0.7776000000000001,0.32,0.84,0.0,1.0,0.04,0.010526899545792986,1.0
20272018,random_replay,max_similarity,0.48,1.0,0.0,0.84,0.0,1.0,0.04,0.010526899545792986,1.0
20272018,high_energy,weighted,0.12,0.6295999999999999,0.7,0.84,0.0,1.0,0.05,0.010348752761839606,1.0
20272018,high_energy,weighted,0.24,0.7656000000000001,0.36,0.84,0.0,1.0,0.05,0.010348752761839606,1.0
20272018,high_energy,weighted,0.48,0.7824,0.32,0.84,0.0,1.0,0.05,0.010348752761839606,1.0
20272018,high_energy,equal,0.12,0.6304,0.68,0.84,0.0,1.0,0.05,0.010348752761839606,1.0
20272018,high_energy,equal,0.24,0.7688,0.36,0.84,0.0,1.0,0.05,0.010348752761839606,1.0
20272018,high_energy,equal,0.48,0.972,0.08,0.84,0.0,1.0,0.05,0.010348752761839606,1.0
20272018,high_energy,reconstruction,0.12,0.5711999999999999,0.74,0.84,0.0,0.92,0.05,0.010348752761839606,1.0
20272018,high_energy,reconstruction,0.24,0.6208,0.68,0.84,0.0,0.92,0.05,0.010348752761839606,1.0
20272018,high_energy,reconstruction,0.48,0.7016,0.44,0.84,0.0,0.92,0.05,0.010348752761839606,1.0
20272018,high_energy,max_similarity,0.12,0.6616,0.72,0.84,0.0,1.0,0.05,0.010348752761839606,1.0
20272018,high_energy,max_similarity,0.24,0.7768,0.32,0.84,0.0,1.0,0.05,0.010348752761839606,1.0
20272018,high_energy,max_similarity,0.48,1.0,0.0,0.84,0.0,1.0,0.05,0.010348752761839606,1.0
20272018,low_energy,weighted,0.12,0.6255999999999999,0.7,0.84,0.0,1.0,0.04,0.010526899545792986,1.0
20272018,low_energy,weighted,0.24,0.7496,0.36,0.84,0.0,1.0,0.04,0.010526899545792986,1.0
20272018,low_energy,weighted,0.48,0.7824,0.32,0.84,0.0,1.0,0.04,0.010526899545792986,1.0
20272018,low_energy,equal,0.12,0.6272,0.7,0.84,0.0,1.0,0.04,0.010526899545792986,1.0
20272018,low_energy,equal,0.24,0.76,0.36,0.84,0.0,1.0,0.04,0.010526899545792986,1.0
20272018,low_energy,equal,0.48,0.9543999999999999,0.14,0.84,0.0,1.0,0.04,0.010526899545792986,1.0
20272018,low_energy,reconstruction,0.12,0.5624,0.78,0.88,0.0,0.84,0.04,0.010526899545792986,1.0
20272018,low_energy,reconstruction,0.24,0.6224,0.72,0.88,0.0,0.84,0.04,0.010526899545792986,1.0
20272018,low_energy,reconstruction,0.48,0.6944,0.48,0.88,0.0,0.84,0.04,0.010526899545792986,1.0
20272018,low_energy,max_similarity,0.12,0.6664,0.72,0.84,0.0,1.0,0.04,0.010526899545792986,1.0
20272018,low_energy,max_similarity,0.24,0.7776000000000001,0.32,0.84,0.0,1.0,0.04,0.010526899545792986,1.0
20272018,low_energy,max_similarity,0.48,1.0,0.0,0.84,0.0,1.0,0.04,0.010526899545792986,1.0
20272019,no_replay,weighted,0.12,0.7168000000000001,0.44,0.76,0.0,1.0,0.04,0.010691548358642286,1.0
20272019,no_replay,weighted,0.24,0.9576,0.0,0.76,0.0,1.0,0.04,0.010691548358642286,1.0
20272019,no_replay,weighted,0.48,1.0,0.0,0.76,0.0,1.0,0.04,0.010691548358642286,1.0
20272019,no_replay,equal,0.12,0.7168000000000001,0.44,0.76,0.0,1.0,0.04,0.010691548358642286,1.0
20272019,no_replay,equal,0.24,0.9576,0.0,0.76,0.0,1.0,0.04,0.010691548358642286,1.0
20272019,no_replay,equal,0.48,1.0,0.0,0.76,0.0,1.0,0.04,0.010691548358642286,1.0
20272019,no_replay,reconstruction,0.12,0.5392,0.76,0.76,0.0,1.0,0.04,0.010691548358642286,1.0
20272019,no_replay,reconstruction,0.24,0.6224,0.64,0.76,0.0,1.0,0.04,0.010691548358642286,1.0
20272019,no_replay,reconstruction,0.48,0.8176,0.24,0.76,0.0,1.0,0.04,0.010691548358642286,1.0
20272019,no_replay,max_similarity,0.12,0.7288,0.38,0.68,0.0,1.0,0.04,0.010691548358642286,1.0
20272019,no_replay,max_similarity,0.24,0.9752,0.0,0.68,0.0,1.0,0.04,0.010691548358642286,1.0
20272019,no_replay,max_similarity,0.48,1.0,0.0,0.68,0.0,1.0,0.04,0.010691548358642286,1.0
20272019,random_replay,weighted,0.12,0.672,0.42,0.72,0.0,1.0,0.05,0.010412253605509658,1.0
20272019,random_replay,weighted,0.24,0.7824,0.32,0.72,0.0,1.0,0.05,0.010412253605509658,1.0
20272019,random_replay,weighted,0.48,0.7824,0.32,0.72,0.0,1.0,0.05,0.010412253605509658,1.0
20272019,random_replay,equal,0.12,0.6632,0.46,0.76,0.0,1.0,0.05,0.010412253605509658,1.0
20272019,random_replay,equal,0.24,0.7824,0.32,0.76,0.0,1.0,0.05,0.010412253605509658,1.0
20272019,random_replay,equal,0.48,0.9224,0.14,0.76,0.0,1.0,0.05,0.010412253605509658,1.0
20272019,random_replay,reconstruction,0.12,0.5656,0.72,0.8,0.0,0.88,0.05,0.010412253605509658,1.0
20272019,random_replay,reconstruction,0.24,0.6176,0.62,0.8,0.0,0.88,0.05,0.010412253605509658,1.0
20272019,random_replay,reconstruction,0.48,0.744,0.36,0.8,0.0,0.88,0.05,0.010412253605509658,1.0
20272019,random_replay,max_similarity,0.12,0.6808,0.42,0.64,0.0,1.0,0.05,0.010412253605509658,1.0
20272019,random_replay,max_similarity,0.24,0.7824,0.32,0.64,0.0,1.0,0.05,0.010412253605509658,1.0
20272019,random_replay,max_similarity,0.48,1.0,0.0,0.64,0.0,1.0,0.05,0.010412253605509658,1.0
20272019,high_energy,weighted,0.12,0.672,0.42,0.72,0.0,1.0,0.05,0.010412253605509658,1.0
20272019,high_energy,weighted,0.24,0.7824,0.32,0.72,0.0,1.0,0.05,0.010412253605509658,1.0
20272019,high_energy,weighted,0.48,0.7824,0.32,0.72,0.0,1.0,0.05,0.010412253605509658,1.0
20272019,high_energy,equal,0.12,0.6632,0.42,0.72,0.0,1.0,0.05,0.010412253605509658,1.0
20272019,high_energy,equal,0.24,0.7824,0.32,0.72,0.0,1.0,0.05,0.010412253605509658,1.0
20272019,high_energy,equal,0.48,0.9224,0.14,0.72,0.0,1.0,0.05,0.010412253605509658,1.0
20272019,high_energy,reconstruction,0.12,0.5656,0.72,0.8,0.0,0.88,0.05,0.010412253605509658,1.0
20272019,high_energy,reconstruction,0.24,0.6176,0.62,0.8,0.0,0.88,0.05,0.010412253605509658,1.0
20272019,high_energy,reconstruction,0.48,0.744,0.36,0.8,0.0,0.88,0.05,0.010412253605509658,1.0
20272019,high_energy,max_similarity,0.12,0.6808,0.42,0.64,0.0,1.0,0.05,0.010412253605509658,1.0
20272019,high_energy,max_similarity,0.24,0.7824,0.32,0.64,0.0,1.0,0.05,0.010412253605509658,1.0
20272019,high_energy,max_similarity,0.48,1.0,0.0,0.64,0.0,1.0,0.05,0.010412253605509658,1.0
20272019,low_energy,weighted,0.12,0.6688000000000001,0.5,0.76,0.0,1.0,0.04,0.010650264931124557,1.0
20272019,low_energy,weighted,0.24,0.7584000000000001,0.32,0.76,0.0,1.0,0.04,0.010650264931124557,1.0
20272019,low_energy,weighted,0.48,0.7824,0.32,0.76,0.0,1.0,0.04,0.010650264931124557,1.0
20272019,low_energy,equal,0.12,0.6592,0.48,0.76,0.0,1.0,0.04,0.010650264931124557,1.0
20272019,low_energy,equal,0.24,0.7616,0.32,0.76,0.0,1.0,0.04,0.010650264931124557,1.0
20272019,low_energy,equal,0.48,0.8976,0.18,0.76,0.0,1.0,0.04,0.010650264931124557,1.0
20272019,low_energy,reconstruction,0.12,0.5608,0.7,0.72,0.0,0.92,0.04,0.010650264931124557,1.0
20272019,low_energy,reconstruction,0.24,0.6168,0.6,0.72,0.0,0.92,0.04,0.010650264931124557,1.0
20272019,low_energy,reconstruction,0.48,0.7303999999999999,0.4,0.72,0.0,0.92,0.04,0.010650264931124557,1.0
20272019,low_energy,max_similarity,0.12,0.6704000000000001,0.42,0.68,0.0,1.0,0.04,0.010650264931124557,1.0
20272019,low_energy,max_similarity,0.24,0.7824,0.32,0.68,0.0,1.0,0.04,0.010650264931124557,1.0
20272019,low_energy,max_similarity,0.48,1.0,0.0,0.68,0.0,1.0,0.04,0.010650264931124557,1.0
20272020,no_replay,weighted,0.12,0.6984,0.6,0.84,0.0,1.0,0.04,0.010707438186883347,1.0
20272020,no_replay,weighted,0.24,0.9520000000000001,0.02,0.84,0.0,1.0,0.04,0.010707438186883347,1.0
20272020,no_replay,weighted,0.48,1.0,0.0,0.84,0.0,1.0,0.04,0.010707438186883347,1.0
20272020,no_replay,equal,0.12,0.6984,0.6,0.84,0.0,1.0,0.04,0.010707438186883347,1.0
20272020,no_replay,equal,0.24,0.9520000000000001,0.02,0.84,0.0,1.0,0.04,0.010707438186883347,1.0
20272020,no_replay,equal,0.48,1.0,0.0,0.84,0.0,1.0,0.04,0.010707438186883347,1.0
20272020,no_replay,reconstruction,0.12,0.5327999999999999,0.8,0.84,0.0,1.0,0.04,0.010707438186883347,1.0
20272020,no_replay,reconstruction,0.24,0.6232,0.62,0.84,0.0,1.0,0.04,0.010707438186883347,1.0
20272020,no_replay,reconstruction,0.48,0.8304,0.26,0.84,0.0,1.0,0.04,0.010707438186883347,1.0
20272020,no_replay,max_similarity,0.12,0.7312,0.52,0.76,0.0,1.0,0.04,0.010707438186883347,1.0
20272020,no_replay,max_similarity,0.24,0.9792000000000001,0.02,0.76,0.0,1.0,0.04,0.010707438186883347,1.0
20272020,no_replay,max_similarity,0.48,1.0,0.0,0.76,0.0,1.0,0.04,0.010707438186883347,1.0
20272020,random_replay,weighted,0.12,0.6544,0.66,0.8,0.0,1.0,0.04,0.01053344550134026,1.0
20272020,random_replay,weighted,0.24,0.7527999999999999,0.34,0.8,0.0,1.0,0.04,0.01053344550134026,1.0
20272020,random_replay,weighted,0.48,0.7824,0.32,0.8,0.0,1.0,0.04,0.01053344550134026,1.0
20272020,random_replay,equal,0.12,0.6456000000000001,0.66,0.8,0.0,1.0,0.04,0.01053344550134026,1.0
20272020,random_replay,equal,0.24,0.7536,0.34,0.8,0.0,1.0,0.04,0.01053344550134026,1.0
20272020,random_replay,equal,0.48,0.9328,0.14,0.8,0.0,1.0,0.04,0.01053344550134026,1.0
20272020,random_replay,reconstruction,0.12,0.5871999999999999,0.86,0.88,0.0,0.92,0.04,0.01053344550134026,1.0
20272020,random_replay,reconstruction,0.24,0.6464000000000001,0.66,0.88,0.0,0.92,0.04,0.01053344550134026,1.0
20272020,random_replay,reconstruction,0.48,0.7376,0.48,0.88,0.0,0.92,0.04,0.01053344550134026,1.0
20272020,random_replay,max_similarity,0.12,0.664,0.6,0.8,0.0,1.0,0.04,0.01053344550134026,1.0
20272020,random_replay,max_similarity,0.24,0.7736000000000001,0.32,0.8,0.0,1.0,0.04,0.01053344550134026,1.0
20272020,random_replay,max_similarity,0.48,1.0,0.0,0.8,0.0,1.0,0.04,0.01053344550134026,1.0
20272020,high_energy,weighted,0.12,0.6519999999999999,0.64,0.84,0.0,1.0,0.05,0.010377136522338275,1.0
20272020,high_energy,weighted,0.24,0.7784,0.32,0.84,0.0,1.0,0.05,0.010377136522338275,1.0
20272020,high_energy,weighted,0.48,0.7824,0.32,0.84,0.0,1.0,0.05,0.010377136522338275,1.0
20272020,high_energy,equal,0.12,0.6432,0.64,0.84,0.0,1.0,0.05,0.010377136522338275,1.0
20272020,high_energy,equal,0.24,0.7784,0.34,0.84,0.0,1.0,0.05,0.010377136522338275,1.0
20272020,high_energy,equal,0.48,0.9512,0.12,0.84,0.0,1.0,0.05,0.010377136522338275,1.0
20272020,high_energy,reconstruction,0.12,0.588,0.76,0.84,0.0,0.92,0.05,0.010377136522338275,1.0
20272020,high_energy,reconstruction,0.24,0.6536,0.6,0.84,0.0,0.92,0.05,0.010377136522338275,1.0
20272020,high_energy,reconstruction,0.48,0.7472000000000001,0.44,0.84,0.0,0.92,0.05,0.010377136522338275,1.0
20272020,high_energy,max_similarity,0.12,0.676,0.62,0.84,0.0,1.0,0.05,0.010377136522338275,1.0
20272020,high_energy,max_similarity,0.24,0.7776,0.32,0.84,0.0,1.0,0.05,0.010377136522338275,1.0
20272020,high_energy,max_similarity,0.48,1.0,0.0,0.84,0.0,1.0,0.05,0.010377136522338275,1.0
20272020,low_energy,weighted,0.12,0.6544,0.66,0.8,0.0,1.0,0.04,0.01053344550134026,1.0
20272020,low_energy,weighted,0.24,0.7527999999999999,0.34,0.8,0.0,1.0,0.04,0.01053344550134026,1.0
20272020,low_energy,weighted,0.48,0.7824,0.32,0.8,0.0,1.0,0.04,0.01053344550134026,1.0
20272020,low_energy,equal,0.12,0.6456000000000001,0.68,0.8,0.0,1.0,0.04,0.01053344550134026,1.0
20272020,low_energy,equal,0.24,0.7536,0.34,0.8,0.0,1.0,0.04,0.01053344550134026,1.0
20272020,low_energy,equal,0.48,0.9328,0.16,0.8,0.0,1.0,0.04,0.01053344550134026,1.0
20272020,low_energy,reconstruction,0.12,0.5871999999999999,0.82,0.88,0.0,0.92,0.04,0.01053344550134026,1.0
20272020,low_energy,reconstruction,0.24,0.6464000000000001,0.66,0.88,0.0,0.92,0.04,0.01053344550134026,1.0
20272020,low_energy,reconstruction,0.48,0.7376,0.48,0.88,0.0,0.92,0.04,0.01053344550134026,1.0
20272020,low_energy,max_similarity,0.12,0.664,0.6,0.8,0.0,1.0,0.04,0.01053344550134026,1.0
20272020,low_energy,max_similarity,0.24,0.7736000000000001,0.32,0.8,0.0,1.0,0.04,0.01053344550134026,1.0
20272020,low_energy,max_similarity,0.48,1.0,0.0,0.8,0.0,1.0,0.04,0.01053344550134026,1.0
20272021,no_replay,weighted,0.12,0.7240000000000001,0.7,0.92,0.0,1.0,0.04,0.010673869753695385,1.0
20272021,no_replay,weighted,0.24,0.9696,0.1,0.92,0.0,1.0,0.04,0.010673869753695385,1.0
20272021,no_replay,weighted,0.48,1.0,0.0,0.92,0.0,1.0,0.04,0.010673869753695385,1.0
20272021,no_replay,equal,0.12,0.7240000000000001,0.7,0.92,0.0,1.0,0.04,0.010673869753695385,1.0
20272021,no_replay,equal,0.24,0.9696,0.1,0.92,0.0,1.0,0.04,0.010673869753695385,1.0
20272021,no_replay,equal,0.48,1.0,0.0,0.92,0.0,1.0,0.04,0.010673869753695385,1.0
20272021,no_replay,reconstruction,0.12,0.5256,0.78,0.84,0.0,1.0,0.04,0.010673869753695385,1.0
20272021,no_replay,reconstruction,0.24,0.612,0.62,0.84,0.0,1.0,0.04,0.010673869753695385,1.0
20272021,no_replay,reconstruction,0.48,0.8200000000000001,0.32,0.84,0.0,1.0,0.04,0.010673869753695385,1.0
20272021,no_replay,max_similarity,0.12,0.7592,0.5,0.96,0.0,1.0,0.04,0.010673869753695385,1.0
20272021,no_replay,max_similarity,0.24,0.9944000000000001,0.02,0.96,0.0,1.0,0.04,0.010673869753695385,1.0
20272021,no_replay,max_similarity,0.48,1.0,0.0,0.96,0.0,1.0,0.04,0.010673869753695385,1.0
20272021,random_replay,weighted,0.12,0.64,0.7,0.88,0.0,1.0,0.04,0.010523829075002187,1.0
20272021,random_replay,weighted,0.24,0.7504,0.4,0.88,0.0,1.0,0.04,0.010523829075002187,1.0
20272021,random_replay,weighted,0.48,0.7824,0.32,0.88,0.0,1.0,0.04,0.010523829075002187,1.0
20272021,random_replay,equal,0.12,0.6407999999999999,0.68,0.88,0.0,1.0,0.04,0.010523829075002187,1.0
20272021,random_replay,equal,0.24,0.7592,0.4,0.88,0.0,1.0,0.04,0.010523829075002187,1.0
20272021,random_replay,equal,0.48,0.948,0.14,0.88,0.0,1.0,0.04,0.010523829075002187,1.0
20272021,random_replay,reconstruction,0.12,0.5656000000000001,0.88,0.92,0.0,0.84,0.04,0.010523829075002187,1.0
20272021,random_replay,reconstruction,0.24,0.6136,0.72,0.92,0.0,0.84,0.04,0.010523829075002187,1.0
20272021,random_replay,reconstruction,0.48,0.7152000000000001,0.5,0.92,0.0,0.84,0.04,0.010523829075002187,1.0
20272021,random_replay,max_similarity,0.12,0.6656000000000001,0.58,0.92,0.0,1.0,0.04,0.010523829075002187,1.0
20272021,random_replay,max_similarity,0.24,0.804,0.32,0.92,0.0,1.0,0.04,0.010523829075002187,1.0
20272021,random_replay,max_similarity,0.48,1.0,0.0,0.92,0.0,1.0,0.04,0.010523829075002187,1.0
20272021,high_energy,weighted,0.12,0.6496000000000001,0.64,0.88,0.0,1.0,0.06,0.010123272378389876,1.0
20272021,high_energy,weighted,0.24,0.7712,0.36,0.88,0.0,1.0,0.06,0.010123272378389876,1.0
20272021,high_energy,weighted,0.48,0.7824,0.32,0.88,0.0,1.0,0.06,0.010123272378389876,1.0
20272021,high_energy,equal,0.12,0.6456,0.66,0.88,0.0,1.0,0.06,0.010123272378389876,1.0
20272021,high_energy,equal,0.24,0.772,0.34,0.88,0.0,1.0,0.06,0.010123272378389876,1.0
20272021,high_energy,equal,0.48,0.956,0.12,0.88,0.0,1.0,0.06,0.010123272378389876,1.0
20272021,high_energy,reconstruction,0.12,0.5752,0.86,0.92,0.0,0.88,0.06,0.010123272378389876,1.0
20272021,high_energy,reconstruction,0.24,0.628,0.66,0.92,0.0,0.88,0.06,0.010123272378389876,1.0
20272021,high_energy,reconstruction,0.48,0.7263999999999999,0.44,0.92,0.0,0.88,0.06,0.010123272378389876,1.0
20272021,high_energy,max_similarity,0.12,0.6704,0.56,0.92,0.0,1.0,0.06,0.010123272378389876,1.0
20272021,high_energy,max_similarity,0.24,0.804,0.32,0.92,0.0,1.0,0.06,0.010123272378389876,1.0
20272021,high_energy,max_similarity,0.48,1.0,0.0,0.92,0.0,1.0,0.06,0.010123272378389876,1.0
20272021,low_energy,weighted,0.12,0.64,0.7,0.92,0.0,1.0,0.04,0.010523829075002187,1.0
20272021,low_energy,weighted,0.24,0.7504,0.4,0.92,0.0,1.0,0.04,0.010523829075002187,1.0
20272021,low_energy,weighted,0.48,0.7824,0.32,0.92,0.0,1.0,0.04,0.010523829075002187,1.0
20272021,low_energy,equal,0.12,0.6407999999999999,0.72,0.92,0.0,1.0,0.04,0.010523829075002187,1.0
20272021,low_energy,equal,0.24,0.7592,0.4,0.92,0.0,1.0,0.04,0.010523829075002187,1.0
20272021,low_energy,equal,0.48,0.948,0.16,0.92,0.0,1.0,0.04,0.010523829075002187,1.0
20272021,low_energy,reconstruction,0.12,0.5656000000000001,0.88,0.92,0.0,0.8,0.04,0.010523829075002187,1.0
20272021,low_energy,reconstruction,0.24,0.6136,0.7,0.92,0.0,0.8,0.04,0.010523829075002187,1.0
20272021,low_energy,reconstruction,0.48,0.7152000000000001,0.48,0.92,0.0,0.8,0.04,0.010523829075002187,1.0
20272021,low_energy,max_similarity,0.12,0.6656000000000001,0.58,0.92,0.0,1.0,0.04,0.010523829075002187,1.0
20272021,low_energy,max_similarity,0.24,0.804,0.32,0.92,0.0,1.0,0.04,0.010523829075002187,1.0
20272021,low_energy,max_similarity,0.48,1.0,0.0,0.92,0.0,1.0,0.04,0.010523829075002187,1.0
20272022,no_replay,weighted,0.12,0.7455999999999999,0.44,0.8,0.0,1.0,0.04,0.010766931379471456,1.0
20272022,no_replay,weighted,0.24,0.9935999999999999,0.0,0.8,0.0,1.0,0.04,0.010766931379471456,1.0
20272022,no_replay,weighted,0.48,1.0,0.0,0.8,0.0,1.0,0.04,0.010766931379471456,1.0
20272022,no_replay,equal,0.12,0.7455999999999999,0.44,0.8,0.0,1.0,0.04,0.010766931379471456,1.0
20272022,no_replay,equal,0.24,0.9935999999999999,0.0,0.8,0.0,1.0,0.04,0.010766931379471456,1.0
20272022,no_replay,equal,0.48,1.0,0.0,0.8,0.0,1.0,0.04,0.010766931379471456,1.0
20272022,no_replay,reconstruction,0.12,0.556,0.76,0.76,0.0,1.0,0.04,0.010766931379471456,1.0
20272022,no_replay,reconstruction,0.24,0.6688000000000001,0.66,0.76,0.0,1.0,0.04,0.010766931379471456,1.0
20272022,no_replay,reconstruction,0.48,0.8704000000000001,0.22,0.76,0.0,1.0,0.04,0.010766931379471456,1.0
20272022,no_replay,max_similarity,0.12,0.7456,0.4,0.76,0.0,1.0,0.04,0.010766931379471456,1.0
20272022,no_replay,max_similarity,0.24,0.992,0.0,0.76,0.0,1.0,0.04,0.010766931379471456,1.0
20272022,no_replay,max_similarity,0.48,1.0,0.0,0.76,0.0,1.0,0.04,0.010766931379471456,1.0
20272022,random_replay,weighted,0.12,0.6679999999999999,0.54,0.8,0.0,1.0,0.04,0.010510387941419355,1.0
20272022,random_replay,weighted,0.24,0.7736000000000001,0.32,0.8,0.0,1.0,0.04,0.010510387941419355,1.0
20272022,random_replay,weighted,0.48,0.7824,0.32,0.8,0.0,1.0,0.04,0.010510387941419355,1.0
20272022,random_replay,equal,0.12,0.6608,0.56,0.8,0.0,1.0,0.04,0.010510387941419355,1.0
20272022,random_replay,equal,0.24,0.7776000000000001,0.32,0.8,0.0,1.0,0.04,0.010510387941419355,1.0
20272022,random_replay,equal,0.48,0.9424,0.14,0.8,0.0,1.0,0.04,0.010510387941419355,1.0
20272022,random_replay,reconstruction,0.12,0.6056,0.82,0.92,0.0,0.8,0.04,0.010510387941419355,1.0
20272022,random_replay,reconstruction,0.24,0.6824,0.64,0.92,0.0,0.8,0.04,0.010510387941419355,1.0
20272022,random_replay,reconstruction,0.48,0.744,0.42,0.92,0.0,0.8,0.04,0.010510387941419355,1.0
20272022,random_replay,max_similarity,0.12,0.656,0.56,0.68,0.0,1.0,0.04,0.010510387941419355,1.0
20272022,random_replay,max_similarity,0.24,0.78,0.32,0.68,0.0,1.0,0.04,0.010510387941419355,1.0
20272022,random_replay,max_similarity,0.48,1.0,0.0,0.68,0.0,1.0,0.04,0.010510387941419355,1.0
20272022,high_energy,weighted,0.12,0.6808000000000001,0.5,0.76,0.0,1.0,0.05,0.010354917913463005,1.0
20272022,high_energy,weighted,0.24,0.7824,0.32,0.76,0.0,1.0,0.05,0.010354917913463005,1.0
20272022,high_energy,weighted,0.48,0.7824,0.32,0.76,0.0,1.0,0.05,0.010354917913463005,1.0
20272022,high_energy,equal,0.12,0.6688000000000001,0.48,0.76,0.0,1.0,0.05,0.010354917913463005,1.0
20272022,high_energy,equal,0.24,0.7807999999999999,0.32,0.76,0.0,1.0,0.05,0.010354917913463005,1.0
20272022,high_energy,equal,0.48,0.9472,0.14,0.76,0.0,1.0,0.05,0.010354917913463005,1.0
20272022,high_energy,reconstruction,0.12,0.604,0.78,0.84,0.0,0.84,0.05,0.010354917913463005,1.0
20272022,high_energy,reconstruction,0.24,0.6799999999999999,0.6,0.84,0.0,0.84,0.05,0.010354917913463005,1.0
20272022,high_energy,reconstruction,0.48,0.7584000000000001,0.38,0.84,0.0,0.84,0.05,0.010354917913463005,1.0
20272022,high_energy,max_similarity,0.12,0.6695999999999999,0.52,0.68,0.0,1.0,0.05,0.010354917913463005,1.0
20272022,high_energy,max_similarity,0.24,0.7807999999999999,0.32,0.68,0.0,1.0,0.05,0.010354917913463005,1.0
20272022,high_energy,max_similarity,0.48,1.0,0.0,0.68,0.0,1.0,0.05,0.010354917913463005,1.0
20272022,low_energy,weighted,0.12,0.6679999999999999,0.58,0.84,0.0,1.0,0.04,0.010510387941419355,1.0
20272022,low_energy,weighted,0.24,0.7736000000000001,0.32,0.84,0.0,1.0,0.04,0.010510387941419355,1.0
20272022,low_energy,weighted,0.48,0.7824,0.32,0.84,0.0,1.0,0.04,0.010510387941419355,1.0
20272022,low_energy,equal,0.12,0.6608,0.6,0.84,0.0,1.0,0.04,0.010510387941419355,1.0
20272022,low_energy,equal,0.24,0.7776000000000001,0.32,0.84,0.0,1.0,0.04,0.010510387941419355,1.0
20272022,low_energy,equal,0.48,0.9424,0.16,0.84,0.0,1.0,0.04,0.010510387941419355,1.0
20272022,low_energy,reconstruction,0.12,0.6056,0.82,0.88,0.0,0.8,0.04,0.010510387941419355,1.0
20272022,low_energy,reconstruction,0.24,0.6824,0.64,0.88,0.0,0.8,0.04,0.010510387941419355,1.0
20272022,low_energy,reconstruction,0.48,0.744,0.42,0.88,0.0,0.8,0.04,0.010510387941419355,1.0
20272022,low_energy,max_similarity,0.12,0.656,0.56,0.72,0.0,1.0,0.04,0.010510387941419355,1.0
20272022,low_energy,max_similarity,0.24,0.78,0.32,0.72,0.0,1.0,0.04,0.010510387941419355,1.0
20272022,low_energy,max_similarity,0.48,1.0,0.0,0.72,0.0,1.0,0.04,0.010510387941419355,1.0
20272023,no_replay,weighted,0.12,0.736,0.68,0.88,0.0,1.0,0.04,0.010625933694779693,1.0
20272023,no_replay,weighted,0.24,0.9752000000000001,0.06,0.88,0.0,1.0,0.04,0.010625933694779693,1.0
20272023,no_replay,weighted,0.48,1.0,0.0,0.88,0.0,1.0,0.04,0.010625933694779693,1.0
20272023,no_replay,equal,0.12,0.736,0.68,0.88,0.0,1.0,0.04,0.010625933694779693,1.0
20272023,no_replay,equal,0.24,0.9752000000000001,0.06,0.88,0.0,1.0,0.04,0.010625933694779693,1.0
20272023,no_replay,equal,0.48,1.0,0.0,0.88,0.0,1.0,0.04,0.010625933694779693,1.0
20272023,no_replay,reconstruction,0.12,0.5096,0.84,0.84,0.0,1.0,0.04,0.010625933694779693,1.0
20272023,no_replay,reconstruction,0.24,0.5720000000000001,0.72,0.84,0.0,1.0,0.04,0.010625933694779693,1.0
20272023,no_replay,reconstruction,0.48,0.7832,0.42,0.84,0.0,1.0,0.04,0.010625933694779693,1.0
20272023,no_replay,max_similarity,0.12,0.7528,0.54,0.88,0.0,1.0,0.04,0.010625933694779693,1.0
20272023,no_replay,max_similarity,0.24,0.9888,0.02,0.88,0.0,1.0,0.04,0.010625933694779693,1.0
20272023,no_replay,max_similarity,0.48,1.0,0.0,0.88,0.0,1.0,0.04,0.010625933694779693,1.0
20272023,random_replay,weighted,0.12,0.6624000000000001,0.7,0.96,0.0,1.0,0.04,0.01044427646888314,1.0
20272023,random_replay,weighted,0.24,0.7671999999999999,0.36,0.96,0.0,1.0,0.04,0.01044427646888314,1.0
20272023,random_replay,weighted,0.48,0.7824,0.32,0.96,0.0,1.0,0.04,0.01044427646888314,1.0
20272023,random_replay,equal,0.12,0.6552,0.68,0.96,0.0,1.0,0.04,0.01044427646888314,1.0
20272023,random_replay,equal,0.24,0.7744,0.34,0.96,0.0,1.0,0.04,0.01044427646888314,1.0
20272023,random_replay,equal,0.48,0.9496,0.12,0.96,0.0,1.0,0.04,0.01044427646888314,1.0
20272023,random_replay,reconstruction,0.12,0.5591999999999999,0.96,1.0,0.0,0.8,0.04,0.01044427646888314,1.0
20272023,random_replay,reconstruction,0.24,0.6072,0.8,1.0,0.0,0.8,0.04,0.01044427646888314,1.0
20272023,random_replay,reconstruction,0.48,0.7048,0.58,1.0,0.0,0.8,0.04,0.01044427646888314,1.0
20272023,random_replay,max_similarity,0.12,0.6679999999999999,0.64,0.92,0.0,1.0,0.04,0.01044427646888314,1.0
20272023,random_replay,max_similarity,0.24,0.7816,0.32,0.92,0.0,1.0,0.04,0.01044427646888314,1.0
20272023,random_replay,max_similarity,0.48,1.0,0.0,0.92,0.0,1.0,0.04,0.01044427646888314,1.0
20272023,high_energy,weighted,0.12,0.6808,0.7,1.0,0.0,1.0,0.05,0.010246924247010798,1.0
20272023,high_energy,weighted,0.24,0.7807999999999999,0.34,1.0,0.0,1.0,0.05,0.010246924247010798,1.0
20272023,high_energy,weighted,0.48,0.7824,0.32,1.0,0.0,1.0,0.05,0.010246924247010798,1.0
20272023,high_energy,equal,0.12,0.6688,0.68,1.0,0.0,1.0,0.05,0.010246924247010798,1.0
20272023,high_energy,equal,0.24,0.7807999999999999,0.34,1.0,0.0,1.0,0.05,0.010246924247010798,1.0
20272023,high_energy,equal,0.48,0.96,0.1,1.0,0.0,1.0,0.05,0.010246924247010798,1.0
20272023,high_energy,reconstruction,0.12,0.5671999999999999,0.94,1.0,0.0,0.84,0.05,0.010246924247010798,1.0
20272023,high_energy,reconstruction,0.24,0.6144,0.76,1.0,0.0,0.84,0.05,0.010246924247010798,1.0
20272023,high_energy,reconstruction,0.48,0.7208,0.54,1.0,0.0,0.84,0.05,0.010246924247010798,1.0
20272023,high_energy,max_similarity,0.12,0.6768000000000001,0.62,0.92,0.0,1.0,0.05,0.010246924247010798,1.0
20272023,high_energy,max_similarity,0.24,0.7816,0.32,0.92,0.0,1.0,0.05,0.010246924247010798,1.0
20272023,high_energy,max_similarity,0.48,0.9999999999999999,0.0,0.92,0.0,1.0,0.05,0.010246924247010798,1.0
20272023,low_energy,weighted,0.12,0.6624000000000001,0.74,0.96,0.0,1.0,0.04,0.01044427646888314,1.0
20272023,low_energy,weighted,0.24,0.7671999999999999,0.36,0.96,0.0,1.0,0.04,0.01044427646888314,1.0
20272023,low_energy,weighted,0.48,0.7824,0.32,0.96,0.0,1.0,0.04,0.01044427646888314,1.0
20272023,low_energy,equal,0.12,0.6552,0.72,0.96,0.0,1.0,0.04,0.01044427646888314,1.0
20272023,low_energy,equal,0.24,0.7744,0.34,0.96,0.0,1.0,0.04,0.01044427646888314,1.0
20272023,low_energy,equal,0.48,0.9496,0.12,0.96,0.0,1.0,0.04,0.01044427646888314,1.0
20272023,low_energy,reconstruction,0.12,0.5591999999999999,0.96,1.0,0.0,0.8,0.04,0.01044427646888314,1.0
20272023,low_energy,reconstruction,0.24,0.6072,0.8,1.0,0.0,0.8,0.04,0.01044427646888314,1.0
20272023,low_energy,reconstruction,0.48,0.7048,0.56,1.0,0.0,0.8,0.04,0.01044427646888314,1.0
20272023,low_energy,max_similarity,0.12,0.6679999999999999,0.66,0.92,0.0,1.0,0.04,0.01044427646888314,1.0
20272023,low_energy,max_similarity,0.24,0.7816,0.32,0.92,0.0,1.0,0.04,0.01044427646888314,1.0
20272023,low_energy,max_similarity,0.48,1.0,0.0,0.92,0.0,1.0,0.04,0.01044427646888314,1.0
20272024,no_replay,weighted,0.12,0.7072,0.6,0.8,0.0,1.0,0.04,0.010779667533809167,1.0
20272024,no_replay,weighted,0.24,0.9496,0.08,0.8,0.0,1.0,0.04,0.010779667533809167,1.0
20272024,no_replay,weighted,0.48,1.0,0.0,0.8,0.0,1.0,0.04,0.010779667533809167,1.0
20272024,no_replay,equal,0.12,0.7072,0.6,0.8,0.0,1.0,0.04,0.010779667533809167,1.0
20272024,no_replay,equal,0.24,0.9496,0.08,0.8,0.0,1.0,0.04,0.010779667533809167,1.0
20272024,no_replay,equal,0.48,1.0,0.0,0.8,0.0,1.0,0.04,0.010779667533809167,1.0
20272024,no_replay,reconstruction,0.12,0.49679999999999996,0.8,0.88,0.0,1.0,0.04,0.010779667533809167,1.0
20272024,no_replay,reconstruction,0.24,0.5648,0.7,0.88,0.0,1.0,0.04,0.010779667533809167,1.0
20272024,no_replay,reconstruction,0.48,0.796,0.26,0.88,0.0,1.0,0.04,0.010779667533809167,1.0
20272024,no_replay,max_similarity,0.12,0.7584,0.46,0.76,0.0,1.0,0.04,0.010779667533809167,1.0
20272024,no_replay,max_similarity,0.24,0.9832,0.02,0.76,0.0,1.0,0.04,0.010779667533809167,1.0
20272024,no_replay,max_similarity,0.48,1.0,0.0,0.76,0.0,1.0,0.04,0.010779667533809167,1.0
20272024,random_replay,weighted,0.12,0.6312,0.72,0.84,0.0,1.0,0.04,0.010584125326289601,1.0
20272024,random_replay,weighted,0.24,0.74,0.34,0.84,0.0,1.0,0.04,0.010584125326289601,1.0
20272024,random_replay,weighted,0.48,0.7824,0.32,0.84,0.0,1.0,0.04,0.010584125326289601,1.0
20272024,random_replay,equal,0.12,0.6304000000000001,0.72,0.84,0.0,1.0,0.04,0.010584125326289601,1.0
20272024,random_replay,equal,0.24,0.7432,0.34,0.84,0.0,1.0,0.04,0.010584125326289601,1.0
20272024,random_replay,equal,0.48,0.952,0.12,0.84,0.0,1.0,0.04,0.010584125326289601,1.0
20272024,random_replay,reconstruction,0.12,0.5464,0.88,0.96,0.0,0.84,0.04,0.010584125326289601,1.0
20272024,random_replay,reconstruction,0.24,0.584,0.76,0.96,0.0,0.84,0.04,0.010584125326289601,1.0
20272024,random_replay,reconstruction,0.48,0.696,0.52,0.96,0.0,0.84,0.04,0.010584125326289601,1.0
20272024,random_replay,max_similarity,0.12,0.66,0.54,0.84,0.0,1.0,0.04,0.010584125326289601,1.0
20272024,random_replay,max_similarity,0.24,0.7704000000000001,0.32,0.84,0.0,1.0,0.04,0.010584125326289601,1.0
20272024,random_replay,max_similarity,0.48,1.0,0.0,0.84,0.0,1.0,0.04,0.010584125326289601,1.0
20272024,high_energy,weighted,0.12,0.6319999999999999,0.6,0.8,0.0,1.0,0.04,0.01062817240933263,1.0
20272024,high_energy,weighted,0.24,0.7656000000000001,0.34,0.8,0.0,1.0,0.04,0.01062817240933263,1.0
20272024,high_energy,weighted,0.48,0.7824,0.32,0.8,0.0,1.0,0.04,0.01062817240933263,1.0
20272024,high_energy,equal,0.12,0.6295999999999999,0.6,0.8,0.0,1.0,0.04,0.01062817240933263,1.0
20272024,high_energy,equal,0.24,0.7664000000000001,0.34,0.8,0.0,1.0,0.04,0.01062817240933263,1.0
20272024,high_energy,equal,0.48,0.9608000000000001,0.08,0.8,0.0,1.0,0.04,0.01062817240933263,1.0
20272024,high_energy,reconstruction,0.12,0.5496,0.84,0.92,0.0,0.84,0.04,0.01062817240933263,1.0
20272024,high_energy,reconstruction,0.24,0.5912,0.7,0.92,0.0,0.84,0.04,0.01062817240933263,1.0
20272024,high_energy,reconstruction,0.48,0.7056,0.48,0.92,0.0,0.84,0.04,0.01062817240933263,1.0
20272024,high_energy,max_similarity,0.12,0.6672,0.54,0.88,0.0,1.0,0.04,0.01062817240933263,1.0
20272024,high_energy,max_similarity,0.24,0.772,0.32,0.88,0.0,1.0,0.04,0.01062817240933263,1.0
20272024,high_energy,max_similarity,0.48,1.0,0.0,0.88,0.0,1.0,0.04,0.01062817240933263,1.0
20272024,low_energy,weighted,0.12,0.6312,0.72,0.84,0.0,1.0,0.04,0.010584125326289601,1.0
20272024,low_energy,weighted,0.24,0.74,0.34,0.84,0.0,1.0,0.04,0.010584125326289601,1.0
20272024,low_energy,weighted,0.48,0.7824,0.32,0.84,0.0,1.0,0.04,0.010584125326289601,1.0
20272024,low_energy,equal,0.12,0.6304000000000001,0.74,0.84,0.0,1.0,0.04,0.010584125326289601,1.0
20272024,low_energy,equal,0.24,0.7432,0.36,0.84,0.0,1.0,0.04,0.010584125326289601,1.0
20272024,low_energy,equal,0.48,0.952,0.12,0.84,0.0,1.0,0.04,0.010584125326289601,1.0
20272024,low_energy,reconstruction,0.12,0.5464,0.86,0.92,0.0,0.84,0.04,0.010584125326289601,1.0
20272024,low_energy,reconstruction,0.24,0.584,0.76,0.92,0.0,0.84,0.04,0.010584125326289601,1.0
20272024,low_energy,reconstruction,0.48,0.696,0.52,0.92,0.0,0.84,0.04,0.010584125326289601,1.0
20272024,low_energy,max_similarity,0.12,0.66,0.54,0.84,0.0,1.0,0.04,0.010584125326289601,1.0
20272024,low_energy,max_similarity,0.24,0.7704000000000001,0.32,0.84,0.0,1.0,0.04,0.010584125326289601,1.0
20272024,low_energy,max_similarity,0.48,1.0,0.0,0.84,0.0,1.0,0.04,0.010584125326289601,1.0
20272025,no_replay,weighted,0.12,0.756,0.78,0.96,0.0,1.0,0.04,0.010580822493697368,1.0
20272025,no_replay,weighted,0.24,0.9912,0.06,0.96,0.0,1.0,0.04,0.010580822493697368,1.0
20272025,no_replay,weighted,0.48,1.0,0.0,0.96,0.0,1.0,0.04,0.010580822493697368,1.0
20272025,no_replay,equal,0.12,0.756,0.78,0.96,0.0,1.0,0.04,0.010580822493697368,1.0
20272025,no_replay,equal,0.24,0.9912,0.06,0.96,0.0,1.0,0.04,0.010580822493697368,1.0
20272025,no_replay,equal,0.48,1.0,0.0,0.96,0.0,1.0,0.04,0.010580822493697368,1.0
20272025,no_replay,reconstruction,0.12,0.5096,0.86,0.92,0.0,1.0,0.04,0.010580822493697368,1.0
20272025,no_replay,reconstruction,0.24,0.5824,0.66,0.92,0.0,1.0,0.04,0.010580822493697368,1.0
20272025,no_replay,reconstruction,0.48,0.7568,0.44,0.92,0.0,1.0,0.04,0.010580822493697368,1.0
20272025,no_replay,max_similarity,0.12,0.78,0.62,0.92,0.0,1.0,0.04,0.010580822493697368,1.0
20272025,no_replay,max_similarity,0.24,0.9944,0.04,0.92,0.0,1.0,0.04,0.010580822493697368,1.0
20272025,no_replay,max_similarity,0.48,1.0,0.0,0.92,0.0,1.0,0.04,0.010580822493697368,1.0
20272025,random_replay,weighted,0.12,0.66,0.7,0.88,0.0,1.0,0.04,0.010566135297880254,1.0
20272025,random_replay,weighted,0.24,0.7647999999999999,0.34,0.88,0.0,1.0,0.04,0.010566135297880254,1.0
20272025,random_replay,weighted,0.48,0.7824,0.32,0.88,0.0,1.0,0.04,0.010566135297880254,1.0
20272025,random_replay,equal,0.12,0.6664,0.7,0.88,0.0,1.0,0.04,0.010566135297880254,1.0
20272025,random_replay,equal,0.24,0.772,0.34,0.88,0.0,1.0,0.04,0.010566135297880254,1.0
20272025,random_replay,equal,0.48,0.9471999999999999,0.18,0.88,0.0,1.0,0.04,0.010566135297880254,1.0
20272025,random_replay,reconstruction,0.12,0.5512,0.82,0.92,0.0,0.92,0.04,0.010566135297880254,1.0
20272025,random_replay,reconstruction,0.24,0.6048,0.66,0.92,0.0,0.92,0.04,0.010566135297880254,1.0
20272025,random_replay,reconstruction,0.48,0.6823999999999999,0.56,0.92,0.0,0.92,0.04,0.010566135297880254,1.0
20272025,random_replay,max_similarity,0.12,0.6968,0.6,0.92,0.0,1.0,0.04,0.010566135297880254,1.0
20272025,random_replay,max_similarity,0.24,0.78,0.34,0.92,0.0,1.0,0.04,0.010566135297880254,1.0
20272025,random_replay,max_similarity,0.48,1.0,0.0,0.92,0.0,1.0,0.04,0.010566135297880254,1.0
20272025,high_energy,weighted,0.12,0.6592,0.7,0.88,0.0,1.0,0.06,0.010294517262960408,1.0
20272025,high_energy,weighted,0.24,0.7767999999999999,0.36,0.88,0.0,1.0,0.06,0.010294517262960408,1.0
20272025,high_energy,weighted,0.48,0.7824,0.32,0.88,0.0,1.0,0.06,0.010294517262960408,1.0
20272025,high_energy,equal,0.12,0.6616,0.64,0.88,0.0,1.0,0.06,0.010294517262960408,1.0
20272025,high_energy,equal,0.24,0.7767999999999999,0.36,0.88,0.0,1.0,0.06,0.010294517262960408,1.0
20272025,high_energy,equal,0.48,0.9736,0.12,0.88,0.0,1.0,0.06,0.010294517262960408,1.0
20272025,high_energy,reconstruction,0.12,0.552,0.8,0.88,0.0,0.96,0.06,0.010294517262960408,1.0
20272025,high_energy,reconstruction,0.24,0.6015999999999999,0.64,0.88,0.0,0.96,0.06,0.010294517262960408,1.0
20272025,high_energy,reconstruction,0.48,0.6768,0.54,0.88,0.0,0.96,0.06,0.010294517262960408,1.0
20272025,high_energy,max_similarity,0.12,0.688,0.6,0.92,0.0,1.0,0.06,0.010294517262960408,1.0
20272025,high_energy,max_similarity,0.24,0.7784,0.32,0.92,0.0,1.0,0.06,0.010294517262960408,1.0
20272025,high_energy,max_similarity,0.48,1.0,0.0,0.92,0.0,1.0,0.06,0.010294517262960408,1.0
20272025,low_energy,weighted,0.12,0.66,0.72,0.88,0.0,1.0,0.04,0.010566135297880254,1.0
20272025,low_energy,weighted,0.24,0.7647999999999999,0.34,0.88,0.0,1.0,0.04,0.010566135297880254,1.0
20272025,low_energy,weighted,0.48,0.7824,0.32,0.88,0.0,1.0,0.04,0.010566135297880254,1.0
20272025,low_energy,equal,0.12,0.6664,0.7,0.88,0.0,1.0,0.04,0.010566135297880254,1.0
20272025,low_energy,equal,0.24,0.772,0.34,0.88,0.0,1.0,0.04,0.010566135297880254,1.0
20272025,low_energy,equal,0.48,0.9471999999999999,0.18,0.88,0.0,1.0,0.04,0.010566135297880254,1.0
20272025,low_energy,reconstruction,0.12,0.5512,0.82,0.88,0.0,0.92,0.04,0.010566135297880254,1.0
20272025,low_energy,reconstruction,0.24,0.6048,0.66,0.88,0.0,0.92,0.04,0.010566135297880254,1.0
20272025,low_energy,reconstruction,0.48,0.6823999999999999,0.56,0.88,0.0,0.92,0.04,0.010566135297880254,1.0
20272025,low_energy,max_similarity,0.12,0.6968,0.6,0.92,0.0,1.0,0.04,0.010566135297880254,1.0
20272025,low_energy,max_similarity,0.24,0.78,0.34,0.92,0.0,1.0,0.04,0.010566135297880254,1.0
20272025,low_energy,max_similarity,0.48,1.0,0.0,0.92,0.0,1.0,0.04,0.010566135297880254,1.0
20272026,no_replay,weighted,0.12,0.724,0.48,0.88,0.0,1.0,0.04,0.010704571012846815,1.0
20272026,no_replay,weighted,0.24,0.9712,0.02,0.88,0.0,1.0,0.04,0.010704571012846815,1.0
20272026,no_replay,weighted,0.48,1.0,0.0,0.88,0.0,1.0,0.04,0.010704571012846815,1.0
20272026,no_replay,equal,0.12,0.724,0.48,0.88,0.0,1.0,0.04,0.010704571012846815,1.0
20272026,no_replay,equal,0.24,0.9712,0.02,0.88,0.0,1.0,0.04,0.010704571012846815,1.0
20272026,no_replay,equal,0.48,1.0,0.0,0.88,0.0,1.0,0.04,0.010704571012846815,1.0
20272026,no_replay,reconstruction,0.12,0.5528,0.8,0.88,0.0,1.0,0.04,0.010704571012846815,1.0
20272026,no_replay,reconstruction,0.24,0.6688,0.64,0.88,0.0,1.0,0.04,0.010704571012846815,1.0
20272026,no_replay,reconstruction,0.48,0.8664000000000001,0.24,0.88,0.0,1.0,0.04,0.010704571012846815,1.0
20272026,no_replay,max_similarity,0.12,0.7616,0.44,0.68,0.0,1.0,0.04,0.010704571012846815,1.0
20272026,no_replay,max_similarity,0.24,0.9975999999999999,0.0,0.68,0.0,1.0,0.04,0.010704571012846815,1.0
20272026,no_replay,max_similarity,0.48,1.0,0.0,0.68,0.0,1.0,0.04,0.010704571012846815,1.0
20272026,random_replay,weighted,0.12,0.6696,0.46,0.72,0.0,1.0,0.04,0.010614669176103405,1.0
20272026,random_replay,weighted,0.24,0.7784,0.32,0.72,0.0,1.0,0.04,0.010614669176103405,1.0
20272026,random_replay,weighted,0.48,0.7824,0.32,0.72,0.0,1.0,0.04,0.010614669176103405,1.0
20272026,random_replay,equal,0.12,0.66,0.52,0.76,0.0,1.0,0.04,0.010614669176103405,1.0
20272026,random_replay,equal,0.24,0.7784,0.32,0.76,0.0,1.0,0.04,0.010614669176103405,1.0
20272026,random_replay,equal,0.48,0.9376,0.1,0.76,0.0,1.0,0.04,0.010614669176103405,1.0
20272026,random_replay,reconstruction,0.12,0.6104,0.68,0.84,0.0,0.92,0.04,0.010614669176103405,1.0
20272026,random_replay,reconstruction,0.24,0.6776,0.52,0.84,0.0,0.92,0.04,0.010614669176103405,1.0
20272026,random_replay,reconstruction,0.48,0.76,0.36,0.84,0.0,0.92,0.04,0.010614669176103405,1.0
20272026,random_replay,max_similarity,0.12,0.6759999999999999,0.48,0.76,0.0,1.0,0.04,0.010614669176103405,1.0
20272026,random_replay,max_similarity,0.24,0.7807999999999999,0.32,0.76,0.0,1.0,0.04,0.010614669176103405,1.0
20272026,random_replay,max_similarity,0.48,1.0,0.0,0.76,0.0,1.0,0.04,0.010614669176103405,1.0
20272026,high_energy,weighted,0.12,0.6696,0.46,0.72,0.0,1.0,0.04,0.010614669176103405,1.0
20272026,high_energy,weighted,0.24,0.7784,0.32,0.72,0.0,1.0,0.04,0.010614669176103405,1.0
20272026,high_energy,weighted,0.48,0.7824,0.32,0.72,0.0,1.0,0.04,0.010614669176103405,1.0
20272026,high_energy,equal,0.12,0.66,0.48,0.72,0.0,1.0,0.04,0.010614669176103405,1.0
20272026,high_energy,equal,0.24,0.7784,0.32,0.72,0.0,1.0,0.04,0.010614669176103405,1.0
20272026,high_energy,equal,0.48,0.9376,0.1,0.72,0.0,1.0,0.04,0.010614669176103405,1.0
20272026,high_energy,reconstruction,0.12,0.6104,0.68,0.84,0.0,0.92,0.04,0.010614669176103405,1.0
20272026,high_energy,reconstruction,0.24,0.6776,0.52,0.84,0.0,0.92,0.04,0.010614669176103405,1.0
20272026,high_energy,reconstruction,0.48,0.76,0.36,0.84,0.0,0.92,0.04,0.010614669176103405,1.0
20272026,high_energy,max_similarity,0.12,0.6759999999999999,0.48,0.76,0.0,1.0,0.04,0.010614669176103405,1.0
20272026,high_energy,max_similarity,0.24,0.7807999999999999,0.32,0.76,0.0,1.0,0.04,0.010614669176103405,1.0
20272026,high_energy,max_similarity,0.48,1.0,0.0,0.76,0.0,1.0,0.04,0.010614669176103405,1.0
20272026,low_energy,weighted,0.12,0.672,0.5,0.76,0.0,1.0,0.04,0.010617178581693169,1.0
20272026,low_energy,weighted,0.24,0.756,0.32,0.76,0.0,1.0,0.04,0.010617178581693169,1.0
20272026,low_energy,weighted,0.48,0.7824,0.32,0.76,0.0,1.0,0.04,0.010617178581693169,1.0
20272026,low_energy,equal,0.12,0.6624,0.5,0.76,0.0,1.0,0.04,0.010617178581693169,1.0
20272026,low_energy,equal,0.24,0.7568,0.32,0.76,0.0,1.0,0.04,0.010617178581693169,1.0
20272026,low_energy,equal,0.48,0.9176,0.18,0.76,0.0,1.0,0.04,0.010617178581693169,1.0
20272026,low_energy,reconstruction,0.12,0.6112,0.64,0.84,0.0,0.96,0.04,0.010617178581693169,1.0
20272026,low_energy,reconstruction,0.24,0.6728,0.54,0.84,0.0,0.96,0.04,0.010617178581693169,1.0
20272026,low_energy,reconstruction,0.48,0.7440000000000001,0.42,0.84,0.0,0.96,0.04,0.010617178581693169,1.0
20272026,low_energy,max_similarity,0.12,0.6728000000000001,0.48,0.72,0.0,1.0,0.04,0.010617178581693169,1.0
20272026,low_energy,max_similarity,0.24,0.7807999999999999,0.32,0.72,0.0,1.0,0.04,0.010617178581693169,1.0
20272026,low_energy,max_similarity,0.48,1.0,0.0,0.72,0.0,1.0,0.04,0.010617178581693169,1.0
20272027,no_replay,weighted,0.12,0.7792,0.84,0.96,0.0,1.0,0.04,0.010554822405665515,1.0
20272027,no_replay,weighted,0.24,0.9856,0.12,0.96,0.0,1.0,0.04,0.010554822405665515,1.0
20272027,no_replay,weighted,0.48,1.0,0.0,0.96,0.0,1.0,0.04,0.010554822405665515,1.0
20272027,no_replay,equal,0.12,0.7792,0.84,0.96,0.0,1.0,0.04,0.010554822405665515,1.0
20272027,no_replay,equal,0.24,0.9856,0.12,0.96,0.0,1.0,0.04,0.010554822405665515,1.0
20272027,no_replay,equal,0.48,1.0,0.0,0.96,0.0,1.0,0.04,0.010554822405665515,1.0
20272027,no_replay,reconstruction,0.12,0.5536000000000001,0.94,1.0,0.0,1.0,0.04,0.010554822405665515,1.0
20272027,no_replay,reconstruction,0.24,0.6672,0.7,1.0,0.0,1.0,0.04,0.010554822405665515,1.0
20272027,no_replay,reconstruction,0.48,0.832,0.32,1.0,0.0,1.0,0.04,0.010554822405665515,1.0
20272027,no_replay,max_similarity,0.12,0.7888000000000001,0.82,1.0,0.0,1.0,0.04,0.010554822405665515,1.0
20272027,no_replay,max_similarity,0.24,0.9992,0.08,1.0,0.0,1.0,0.04,0.010554822405665515,1.0
20272027,no_replay,max_similarity,0.48,1.0,0.0,1.0,0.0,1.0,0.04,0.010554822405665515,1.0
20272027,random_replay,weighted,0.12,0.692,0.78,0.96,0.0,1.0,0.04,0.010520716475697516,1.0
20272027,random_replay,weighted,0.24,0.7647999999999999,0.36,0.96,0.0,1.0,0.04,0.010520716475697516,1.0
20272027,random_replay,weighted,0.48,0.7824,0.32,0.96,0.0,1.0,0.04,0.010520716475697516,1.0
20272027,random_replay,equal,0.12,0.6872,0.76,0.96,0.0,1.0,0.04,0.010520716475697516,1.0
20272027,random_replay,equal,0.24,0.7728,0.36,0.96,0.0,1.0,0.04,0.010520716475697516,1.0
20272027,random_replay,equal,0.48,0.9199999999999999,0.26,0.96,0.0,1.0,0.04,0.010520716475697516,1.0
20272027,random_replay,reconstruction,0.12,0.6264000000000001,0.76,1.0,0.0,0.96,0.04,0.010520716475697516,1.0
20272027,random_replay,reconstruction,0.24,0.6872,0.58,1.0,0.0,0.96,0.04,0.010520716475697516,1.0
20272027,random_replay,reconstruction,0.48,0.736,0.42,1.0,0.0,0.96,0.04,0.010520716475697516,1.0
20272027,random_replay,max_similarity,0.12,0.6896,0.78,1.0,0.0,1.0,0.04,0.010520716475697516,1.0
20272027,random_replay,max_similarity,0.24,0.8071999999999999,0.36,1.0,0.0,1.0,0.04,0.010520716475697516,1.0
20272027,random_replay,max_similarity,0.48,1.0,0.0,1.0,0.0,1.0,0.04,0.010520716475697516,1.0
20272027,high_energy,weighted,0.12,0.6984,0.74,1.0,0.0,1.0,0.05,0.010331194269443232,1.0
20272027,high_energy,weighted,0.24,0.7759999999999999,0.36,1.0,0.0,1.0,0.05,0.010331194269443232,1.0
20272027,high_energy,weighted,0.48,0.7824,0.32,1.0,0.0,1.0,0.05,0.010331194269443232,1.0
20272027,high_energy,equal,0.12,0.692,0.78,1.0,0.0,1.0,0.05,0.010331194269443232,1.0
20272027,high_energy,equal,0.24,0.7767999999999999,0.36,1.0,0.0,1.0,0.05,0.010331194269443232,1.0
20272027,high_energy,equal,0.48,0.9392,0.18,1.0,0.0,1.0,0.05,0.010331194269443232,1.0
20272027,high_energy,reconstruction,0.12,0.6264000000000001,0.76,1.0,0.0,0.96,0.05,0.010331194269443232,1.0
20272027,high_energy,reconstruction,0.24,0.6856,0.58,1.0,0.0,0.96,0.05,0.010331194269443232,1.0
20272027,high_energy,reconstruction,0.48,0.7472,0.38,1.0,0.0,0.96,0.05,0.010331194269443232,1.0
20272027,high_energy,max_similarity,0.12,0.6896,0.76,1.0,0.0,1.0,0.05,0.010331194269443232,1.0
20272027,high_energy,max_similarity,0.24,0.8071999999999999,0.36,1.0,0.0,1.0,0.05,0.010331194269443232,1.0
20272027,high_energy,max_similarity,0.48,1.0,0.0,1.0,0.0,1.0,0.05,0.010331194269443232,1.0
20272027,low_energy,weighted,0.12,0.692,0.78,0.96,0.0,1.0,0.04,0.010520716475697516,1.0
20272027,low_energy,weighted,0.24,0.7647999999999999,0.36,0.96,0.0,1.0,0.04,0.010520716475697516,1.0
20272027,low_energy,weighted,0.48,0.7824,0.32,0.96,0.0,1.0,0.04,0.010520716475697516,1.0
20272027,low_energy,equal,0.12,0.6872,0.78,0.96,0.0,1.0,0.04,0.010520716475697516,1.0
20272027,low_energy,equal,0.24,0.7728,0.38,0.96,0.0,1.0,0.04,0.010520716475697516,1.0
20272027,low_energy,equal,0.48,0.9199999999999999,0.26,0.96,0.0,1.0,0.04,0.010520716475697516,1.0
20272027,low_energy,reconstruction,0.12,0.6264000000000001,0.72,1.0,0.0,0.96,0.04,0.010520716475697516,1.0
20272027,low_energy,reconstruction,0.24,0.6872,0.56,1.0,0.0,0.96,0.04,0.010520716475697516,1.0
20272027,low_energy,reconstruction,0.48,0.736,0.42,1.0,0.0,0.96,0.04,0.010520716475697516,1.0
20272027,low_energy,max_similarity,0.12,0.6896,0.78,1.0,0.0,1.0,0.04,0.010520716475697516,1.0
20272027,low_energy,max_similarity,0.24,0.8071999999999999,0.36,1.0,0.0,1.0,0.04,0.010520716475697516,1.0
20272027,low_energy,max_similarity,0.48,1.0,0.0,1.0,0.0,1.0,0.04,0.010520716475697516,1.0
20272028,no_replay,weighted,0.12,0.728,0.9,0.92,0.0,1.0,0.04,0.010550950289334903,1.0
20272028,no_replay,weighted,0.24,0.9664,0.2,0.92,0.0,1.0,0.04,0.010550950289334903,1.0
20272028,no_replay,weighted,0.48,1.0,0.0,0.92,0.0,1.0,0.04,0.010550950289334903,1.0
20272028,no_replay,equal,0.12,0.728,0.9,0.92,0.0,1.0,0.04,0.010550950289334903,1.0
20272028,no_replay,equal,0.24,0.9664,0.2,0.92,0.0,1.0,0.04,0.010550950289334903,1.0
20272028,no_replay,equal,0.48,1.0,0.0,0.92,0.0,1.0,0.04,0.010550950289334903,1.0
20272028,no_replay,reconstruction,0.12,0.5472,0.94,0.96,0.0,1.0,0.04,0.010550950289334903,1.0
20272028,no_replay,reconstruction,0.24,0.6512,0.74,0.96,0.0,1.0,0.04,0.010550950289334903,1.0
20272028,no_replay,reconstruction,0.48,0.8271999999999999,0.34,0.96,0.0,1.0,0.04,0.010550950289334903,1.0
20272028,no_replay,max_similarity,0.12,0.7632,0.9,0.96,0.0,1.0,0.04,0.010550950289334903,1.0
20272028,no_replay,max_similarity,0.24,0.9912,0.12,0.96,0.0,1.0,0.04,0.010550950289334903,1.0
20272028,no_replay,max_similarity,0.48,1.0,0.0,0.96,0.0,1.0,0.04,0.010550950289334903,1.0
20272028,random_replay,weighted,0.12,0.6536,0.96,0.96,0.0,1.0,0.05,0.010375343291528796,1.0
20272028,random_replay,weighted,0.24,0.7768,0.4,0.96,0.0,1.0,0.05,0.010375343291528796,1.0
20272028,random_replay,weighted,0.48,0.7824,0.32,0.96,0.0,1.0,0.05,0.010375343291528796,1.0
20272028,random_replay,equal,0.12,0.6408,0.96,0.96,0.0,1.0,0.05,0.010375343291528796,1.0
20272028,random_replay,equal,0.24,0.7784,0.4,0.96,0.0,1.0,0.05,0.010375343291528796,1.0
20272028,random_replay,equal,0.48,0.9783999999999999,0.14,0.96,0.0,1.0,0.05,0.010375343291528796,1.0
20272028,random_replay,reconstruction,0.12,0.5896,0.88,0.84,0.0,0.96,0.05,0.010375343291528796,1.0
20272028,random_replay,reconstruction,0.24,0.6559999999999999,0.66,0.84,0.0,0.96,0.05,0.010375343291528796,1.0
20272028,random_replay,reconstruction,0.48,0.7408000000000001,0.4,0.84,0.0,0.96,0.05,0.010375343291528796,1.0
20272028,random_replay,max_similarity,0.12,0.672,0.94,0.96,0.0,1.0,0.05,0.010375343291528796,1.0
20272028,random_replay,max_similarity,0.24,0.8448,0.34,0.96,0.0,1.0,0.05,0.010375343291528796,1.0
20272028,random_replay,max_similarity,0.48,1.0,0.0,0.96,0.0,1.0,0.05,0.010375343291528796,1.0
20272028,high_energy,weighted,0.12,0.6536,0.96,0.96,0.0,1.0,0.05,0.010375343291528796,1.0
20272028,high_energy,weighted,0.24,0.7768,0.4,0.96,0.0,1.0,0.05,0.010375343291528796,1.0
20272028,high_energy,weighted,0.48,0.7824,0.32,0.96,0.0,1.0,0.05,0.010375343291528796,1.0
20272028,high_energy,equal,0.12,0.6408,0.96,0.96,0.0,1.0,0.05,0.010375343291528796,1.0
20272028,high_energy,equal,0.24,0.7784,0.38,0.96,0.0,1.0,0.05,0.010375343291528796,1.0
20272028,high_energy,equal,0.48,0.9783999999999999,0.14,0.96,0.0,1.0,0.05,0.010375343291528796,1.0
20272028,high_energy,reconstruction,0.12,0.5896,0.88,0.84,0.0,0.96,0.05,0.010375343291528796,1.0
20272028,high_energy,reconstruction,0.24,0.6559999999999999,0.66,0.84,0.0,0.96,0.05,0.010375343291528796,1.0
20272028,high_energy,reconstruction,0.48,0.7408000000000001,0.4,0.84,0.0,0.96,0.05,0.010375343291528796,1.0
20272028,high_energy,max_similarity,0.12,0.672,0.94,0.96,0.0,1.0,0.05,0.010375343291528796,1.0
20272028,high_energy,max_similarity,0.24,0.8448,0.34,0.96,0.0,1.0,0.05,0.010375343291528796,1.0
20272028,high_energy,max_similarity,0.48,1.0,0.0,0.96,0.0,1.0,0.05,0.010375343291528796,1.0
20272028,low_energy,weighted,0.12,0.6448,0.92,0.96,0.0,1.0,0.04,0.010555080772874233,1.0
20272028,low_energy,weighted,0.24,0.7527999999999999,0.44,0.96,0.0,1.0,0.04,0.010555080772874233,1.0
20272028,low_energy,weighted,0.48,0.7824,0.32,0.96,0.0,1.0,0.04,0.010555080772874233,1.0
20272028,low_energy,equal,0.12,0.6328,0.92,0.96,0.0,1.0,0.04,0.010555080772874233,1.0
20272028,low_energy,equal,0.24,0.7616,0.44,0.96,0.0,1.0,0.04,0.010555080772874233,1.0
20272028,low_energy,equal,0.48,0.9672,0.14,0.96,0.0,1.0,0.04,0.010555080772874233,1.0
20272028,low_energy,reconstruction,0.12,0.5848,0.86,0.92,0.0,0.92,0.04,0.010555080772874233,1.0
20272028,low_energy,reconstruction,0.24,0.652,0.66,0.92,0.0,0.92,0.04,0.010555080772874233,1.0
20272028,low_energy,reconstruction,0.48,0.732,0.46,0.92,0.0,0.92,0.04,0.010555080772874233,1.0
20272028,low_energy,max_similarity,0.12,0.6656,0.94,0.96,0.0,1.0,0.04,0.010555080772874233,1.0
20272028,low_energy,max_similarity,0.24,0.8448,0.34,0.96,0.0,1.0,0.04,0.010555080772874233,1.0
20272028,low_energy,max_similarity,0.48,0.9999999999999999,0.0,0.96,0.0,1.0,0.04,0.010555080772874233,1.0
20272029,no_replay,weighted,0.12,0.7824,0.86,0.92,0.0,1.0,0.04,0.010541708238437818,1.0
20272029,no_replay,weighted,0.24,0.9736,0.02,0.92,0.0,1.0,0.04,0.010541708238437818,1.0
20272029,no_replay,weighted,0.48,1.0,0.0,0.92,0.0,1.0,0.04,0.010541708238437818,1.0
20272029,no_replay,equal,0.12,0.7824,0.86,0.92,0.0,1.0,0.04,0.010541708238437818,1.0
20272029,no_replay,equal,0.24,0.9736,0.02,0.92,0.0,1.0,0.04,0.010541708238437818,1.0
20272029,no_replay,equal,0.48,1.0,0.0,0.92,0.0,1.0,0.04,0.010541708238437818,1.0
20272029,no_replay,reconstruction,0.12,0.5351999999999999,0.84,0.88,0.0,1.0,0.04,0.010541708238437818,1.0
20272029,no_replay,reconstruction,0.24,0.6264,0.64,0.88,0.0,1.0,0.04,0.010541708238437818,1.0
20272029,no_replay,reconstruction,0.48,0.8376,0.42,0.88,0.0,1.0,0.04,0.010541708238437818,1.0
20272029,no_replay,max_similarity,0.12,0.8119999999999999,0.72,0.96,0.0,1.0,0.04,0.010541708238437818,1.0
20272029,no_replay,max_similarity,0.24,0.9872,0.02,0.96,0.0,1.0,0.04,0.010541708238437818,1.0
20272029,no_replay,max_similarity,0.48,1.0,0.0,0.96,0.0,1.0,0.04,0.010541708238437818,1.0
20272029,random_replay,weighted,0.12,0.6736000000000001,0.92,0.96,0.0,1.0,0.04,0.010532241013884131,1.0
20272029,random_replay,weighted,0.24,0.7592,0.34,0.96,0.0,1.0,0.04,0.010532241013884131,1.0
20272029,random_replay,weighted,0.48,0.7824,0.32,0.96,0.0,1.0,0.04,0.010532241013884131,1.0
20272029,random_replay,equal,0.12,0.6688000000000001,0.9,0.96,0.0,1.0,0.04,0.010532241013884131,1.0
20272029,random_replay,equal,0.24,0.7672,0.34,0.96,0.0,1.0,0.04,0.010532241013884131,1.0
20272029,random_replay,equal,0.48,0.9816,0.1,0.96,0.0,1.0,0.04,0.010532241013884131,1.0
20272029,random_replay,reconstruction,0.12,0.5536,0.8,0.84,0.0,1.0,0.04,0.010532241013884131,1.0
20272029,random_replay,reconstruction,0.24,0.6080000000000001,0.72,0.84,0.0,1.0,0.04,0.010532241013884131,1.0
20272029,random_replay,reconstruction,0.48,0.7168,0.48,0.84,0.0,1.0,0.04,0.010532241013884131,1.0
20272029,random_replay,max_similarity,0.12,0.7136,0.88,1.0,0.0,1.0,0.04,0.010532241013884131,1.0
20272029,random_replay,max_similarity,0.24,0.7951999999999999,0.34,1.0,0.0,1.0,0.04,0.010532241013884131,1.0
20272029,random_replay,max_similarity,0.48,1.0,0.0,1.0,0.0,1.0,0.04,0.010532241013884131,1.0
20272029,high_energy,weighted,0.12,0.6888,0.82,1.0,0.0,1.0,0.06,0.010121580522647658,1.0
20272029,high_energy,weighted,0.24,0.7816,0.34,1.0,0.0,1.0,0.06,0.010121580522647658,1.0
20272029,high_energy,weighted,0.48,0.7824,0.32,1.0,0.0,1.0,0.06,0.010121580522647658,1.0
20272029,high_energy,equal,0.12,0.6816,0.82,1.0,0.0,1.0,0.06,0.010121580522647658,1.0
20272029,high_energy,equal,0.24,0.7816,0.34,1.0,0.0,1.0,0.06,0.010121580522647658,1.0
20272029,high_energy,equal,0.48,0.992,0.1,1.0,0.0,1.0,0.06,0.010121580522647658,1.0
20272029,high_energy,reconstruction,0.12,0.5576000000000001,0.8,0.84,0.0,0.96,0.06,0.010121580522647658,1.0
20272029,high_energy,reconstruction,0.24,0.6112,0.7,0.84,0.0,0.96,0.06,0.010121580522647658,1.0
20272029,high_energy,reconstruction,0.48,0.7288,0.44,0.84,0.0,0.96,0.06,0.010121580522647658,1.0
20272029,high_energy,max_similarity,0.12,0.7096,0.86,1.0,0.0,1.0,0.06,0.010121580522647658,1.0
20272029,high_energy,max_similarity,0.24,0.7951999999999999,0.34,1.0,0.0,1.0,0.06,0.010121580522647658,1.0
20272029,high_energy,max_similarity,0.48,1.0,0.0,1.0,0.0,1.0,0.06,0.010121580522647658,1.0
20272029,low_energy,weighted,0.12,0.6736000000000001,0.94,0.96,0.0,1.0,0.04,0.010532241013884131,1.0
20272029,low_energy,weighted,0.24,0.7592,0.34,0.96,0.0,1.0,0.04,0.010532241013884131,1.0
20272029,low_energy,weighted,0.48,0.7824,0.32,0.96,0.0,1.0,0.04,0.010532241013884131,1.0
20272029,low_energy,equal,0.12,0.6688000000000001,0.94,0.96,0.0,1.0,0.04,0.010532241013884131,1.0
20272029,low_energy,equal,0.24,0.7672,0.34,0.96,0.0,1.0,0.04,0.010532241013884131,1.0
20272029,low_energy,equal,0.48,0.9816,0.1,0.96,0.0,1.0,0.04,0.010532241013884131,1.0
20272029,low_energy,reconstruction,0.12,0.5536,0.8,0.84,0.0,0.92,0.04,0.010532241013884131,1.0
20272029,low_energy,reconstruction,0.24,0.6080000000000001,0.72,0.84,0.0,0.92,0.04,0.010532241013884131,1.0
20272029,low_energy,reconstruction,0.48,0.7168,0.48,0.84,0.0,0.92,0.04,0.010532241013884131,1.0
20272029,low_energy,max_similarity,0.12,0.7136,0.9,1.0,0.0,1.0,0.04,0.010532241013884131,1.0
20272029,low_energy,max_similarity,0.24,0.7951999999999999,0.34,1.0,0.0,1.0,0.04,0.010532241013884131,1.0
20272029,low_energy,max_similarity,0.48,1.0,0.0,1.0,0.0,1.0,0.04,0.010532241013884131,1.0
20272030,no_replay,weighted,0.12,0.6984,0.62,0.88,0.0,1.0,0.04,0.010644604065497422,1.0
20272030,no_replay,weighted,0.24,0.952,0.14,0.88,0.0,1.0,0.04,0.010644604065497422,1.0
20272030,no_replay,weighted,0.48,1.0,0.0,0.88,0.0,1.0,0.04,0.010644604065497422,1.0
20272030,no_replay,equal,0.12,0.6984,0.62,0.88,0.0,1.0,0.04,0.010644604065497422,1.0
20272030,no_replay,equal,0.24,0.952,0.14,0.88,0.0,1.0,0.04,0.010644604065497422,1.0
20272030,no_replay,equal,0.48,1.0,0.0,0.88,0.0,1.0,0.04,0.010644604065497422,1.0
20272030,no_replay,reconstruction,0.12,0.528,0.88,0.96,0.0,1.0,0.04,0.010644604065497422,1.0
20272030,no_replay,reconstruction,0.24,0.6032000000000001,0.66,0.96,0.0,1.0,0.04,0.010644604065497422,1.0
20272030,no_replay,reconstruction,0.48,0.8256000000000001,0.36,0.96,0.0,1.0,0.04,0.010644604065497422,1.0
20272030,no_replay,max_similarity,0.12,0.7472000000000001,0.58,0.96,0.0,1.0,0.04,0.010644604065497422,1.0
20272030,no_replay,max_similarity,0.24,0.9863999999999999,0.06,0.96,0.0,1.0,0.04,0.010644604065497422,1.0
20272030,no_replay,max_similarity,0.48,1.0,0.0,0.96,0.0,1.0,0.04,0.010644604065497422,1.0
20272030,random_replay,weighted,0.12,0.6424,0.74,0.88,0.0,1.0,0.05,0.010338279260602925,1.0
20272030,random_replay,weighted,0.24,0.768,0.36,0.88,0.0,1.0,0.05,0.010338279260602925,1.0
20272030,random_replay,weighted,0.48,0.7824,0.32,0.88,0.0,1.0,0.05,0.010338279260602925,1.0
20272030,random_replay,equal,0.12,0.6384000000000001,0.76,0.92,0.0,1.0,0.05,0.010338279260602925,1.0
20272030,random_replay,equal,0.24,0.7688,0.36,0.92,0.0,1.0,0.05,0.010338279260602925,1.0
20272030,random_replay,equal,0.48,0.9616,0.1,0.92,0.0,1.0,0.05,0.010338279260602925,1.0
20272030,random_replay,reconstruction,0.12,0.5592,0.86,0.96,0.0,0.96,0.05,0.010338279260602925,1.0
20272030,random_replay,reconstruction,0.24,0.62,0.72,0.96,0.0,0.96,0.05,0.010338279260602925,1.0
20272030,random_replay,reconstruction,0.48,0.7264,0.44,0.96,0.0,0.96,0.05,0.010338279260602925,1.0
20272030,random_replay,max_similarity,0.12,0.6576,0.7,0.92,0.0,1.0,0.05,0.010338279260602925,1.0
20272030,random_replay,max_similarity,0.24,0.7888000000000001,0.34,0.92,0.0,1.0,0.05,0.010338279260602925,1.0
20272030,random_replay,max_similarity,0.48,1.0,0.0,0.92,0.0,1.0,0.05,0.010338279260602925,1.0
20272030,high_energy,weighted,0.12,0.6424,0.74,0.88,0.0,1.0,0.05,0.010338279260602925,1.0
20272030,high_energy,weighted,0.24,0.768,0.36,0.88,0.0,1.0,0.05,0.010338279260602925,1.0
20272030,high_energy,weighted,0.48,0.7824,0.32,0.88,0.0,1.0,0.05,0.010338279260602925,1.0
20272030,high_energy,equal,0.12,0.6384000000000001,0.74,0.88,0.0,1.0,0.05,0.010338279260602925,1.0
20272030,high_energy,equal,0.24,0.7688,0.36,0.88,0.0,1.0,0.05,0.010338279260602925,1.0
20272030,high_energy,equal,0.48,0.9616,0.1,0.88,0.0,1.0,0.05,0.010338279260602925,1.0
20272030,high_energy,reconstruction,0.12,0.5592,0.86,0.96,0.0,0.96,0.05,0.010338279260602925,1.0
20272030,high_energy,reconstruction,0.24,0.62,0.72,0.96,0.0,0.96,0.05,0.010338279260602925,1.0
20272030,high_energy,reconstruction,0.48,0.7264,0.44,0.96,0.0,0.96,0.05,0.010338279260602925,1.0
20272030,high_energy,max_similarity,0.12,0.6576,0.7,0.92,0.0,1.0,0.05,0.010338279260602925,1.0
20272030,high_energy,max_similarity,0.24,0.7888000000000001,0.34,0.92,0.0,1.0,0.05,0.010338279260602925,1.0
20272030,high_energy,max_similarity,0.48,1.0,0.0,0.92,0.0,1.0,0.05,0.010338279260602925,1.0
20272030,low_energy,weighted,0.12,0.6384,0.74,0.92,0.0,1.0,0.04,0.01052599307572166,1.0
20272030,low_energy,weighted,0.24,0.7448,0.36,0.92,0.0,1.0,0.04,0.01052599307572166,1.0
20272030,low_energy,weighted,0.48,0.7824,0.32,0.92,0.0,1.0,0.04,0.01052599307572166,1.0
20272030,low_energy,equal,0.12,0.6352,0.74,0.92,0.0,1.0,0.04,0.01052599307572166,1.0
20272030,low_energy,equal,0.24,0.7488,0.38,0.92,0.0,1.0,0.04,0.01052599307572166,1.0
20272030,low_energy,equal,0.48,0.9471999999999999,0.12,0.92,0.0,1.0,0.04,0.01052599307572166,1.0
20272030,low_energy,reconstruction,0.12,0.5559999999999999,0.88,0.96,0.0,0.92,0.04,0.01052599307572166,1.0
20272030,low_energy,reconstruction,0.24,0.6136,0.72,0.96,0.0,0.92,0.04,0.01052599307572166,1.0
20272030,low_energy,reconstruction,0.48,0.7112,0.48,0.96,0.0,0.92,0.04,0.01052599307572166,1.0
20272030,low_energy,max_similarity,0.12,0.6504000000000001,0.72,0.88,0.0,1.0,0.04,0.01052599307572166,1.0
20272030,low_energy,max_similarity,0.24,0.788,0.34,0.88,0.0,1.0,0.04,0.01052599307572166,1.0
20272030,low_energy,max_similarity,0.48,1.0,0.0,0.88,0.0,1.0,0.04,0.01052599307572166,1.0
20272031,no_replay,weighted,0.12,0.7248000000000001,0.62,0.84,0.0,1.0,0.04,0.010666177866980753,1.0
20272031,no_replay,weighted,0.24,0.9792000000000001,0.04,0.84,0.0,1.0,0.04,0.010666177866980753,1.0
20272031,no_replay,weighted,0.48,1.0,0.0,0.84,0.0,1.0,0.04,0.010666177866980753,1.0
20272031,no_replay,equal,0.12,0.7248000000000001,0.62,0.84,0.0,1.0,0.04,0.010666177866980753,1.0
20272031,no_replay,equal,0.24,0.9792000000000001,0.04,0.84,0.0,1.0,0.04,0.010666177866980753,1.0
20272031,no_replay,equal,0.48,1.0,0.0,0.84,0.0,1.0,0.04,0.010666177866980753,1.0
20272031,no_replay,reconstruction,0.12,0.5672,0.92,0.96,0.0,1.0,0.04,0.010666177866980753,1.0
20272031,no_replay,reconstruction,0.24,0.7263999999999999,0.68,0.96,0.0,1.0,0.04,0.010666177866980753,1.0
20272031,no_replay,reconstruction,0.48,0.9128000000000001,0.12,0.96,0.0,1.0,0.04,0.010666177866980753,1.0
20272031,no_replay,max_similarity,0.12,0.7487999999999999,0.54,0.84,0.0,1.0,0.04,0.010666177866980753,1.0
20272031,no_replay,max_similarity,0.24,0.9808000000000001,0.02,0.84,0.0,1.0,0.04,0.010666177866980753,1.0
20272031,no_replay,max_similarity,0.48,1.0,0.0,0.84,0.0,1.0,0.04,0.010666177866980753,1.0
20272031,random_replay,weighted,0.12,0.6384,0.68,0.84,0.0,1.0,0.04,0.010585645598691032,1.0
20272031,random_replay,weighted,0.24,0.7504,0.36,0.84,0.0,1.0,0.04,0.010585645598691032,1.0
20272031,random_replay,weighted,0.48,0.7824,0.32,0.84,0.0,1.0,0.04,0.010585645598691032,1.0
20272031,random_replay,equal,0.12,0.6328,0.68,0.8,0.0,1.0,0.04,0.010585645598691032,1.0
20272031,random_replay,equal,0.24,0.7608,0.36,0.8,0.0,1.0,0.04,0.010585645598691032,1.0
20272031,random_replay,equal,0.48,0.9551999999999999,0.12,0.8,0.0,1.0,0.04,0.010585645598691032,1.0
20272031,random_replay,reconstruction,0.12,0.6024,0.84,0.96,0.0,0.96,0.04,0.010585645598691032,1.0
20272031,random_replay,reconstruction,0.24,0.6808,0.6,0.96,0.0,0.96,0.04,0.010585645598691032,1.0
20272031,random_replay,reconstruction,0.48,0.7576,0.38,0.96,0.0,0.96,0.04,0.010585645598691032,1.0
20272031,random_replay,max_similarity,0.12,0.6608,0.58,0.84,0.0,1.0,0.04,0.010585645598691032,1.0
20272031,random_replay,max_similarity,0.24,0.7727999999999999,0.34,0.84,0.0,1.0,0.04,0.010585645598691032,1.0
20272031,random_replay,max_similarity,0.48,1.0,0.0,0.84,0.0,1.0,0.04,0.010585645598691032,1.0
20272031,high_energy,weighted,0.12,0.6504,0.56,0.8,0.0,1.0,0.04,0.010622324763199908,1.0
20272031,high_energy,weighted,0.24,0.7728,0.36,0.8,0.0,1.0,0.04,0.010622324763199908,1.0
20272031,high_energy,weighted,0.48,0.7824,0.32,0.8,0.0,1.0,0.04,0.010622324763199908,1.0
20272031,high_energy,equal,0.12,0.6424,0.6,0.8,0.0,1.0,0.04,0.010622324763199908,1.0
20272031,high_energy,equal,0.24,0.7736000000000001,0.34,0.8,0.0,1.0,0.04,0.010622324763199908,1.0
20272031,high_energy,equal,0.48,0.9672000000000001,0.08,0.8,0.0,1.0,0.04,0.010622324763199908,1.0
20272031,high_energy,reconstruction,0.12,0.6016,0.82,0.88,0.0,0.96,0.04,0.010622324763199908,1.0
20272031,high_energy,reconstruction,0.24,0.6848000000000001,0.56,0.88,0.0,0.96,0.04,0.010622324763199908,1.0
20272031,high_energy,reconstruction,0.48,0.7696,0.34,0.88,0.0,0.96,0.04,0.010622324763199908,1.0
20272031,high_energy,max_similarity,0.12,0.6672,0.56,0.84,0.0,1.0,0.04,0.010622324763199908,1.0
20272031,high_energy,max_similarity,0.24,0.7744,0.34,0.84,0.0,1.0,0.04,0.010622324763199908,1.0
20272031,high_energy,max_similarity,0.48,1.0,0.0,0.84,0.0,1.0,0.04,0.010622324763199908,1.0
20272031,low_energy,weighted,0.12,0.6384,0.68,0.84,0.0,1.0,0.04,0.010585645598691032,1.0
20272031,low_energy,weighted,0.24,0.7504,0.36,0.84,0.0,1.0,0.04,0.010585645598691032,1.0
20272031,low_energy,weighted,0.48,0.7824,0.32,0.84,0.0,1.0,0.04,0.010585645598691032,1.0
20272031,low_energy,equal,0.12,0.6328,0.7,0.84,0.0,1.0,0.04,0.010585645598691032,1.0
20272031,low_energy,equal,0.24,0.7608,0.36,0.84,0.0,1.0,0.04,0.010585645598691032,1.0
20272031,low_energy,equal,0.48,0.9551999999999999,0.12,0.84,0.0,1.0,0.04,0.010585645598691032,1.0
20272031,low_energy,reconstruction,0.12,0.6024,0.84,0.88,0.0,0.96,0.04,0.010585645598691032,1.0
20272031,low_energy,reconstruction,0.24,0.6808,0.56,0.88,0.0,0.96,0.04,0.010585645598691032,1.0
20272031,low_energy,reconstruction,0.48,0.7576,0.38,0.88,0.0,0.96,0.04,0.010585645598691032,1.0
20272031,low_energy,max_similarity,0.12,0.6608,0.6,0.88,0.0,1.0,0.04,0.010585645598691032,1.0
20272031,low_energy,max_similarity,0.24,0.7727999999999999,0.34,0.88,0.0,1.0,0.04,0.010585645598691032,1.0
20272031,low_energy,max_similarity,0.48,1.0,0.0,0.88,0.0,1.0,0.04,0.010585645598691032,1.0
20272032,no_replay,weighted,0.12,0.7768,0.76,0.96,0.0,1.0,0.04,0.010668798124330225,1.0
20272032,no_replay,weighted,0.24,0.976,0.04,0.96,0.0,1.0,0.04,0.010668798124330225,1.0
20272032,no_replay,weighted,0.48,1.0,0.0,0.96,0.0,1.0,0.04,0.010668798124330225,1.0
20272032,no_replay,equal,0.12,0.7768,0.76,0.96,0.0,1.0,0.04,0.010668798124330225,1.0
20272032,no_replay,equal,0.24,0.976,0.04,0.96,0.0,1.0,0.04,0.010668798124330225,1.0
20272032,no_replay,equal,0.48,1.0,0.0,0.96,0.0,1.0,0.04,0.010668798124330225,1.0
20272032,no_replay,reconstruction,0.12,0.5207999999999999,0.82,0.88,0.0,1.0,0.04,0.010668798124330225,1.0
20272032,no_replay,reconstruction,0.24,0.5863999999999999,0.68,0.88,0.0,1.0,0.04,0.010668798124330225,1.0
20272032,no_replay,reconstruction,0.48,0.7904,0.36,0.88,0.0,1.0,0.04,0.010668798124330225,1.0
20272032,no_replay,max_similarity,0.12,0.788,0.58,0.88,0.0,1.0,0.04,0.010668798124330225,1.0
20272032,no_replay,max_similarity,0.24,0.9832,0.06,0.88,0.0,1.0,0.04,0.010668798124330225,1.0
20272032,no_replay,max_similarity,0.48,1.0,0.0,0.88,0.0,1.0,0.04,0.010668798124330225,1.0
20272032,random_replay,weighted,0.12,0.6504000000000001,0.74,0.88,0.0,1.0,0.04,0.010506324402378637,1.0
20272032,random_replay,weighted,0.24,0.7584,0.36,0.88,0.0,1.0,0.04,0.010506324402378637,1.0
20272032,random_replay,weighted,0.48,0.7824,0.32,0.88,0.0,1.0,0.04,0.010506324402378637,1.0
20272032,random_replay,equal,0.12,0.6528,0.74,0.88,0.0,1.0,0.04,0.010506324402378637,1.0
20272032,random_replay,equal,0.24,0.7648,0.36,0.88,0.0,1.0,0.04,0.010506324402378637,1.0
20272032,random_replay,equal,0.48,0.9568,0.14,0.88,0.0,1.0,0.04,0.010506324402378637,1.0
20272032,random_replay,reconstruction,0.12,0.5432,0.9,0.96,0.0,0.84,0.04,0.010506324402378637,1.0
20272032,random_replay,reconstruction,0.24,0.5808,0.76,0.96,0.0,0.84,0.04,0.010506324402378637,1.0
20272032,random_replay,reconstruction,0.48,0.6808,0.62,0.96,0.0,0.84,0.04,0.010506324402378637,1.0
20272032,random_replay,max_similarity,0.12,0.6584,0.68,0.88,0.0,1.0,0.04,0.010506324402378637,1.0
20272032,random_replay,max_similarity,0.24,0.7807999999999999,0.34,0.88,0.0,1.0,0.04,0.010506324402378637,1.0
20272032,random_replay,max_similarity,0.48,1.0,0.0,0.88,0.0,1.0,0.04,0.010506324402378637,1.0
20272032,high_energy,weighted,0.12,0.6632,0.68,0.88,0.0,1.0,0.04,0.01054486626492639,1.0
20272032,high_energy,weighted,0.24,0.7672000000000001,0.36,0.88,0.0,1.0,0.04,0.01054486626492639,1.0
20272032,high_energy,weighted,0.48,0.7824,0.32,0.88,0.0,1.0,0.04,0.01054486626492639,1.0
20272032,high_energy,equal,0.12,0.6624000000000001,0.66,0.88,0.0,1.0,0.04,0.01054486626492639,1.0
20272032,high_energy,equal,0.24,0.7672000000000001,0.36,0.88,0.0,1.0,0.04,0.01054486626492639,1.0
20272032,high_energy,equal,0.48,0.9624,0.1,0.88,0.0,1.0,0.04,0.01054486626492639,1.0
20272032,high_energy,reconstruction,0.12,0.5392,0.9,0.92,0.0,0.84,0.04,0.01054486626492639,1.0
20272032,high_energy,reconstruction,0.24,0.5792,0.76,0.92,0.0,0.84,0.04,0.01054486626492639,1.0
20272032,high_energy,reconstruction,0.48,0.6848,0.58,0.92,0.0,0.84,0.04,0.01054486626492639,1.0
20272032,high_energy,max_similarity,0.12,0.672,0.64,0.88,0.0,1.0,0.04,0.01054486626492639,1.0
20272032,high_energy,max_similarity,0.24,0.784,0.34,0.88,0.0,1.0,0.04,0.01054486626492639,1.0
20272032,high_energy,max_similarity,0.48,1.0,0.0,0.88,0.0,1.0,0.04,0.01054486626492639,1.0
20272032,low_energy,weighted,0.12,0.6504000000000001,0.74,0.88,0.0,1.0,0.04,0.010506324402378637,1.0
20272032,low_energy,weighted,0.24,0.7584,0.36,0.88,0.0,1.0,0.04,0.010506324402378637,1.0
20272032,low_energy,weighted,0.48,0.7824,0.32,0.88,0.0,1.0,0.04,0.010506324402378637,1.0
20272032,low_energy,equal,0.12,0.6528,0.78,0.88,0.0,1.0,0.04,0.010506324402378637,1.0
20272032,low_energy,equal,0.24,0.7648,0.36,0.88,0.0,1.0,0.04,0.010506324402378637,1.0
20272032,low_energy,equal,0.48,0.9568,0.14,0.88,0.0,1.0,0.04,0.010506324402378637,1.0
20272032,low_energy,reconstruction,0.12,0.5432,0.9,0.96,0.0,0.84,0.04,0.010506324402378637,1.0
20272032,low_energy,reconstruction,0.24,0.5808,0.76,0.96,0.0,0.84,0.04,0.010506324402378637,1.0
20272032,low_energy,reconstruction,0.48,0.6808,0.62,0.96,0.0,0.84,0.04,0.010506324402378637,1.0
20272032,low_energy,max_similarity,0.12,0.6584,0.68,0.88,0.0,1.0,0.04,0.010506324402378637,1.0
20272032,low_energy,max_similarity,0.24,0.7807999999999999,0.36,0.88,0.0,1.0,0.04,0.010506324402378637,1.0
20272032,low_energy,max_similarity,0.48,1.0,0.0,0.88,0.0,1.0,0.04,0.010506324402378637,1.0
20272033,no_replay,weighted,0.12,0.732,0.66,0.88,0.0,1.0,0.04,0.010712293664840009,1.0
20272033,no_replay,weighted,0.24,0.9904,0.02,0.88,0.0,1.0,0.04,0.010712293664840009,1.0
20272033,no_replay,weighted,0.48,1.0,0.0,0.88,0.0,1.0,0.04,0.010712293664840009,1.0
20272033,no_replay,equal,0.12,0.732,0.66,0.88,0.0,1.0,0.04,0.010712293664840009,1.0
20272033,no_replay,equal,0.24,0.9904,0.02,0.88,0.0,1.0,0.04,0.010712293664840009,1.0
20272033,no_replay,equal,0.48,1.0,0.0,0.88,0.0,1.0,0.04,0.010712293664840009,1.0
20272033,no_replay,reconstruction,0.12,0.5528,0.8,0.88,0.0,1.0,0.04,0.010712293664840009,1.0
20272033,no_replay,reconstruction,0.24,0.6592,0.64,0.88,0.0,1.0,0.04,0.010712293664840009,1.0
20272033,no_replay,reconstruction,0.48,0.876,0.2,0.88,0.0,1.0,0.04,0.010712293664840009,1.0
20272033,no_replay,max_similarity,0.12,0.7368,0.56,0.8,0.0,1.0,0.04,0.010712293664840009,1.0
20272033,no_replay,max_similarity,0.24,0.9975999999999999,0.0,0.8,0.0,1.0,0.04,0.010712293664840009,1.0
20272033,no_replay,max_similarity,0.48,1.0,0.0,0.8,0.0,1.0,0.04,0.010712293664840009,1.0
20272033,random_replay,weighted,0.12,0.6624000000000001,0.62,0.8,0.0,1.0,0.04,0.01064502523928612,1.0
20272033,random_replay,weighted,0.24,0.7816,0.32,0.8,0.0,1.0,0.04,0.01064502523928612,1.0
20272033,random_replay,weighted,0.48,0.7824,0.32,0.8,0.0,1.0,0.04,0.01064502523928612,1.0
20272033,random_replay,equal,0.12,0.6536000000000001,0.68,0.8,0.0,1.0,0.04,0.01064502523928612,1.0
20272033,random_replay,equal,0.24,0.7816,0.32,0.8,0.0,1.0,0.04,0.01064502523928612,1.0
20272033,random_replay,equal,0.48,0.9440000000000001,0.16,0.8,0.0,1.0,0.04,0.01064502523928612,1.0
20272033,random_replay,reconstruction,0.12,0.5744,0.74,0.8,0.0,0.92,0.04,0.01064502523928612,1.0
20272033,random_replay,reconstruction,0.24,0.6599999999999999,0.58,0.8,0.0,0.92,0.04,0.01064502523928612,1.0
20272033,random_replay,reconstruction,0.48,0.7632000000000001,0.34,0.8,0.0,0.92,0.04,0.01064502523928612,1.0
20272033,random_replay,max_similarity,0.12,0.6599999999999999,0.56,0.76,0.0,1.0,0.04,0.01064502523928612,1.0
20272033,random_replay,max_similarity,0.24,0.7824,0.32,0.76,0.0,1.0,0.04,0.01064502523928612,1.0
20272033,random_replay,max_similarity,0.48,1.0,0.0,0.76,0.0,1.0,0.04,0.01064502523928612,1.0
20272033,high_energy,weighted,0.12,0.6624000000000001,0.62,0.8,0.0,1.0,0.04,0.010645025239286116,1.0
20272033,high_energy,weighted,0.24,0.7816,0.32,0.8,0.0,1.0,0.04,0.010645025239286116,1.0
20272033,high_energy,weighted,0.48,0.7824,0.32,0.8,0.0,1.0,0.04,0.010645025239286116,1.0
20272033,high_energy,equal,0.12,0.6536000000000001,0.62,0.8,0.0,1.0,0.04,0.010645025239286116,1.0
20272033,high_energy,equal,0.24,0.7816,0.32,0.8,0.0,1.0,0.04,0.010645025239286116,1.0
20272033,high_energy,equal,0.48,0.9440000000000001,0.16,0.8,0.0,1.0,0.04,0.010645025239286116,1.0
20272033,high_energy,reconstruction,0.12,0.5744,0.76,0.84,0.0,0.92,0.04,0.010645025239286116,1.0
20272033,high_energy,reconstruction,0.24,0.6599999999999999,0.58,0.84,0.0,0.92,0.04,0.010645025239286116,1.0
20272033,high_energy,reconstruction,0.48,0.7632000000000001,0.36,0.84,0.0,0.92,0.04,0.010645025239286116,1.0
20272033,high_energy,max_similarity,0.12,0.6599999999999999,0.56,0.76,0.0,1.0,0.04,0.010645025239286116,1.0
20272033,high_energy,max_similarity,0.24,0.7824,0.32,0.76,0.0,1.0,0.04,0.010645025239286116,1.0
20272033,high_energy,max_similarity,0.48,1.0,0.0,0.76,0.0,1.0,0.04,0.010645025239286116,1.0
20272033,low_energy,weighted,0.12,0.6536,0.7,0.8,0.0,1.0,0.04,0.01061536696786252,1.0
20272033,low_energy,weighted,0.24,0.7632,0.32,0.8,0.0,1.0,0.04,0.01061536696786252,1.0
20272033,low_energy,weighted,0.48,0.7824,0.32,0.8,0.0,1.0,0.04,0.01061536696786252,1.0
20272033,low_energy,equal,0.12,0.6496000000000001,0.68,0.8,0.0,1.0,0.04,0.01061536696786252,1.0
20272033,low_energy,equal,0.24,0.7727999999999999,0.32,0.8,0.0,1.0,0.04,0.01061536696786252,1.0
20272033,low_energy,equal,0.48,0.9216,0.2,0.8,0.0,1.0,0.04,0.01061536696786252,1.0
20272033,low_energy,reconstruction,0.12,0.5808000000000001,0.74,0.8,0.0,0.92,0.04,0.01061536696786252,1.0
20272033,low_energy,reconstruction,0.24,0.6544000000000001,0.58,0.8,0.0,0.92,0.04,0.01061536696786252,1.0
20272033,low_energy,reconstruction,0.48,0.7672000000000001,0.36,0.8,0.0,0.92,0.04,0.01061536696786252,1.0
20272033,low_energy,max_similarity,0.12,0.66,0.56,0.76,0.0,1.0,0.04,0.01061536696786252,1.0
20272033,low_energy,max_similarity,0.24,0.7824,0.32,0.76,0.0,1.0,0.04,0.01061536696786252,1.0
20272033,low_energy,max_similarity,0.48,1.0,0.0,0.76,0.0,1.0,0.04,0.01061536696786252,1.0
20272034,no_replay,weighted,0.12,0.7392,0.74,0.96,0.0,1.0,0.04,0.01061637969069678,1.0
20272034,no_replay,weighted,0.24,0.9952,0.1,0.96,0.0,1.0,0.04,0.01061637969069678,1.0
20272034,no_replay,weighted,0.48,1.0,0.0,0.96,0.0,1.0,0.04,0.01061637969069678,1.0
20272034,no_replay,equal,0.12,0.7392,0.74,0.96,0.0,1.0,0.04,0.01061637969069678,1.0
20272034,no_replay,equal,0.24,0.9952,0.1,0.96,0.0,1.0,0.04,0.01061637969069678,1.0
20272034,no_replay,equal,0.48,1.0,0.0,0.96,0.0,1.0,0.04,0.01061637969069678,1.0
20272034,no_replay,reconstruction,0.12,0.552,0.88,0.92,0.0,1.0,0.04,0.01061637969069678,1.0
20272034,no_replay,reconstruction,0.24,0.648,0.68,0.92,0.0,1.0,0.04,0.01061637969069678,1.0
20272034,no_replay,reconstruction,0.48,0.8552,0.3,0.92,0.0,1.0,0.04,0.01061637969069678,1.0
20272034,no_replay,max_similarity,0.12,0.7984000000000001,0.7,1.0,0.0,1.0,0.04,0.01061637969069678,1.0
20272034,no_replay,max_similarity,0.24,1.0,0.04,1.0,0.0,1.0,0.04,0.01061637969069678,1.0
20272034,no_replay,max_similarity,0.48,1.0,0.0,1.0,0.0,1.0,0.04,0.01061637969069678,1.0
20272034,random_replay,weighted,0.12,0.6527999999999999,0.76,1.0,0.0,1.0,0.05,0.010502741223690415,1.0
20272034,random_replay,weighted,0.24,0.7816,0.34,1.0,0.0,1.0,0.05,0.010502741223690415,1.0
20272034,random_replay,weighted,0.48,0.7824,0.32,1.0,0.0,1.0,0.05,0.010502741223690415,1.0
20272034,random_replay,equal,0.12,0.6488,0.78,1.0,0.0,1.0,0.05,0.010502741223690415,1.0
20272034,random_replay,equal,0.24,0.7824,0.34,1.0,0.0,1.0,0.05,0.010502741223690415,1.0
20272034,random_replay,equal,0.48,0.9776,0.1,1.0,0.0,1.0,0.05,0.010502741223690415,1.0
20272034,random_replay,reconstruction,0.12,0.5696,0.76,0.88,0.0,0.96,0.05,0.010502741223690415,1.0
20272034,random_replay,reconstruction,0.24,0.6376,0.6,0.88,0.0,0.96,0.05,0.010502741223690415,1.0
20272034,random_replay,reconstruction,0.48,0.7336,0.4,0.88,0.0,0.96,0.05,0.010502741223690415,1.0
20272034,random_replay,max_similarity,0.12,0.6759999999999999,0.74,1.0,0.0,1.0,0.05,0.010502741223690415,1.0
20272034,random_replay,max_similarity,0.24,0.7951999999999999,0.34,1.0,0.0,1.0,0.05,0.010502741223690415,1.0
20272034,random_replay,max_similarity,0.48,1.0,0.0,1.0,0.0,1.0,0.05,0.010502741223690415,1.0
20272034,high_energy,weighted,0.12,0.6527999999999999,0.76,1.0,0.0,1.0,0.05,0.01050274122369042,1.0
20272034,high_energy,weighted,0.24,0.7816,0.34,1.0,0.0,1.0,0.05,0.01050274122369042,1.0
20272034,high_energy,weighted,0.48,0.7824,0.32,1.0,0.0,1.0,0.05,0.01050274122369042,1.0
20272034,high_energy,equal,0.12,0.6488,0.76,1.0,0.0,1.0,0.05,0.01050274122369042,1.0
20272034,high_energy,equal,0.24,0.7824,0.32,1.0,0.0,1.0,0.05,0.01050274122369042,1.0
20272034,high_energy,equal,0.48,0.9776,0.1,1.0,0.0,1.0,0.05,0.01050274122369042,1.0
20272034,high_energy,reconstruction,0.12,0.5696,0.76,0.88,0.0,0.96,0.05,0.01050274122369042,1.0
20272034,high_energy,reconstruction,0.24,0.6376,0.6,0.88,0.0,0.96,0.05,0.01050274122369042,1.0
20272034,high_energy,reconstruction,0.48,0.7336,0.4,0.88,0.0,0.96,0.05,0.01050274122369042,1.0
20272034,high_energy,max_similarity,0.12,0.6759999999999999,0.74,1.0,0.0,1.0,0.05,0.01050274122369042,1.0
20272034,high_energy,max_similarity,0.24,0.7951999999999999,0.34,1.0,0.0,1.0,0.05,0.01050274122369042,1.0
20272034,high_energy,max_similarity,0.48,1.0,0.0,1.0,0.0,1.0,0.05,0.01050274122369042,1.0
20272034,low_energy,weighted,0.12,0.6416,0.78,0.96,0.0,1.0,0.04,0.010559921861002608,1.0
20272034,low_energy,weighted,0.24,0.7648,0.4,0.96,0.0,1.0,0.04,0.010559921861002608,1.0
20272034,low_energy,weighted,0.48,0.7824,0.32,0.96,0.0,1.0,0.04,0.010559921861002608,1.0
20272034,low_energy,equal,0.12,0.6416000000000001,0.78,0.96,0.0,1.0,0.04,0.010559921861002608,1.0
20272034,low_energy,equal,0.24,0.7736000000000001,0.4,0.96,0.0,1.0,0.04,0.010559921861002608,1.0
20272034,low_energy,equal,0.48,0.9672,0.16,0.96,0.0,1.0,0.04,0.010559921861002608,1.0
20272034,low_energy,reconstruction,0.12,0.5664,0.78,0.88,0.0,0.96,0.04,0.010559921861002608,1.0
20272034,low_energy,reconstruction,0.24,0.6344000000000001,0.64,0.88,0.0,0.96,0.04,0.010559921861002608,1.0
20272034,low_energy,reconstruction,0.48,0.7263999999999999,0.46,0.88,0.0,0.96,0.04,0.010559921861002608,1.0
20272034,low_energy,max_similarity,0.12,0.6744,0.76,1.0,0.0,1.0,0.04,0.010559921861002608,1.0
20272034,low_energy,max_similarity,0.24,0.7951999999999999,0.34,1.0,0.0,1.0,0.04,0.010559921861002608,1.0
20272034,low_energy,max_similarity,0.48,1.0,0.0,1.0,0.0,1.0,0.04,0.010559921861002608,1.0
20272035,no_replay,weighted,0.12,0.7303999999999999,0.76,1.0,0.0,1.0,0.04,0.010522128817479078,1.0
20272035,no_replay,weighted,0.24,0.9776,0.16,1.0,0.0,1.0,0.04,0.010522128817479078,1.0
20272035,no_replay,weighted,0.48,1.0,0.0,1.0,0.0,1.0,0.04,0.010522128817479078,1.0
20272035,no_replay,equal,0.12,0.7303999999999999,0.76,1.0,0.0,1.0,0.04,0.010522128817479078,1.0
20272035,no_replay,equal,0.24,0.9776,0.16,1.0,0.0,1.0,0.04,0.010522128817479078,1.0
20272035,no_replay,equal,0.48,1.0,0.0,1.0,0.0,1.0,0.04,0.010522128817479078,1.0
20272035,no_replay,reconstruction,0.12,0.5256000000000001,0.86,0.92,0.0,1.0,0.04,0.010522128817479078,1.0
20272035,no_replay,reconstruction,0.24,0.604,0.7,0.92,0.0,1.0,0.04,0.010522128817479078,1.0
20272035,no_replay,reconstruction,0.48,0.8200000000000001,0.34,0.92,0.0,1.0,0.04,0.010522128817479078,1.0
20272035,no_replay,max_similarity,0.12,0.748,0.7,0.96,0.0,1.0,0.04,0.010522128817479078,1.0
20272035,no_replay,max_similarity,0.24,0.9904,0.08,0.96,0.0,1.0,0.04,0.010522128817479078,1.0
20272035,no_replay,max_similarity,0.48,1.0,0.0,0.96,0.0,1.0,0.04,0.010522128817479078,1.0
20272035,random_replay,weighted,0.12,0.6552,0.74,0.92,0.0,1.0,0.04,0.010546457623241018,1.0
20272035,random_replay,weighted,0.24,0.7672,0.36,0.92,0.0,1.0,0.04,0.010546457623241018,1.0
20272035,random_replay,weighted,0.48,0.7824,0.32,0.92,0.0,1.0,0.04,0.010546457623241018,1.0
20272035,random_replay,equal,0.12,0.652,0.72,0.92,0.0,1.0,0.04,0.010546457623241018,1.0
20272035,random_replay,equal,0.24,0.7736000000000001,0.36,0.92,0.0,1.0,0.04,0.010546457623241018,1.0
20272035,random_replay,equal,0.48,0.9352,0.2,0.92,0.0,1.0,0.04,0.010546457623241018,1.0
20272035,random_replay,reconstruction,0.12,0.588,0.74,0.84,0.0,0.96,0.04,0.010546457623241018,1.0
20272035,random_replay,reconstruction,0.24,0.6608,0.58,0.84,0.0,0.96,0.04,0.010546457623241018,1.0
20272035,random_replay,reconstruction,0.48,0.7432000000000001,0.42,0.84,0.0,0.96,0.04,0.010546457623241018,1.0
20272035,random_replay,max_similarity,0.12,0.6608,0.76,0.92,0.0,1.0,0.04,0.010546457623241018,1.0
20272035,random_replay,max_similarity,0.24,0.8032,0.36,0.92,0.0,1.0,0.04,0.010546457623241018,1.0
20272035,random_replay,max_similarity,0.48,1.0,0.0,0.92,0.0,1.0,0.04,0.010546457623241018,1.0
20272035,high_energy,weighted,0.12,0.6608,0.7,0.88,0.0,1.0,0.05,0.010396993479150374,1.0
20272035,high_energy,weighted,0.24,0.776,0.34,0.88,0.0,1.0,0.05,0.010396993479150374,1.0
20272035,high_energy,weighted,0.48,0.7824,0.32,0.88,0.0,1.0,0.05,0.010396993479150374,1.0
20272035,high_energy,equal,0.12,0.6552,0.7,0.88,0.0,1.0,0.05,0.010396993479150374,1.0
20272035,high_energy,equal,0.24,0.776,0.34,0.88,0.0,1.0,0.05,0.010396993479150374,1.0
20272035,high_energy,equal,0.48,0.9376000000000001,0.16,0.88,0.0,1.0,0.05,0.010396993479150374,1.0
20272035,high_energy,reconstruction,0.12,0.5744,0.66,0.76,0.0,0.96,0.05,0.010396993479150374,1.0
20272035,high_energy,reconstruction,0.24,0.6487999999999999,0.56,0.76,0.0,0.96,0.05,0.010396993479150374,1.0
20272035,high_energy,reconstruction,0.48,0.752,0.38,0.76,0.0,0.96,0.05,0.010396993479150374,1.0
20272035,high_energy,max_similarity,0.12,0.6679999999999999,0.72,0.92,0.0,1.0,0.05,0.010396993479150374,1.0
20272035,high_energy,max_similarity,0.24,0.8048,0.34,0.92,0.0,1.0,0.05,0.010396993479150374,1.0
20272035,high_energy,max_similarity,0.48,1.0,0.0,0.92,0.0,1.0,0.05,0.010396993479150374,1.0
20272035,low_energy,weighted,0.12,0.6552,0.76,0.92,0.0,1.0,0.04,0.010546457623241018,1.0
20272035,low_energy,weighted,0.24,0.7672,0.36,0.92,0.0,1.0,0.04,0.010546457623241018,1.0
20272035,low_energy,weighted,0.48,0.7824,0.32,0.92,0.0,1.0,0.04,0.010546457623241018,1.0
20272035,low_energy,equal,0.12,0.652,0.76,0.92,0.0,1.0,0.04,0.010546457623241018,1.0
20272035,low_energy,equal,0.24,0.7736000000000001,0.36,0.92,0.0,1.0,0.04,0.010546457623241018,1.0
20272035,low_energy,equal,0.48,0.9352,0.2,0.92,0.0,1.0,0.04,0.010546457623241018,1.0
20272035,low_energy,reconstruction,0.12,0.588,0.7,0.8,0.0,0.96,0.04,0.010546457623241018,1.0
20272035,low_energy,reconstruction,0.24,0.6608,0.58,0.8,0.0,0.96,0.04,0.010546457623241018,1.0
20272035,low_energy,reconstruction,0.48,0.7432000000000001,0.42,0.8,0.0,0.96,0.04,0.010546457623241018,1.0
20272035,low_energy,max_similarity,0.12,0.6608,0.76,0.92,0.0,1.0,0.04,0.010546457623241018,1.0
20272035,low_energy,max_similarity,0.24,0.8032,0.36,0.92,0.0,1.0,0.04,0.010546457623241018,1.0
20272035,low_energy,max_similarity,0.48,1.0,0.0,0.92,0.0,1.0,0.04,0.010546457623241018,1.0
20272036,no_replay,weighted,0.12,0.6968000000000001,0.66,0.92,0.0,1.0,0.04,0.010682136856548216,1.0
20272036,no_replay,weighted,0.24,0.9664,0.06,0.92,0.0,1.0,0.04,0.010682136856548216,1.0
20272036,no_replay,weighted,0.48,1.0,0.0,0.92,0.0,1.0,0.04,0.010682136856548216,1.0
20272036,no_replay,equal,0.12,0.6968000000000001,0.66,0.92,0.0,1.0,0.04,0.010682136856548216,1.0
20272036,no_replay,equal,0.24,0.9664,0.06,0.92,0.0,1.0,0.04,0.010682136856548216,1.0
20272036,no_replay,equal,0.48,1.0,0.0,0.92,0.0,1.0,0.04,0.010682136856548216,1.0
20272036,no_replay,reconstruction,0.12,0.5312,0.78,0.76,0.0,1.0,0.04,0.010682136856548216,1.0
20272036,no_replay,reconstruction,0.24,0.6240000000000001,0.66,0.76,0.0,1.0,0.04,0.010682136856548216,1.0
20272036,no_replay,reconstruction,0.48,0.8104,0.26,0.76,0.0,1.0,0.04,0.010682136856548216,1.0
20272036,no_replay,max_similarity,0.12,0.748,0.6,0.92,0.0,1.0,0.04,0.010682136856548216,1.0
20272036,no_replay,max_similarity,0.24,0.9904,0.0,0.92,0.0,1.0,0.04,0.010682136856548216,1.0
20272036,no_replay,max_similarity,0.48,1.0,0.0,0.92,0.0,1.0,0.04,0.010682136856548216,1.0
20272036,random_replay,weighted,0.12,0.6392,0.58,0.84,0.0,1.0,0.05,0.010418950984033039,1.0
20272036,random_replay,weighted,0.24,0.7696000000000001,0.32,0.84,0.0,1.0,0.05,0.010418950984033039,1.0
20272036,random_replay,weighted,0.48,0.7824,0.32,0.84,0.0,1.0,0.05,0.010418950984033039,1.0
20272036,random_replay,equal,0.12,0.6328,0.6,0.84,0.0,1.0,0.05,0.010418950984033039,1.0
20272036,random_replay,equal,0.24,0.7696000000000001,0.32,0.84,0.0,1.0,0.05,0.010418950984033039,1.0
20272036,random_replay,equal,0.48,0.9407999999999999,0.14,0.84,0.0,1.0,0.05,0.010418950984033039,1.0
20272036,random_replay,reconstruction,0.12,0.5792,0.72,0.8,0.0,0.96,0.05,0.010418950984033039,1.0
20272036,random_replay,reconstruction,0.24,0.64,0.6,0.8,0.0,0.96,0.05,0.010418950984033039,1.0
20272036,random_replay,reconstruction,0.48,0.7168000000000001,0.44,0.8,0.0,0.96,0.05,0.010418950984033039,1.0
20272036,random_replay,max_similarity,0.12,0.6528,0.56,0.8,0.0,1.0,0.05,0.010418950984033039,1.0
20272036,random_replay,max_similarity,0.24,0.7752,0.32,0.8,0.0,1.0,0.05,0.010418950984033039,1.0
20272036,random_replay,max_similarity,0.48,1.0,0.0,0.8,0.0,1.0,0.05,0.010418950984033039,1.0
20272036,high_energy,weighted,0.12,0.6392,0.58,0.84,0.0,1.0,0.05,0.010418950984033039,1.0
20272036,high_energy,weighted,0.24,0.7696000000000001,0.32,0.84,0.0,1.0,0.05,0.010418950984033039,1.0
20272036,high_energy,weighted,0.48,0.7824,0.32,0.84,0.0,1.0,0.05,0.010418950984033039,1.0
20272036,high_energy,equal,0.12,0.6328,0.58,0.84,0.0,1.0,0.05,0.010418950984033039,1.0
20272036,high_energy,equal,0.24,0.7696000000000001,0.32,0.84,0.0,1.0,0.05,0.010418950984033039,1.0
20272036,high_energy,equal,0.48,0.9407999999999999,0.14,0.84,0.0,1.0,0.05,0.010418950984033039,1.0
20272036,high_energy,reconstruction,0.12,0.5792,0.72,0.8,0.0,0.96,0.05,0.010418950984033039,1.0
20272036,high_energy,reconstruction,0.24,0.64,0.6,0.8,0.0,0.96,0.05,0.010418950984033039,1.0
20272036,high_energy,reconstruction,0.48,0.7168000000000001,0.44,0.8,0.0,0.96,0.05,0.010418950984033039,1.0
20272036,high_energy,max_similarity,0.12,0.6528,0.56,0.76,0.0,1.0,0.05,0.010418950984033039,1.0
20272036,high_energy,max_similarity,0.24,0.7752,0.32,0.76,0.0,1.0,0.05,0.010418950984033039,1.0
20272036,high_energy,max_similarity,0.48,1.0,0.0,0.76,0.0,1.0,0.05,0.010418950984033039,1.0
20272036,low_energy,weighted,0.12,0.6344,0.68,0.84,0.0,1.0,0.04,0.010606658011709241,1.0
20272036,low_energy,weighted,0.24,0.748,0.36,0.84,0.0,1.0,0.04,0.010606658011709241,1.0
20272036,low_energy,weighted,0.48,0.7824,0.32,0.84,0.0,1.0,0.04,0.010606658011709241,1.0
20272036,low_energy,equal,0.12,0.6312,0.68,0.84,0.0,1.0,0.04,0.010606658011709241,1.0
20272036,low_energy,equal,0.24,0.7504,0.32,0.84,0.0,1.0,0.04,0.010606658011709241,1.0
20272036,low_energy,equal,0.48,0.9256,0.16,0.84,0.0,1.0,0.04,0.010606658011709241,1.0
20272036,low_energy,reconstruction,0.12,0.5751999999999999,0.72,0.8,0.0,0.96,0.04,0.010606658011709241,1.0
20272036,low_energy,reconstruction,0.24,0.62,0.62,0.8,0.0,0.96,0.04,0.010606658011709241,1.0
20272036,low_energy,reconstruction,0.48,0.7103999999999999,0.46,0.8,0.0,0.96,0.04,0.010606658011709241,1.0
20272036,low_energy,max_similarity,0.12,0.6512,0.58,0.8,0.0,1.0,0.04,0.010606658011709241,1.0
20272036,low_energy,max_similarity,0.24,0.7752,0.32,0.8,0.0,1.0,0.04,0.010606658011709241,1.0
20272036,low_energy,max_similarity,0.48,1.0,0.0,0.8,0.0,1.0,0.04,0.010606658011709241,1.0
20272037,no_replay,weighted,0.12,0.7016,0.6,0.88,0.0,1.0,0.04,0.010672290112574877,1.0
20272037,no_replay,weighted,0.24,0.964,0.08,0.88,0.0,1.0,0.04,0.010672290112574877,1.0
20272037,no_replay,weighted,0.48,1.0,0.0,0.88,0.0,1.0,0.04,0.010672290112574877,1.0
20272037,no_replay,equal,0.12,0.7016,0.6,0.88,0.0,1.0,0.04,0.010672290112574877,1.0
20272037,no_replay,equal,0.24,0.964,0.08,0.88,0.0,1.0,0.04,0.010672290112574877,1.0
20272037,no_replay,equal,0.48,1.0,0.0,0.88,0.0,1.0,0.04,0.010672290112574877,1.0
20272037,no_replay,reconstruction,0.12,0.552,0.82,0.88,0.0,1.0,0.04,0.010672290112574877,1.0
20272037,no_replay,reconstruction,0.24,0.6472,0.6,0.88,0.0,1.0,0.04,0.010672290112574877,1.0
20272037,no_replay,reconstruction,0.48,0.8312,0.28,0.88,0.0,1.0,0.04,0.010672290112574877,1.0
20272037,no_replay,max_similarity,0.12,0.712,0.56,0.8,0.0,1.0,0.04,0.010672290112574877,1.0
20272037,no_replay,max_similarity,0.24,0.984,0.04,0.8,0.0,1.0,0.04,0.010672290112574877,1.0
20272037,no_replay,max_similarity,0.48,1.0,0.0,0.8,0.0,1.0,0.04,0.010672290112574877,1.0
20272037,random_replay,weighted,0.12,0.6328,0.7,0.88,0.0,1.0,0.04,0.010558826933919081,1.0
20272037,random_replay,weighted,0.24,0.7536,0.36,0.88,0.0,1.0,0.04,0.010558826933919081,1.0
20272037,random_replay,weighted,0.48,0.7824,0.32,0.88,0.0,1.0,0.04,0.010558826933919081,1.0
20272037,random_replay,equal,0.12,0.632,0.68,0.84,0.0,1.0,0.04,0.010558826933919081,1.0
20272037,random_replay,equal,0.24,0.7576,0.36,0.84,0.0,1.0,0.04,0.010558826933919081,1.0
20272037,random_replay,equal,0.48,0.9623999999999999,0.1,0.84,0.0,1.0,0.04,0.010558826933919081,1.0
20272037,random_replay,reconstruction,0.12,0.5880000000000001,0.76,0.92,0.0,0.88,0.04,0.010558826933919081,1.0
20272037,random_replay,reconstruction,0.24,0.6344000000000001,0.62,0.92,0.0,0.88,0.04,0.010558826933919081,1.0
20272037,random_replay,reconstruction,0.48,0.7176,0.46,0.92,0.0,0.88,0.04,0.010558826933919081,1.0
20272037,random_replay,max_similarity,0.12,0.6472,0.66,0.84,0.0,1.0,0.04,0.010558826933919081,1.0
20272037,random_replay,max_similarity,0.24,0.7864,0.34,0.84,0.0,1.0,0.04,0.010558826933919081,1.0
20272037,random_replay,max_similarity,0.48,1.0,0.0,0.84,0.0,1.0,0.04,0.010558826933919081,1.0
20272037,high_energy,weighted,0.12,0.6376,0.64,0.84,0.0,1.0,0.04,0.010599195740168512,1.0
20272037,high_energy,weighted,0.24,0.7664,0.36,0.84,0.0,1.0,0.04,0.010599195740168512,1.0
20272037,high_energy,weighted,0.48,0.7824,0.32,0.84,0.0,1.0,0.04,0.010599195740168512,1.0
20272037,high_energy,equal,0.12,0.6328,0.66,0.84,0.0,1.0,0.04,0.010599195740168512,1.0
20272037,high_energy,equal,0.24,0.7656000000000001,0.36,0.84,0.0,1.0,0.04,0.010599195740168512,1.0
20272037,high_energy,equal,0.48,0.9688,0.1,0.84,0.0,1.0,0.04,0.010599195740168512,1.0
20272037,high_energy,reconstruction,0.12,0.5936,0.76,0.88,0.0,0.88,0.04,0.010599195740168512,1.0
20272037,high_energy,reconstruction,0.24,0.6408,0.56,0.88,0.0,0.88,0.04,0.010599195740168512,1.0
20272037,high_energy,reconstruction,0.48,0.7216,0.44,0.88,0.0,0.88,0.04,0.010599195740168512,1.0
20272037,high_energy,max_similarity,0.12,0.644,0.62,0.8,0.0,1.0,0.04,0.010599195740168512,1.0
20272037,high_energy,max_similarity,0.24,0.784,0.34,0.8,0.0,1.0,0.04,0.010599195740168512,1.0
20272037,high_energy,max_similarity,0.48,1.0,0.0,0.8,0.0,1.0,0.04,0.010599195740168512,1.0
20272037,low_energy,weighted,0.12,0.6328,0.72,0.92,0.0,1.0,0.04,0.010558826933919081,1.0
20272037,low_energy,weighted,0.24,0.7536,0.38,0.92,0.0,1.0,0.04,0.010558826933919081,1.0
20272037,low_energy,weighted,0.48,0.7824,0.32,0.92,0.0,1.0,0.04,0.010558826933919081,1.0
20272037,low_energy,equal,0.12,0.632,0.72,0.92,0.0,1.0,0.04,0.010558826933919081,1.0
20272037,low_energy,equal,0.24,0.7576,0.38,0.92,0.0,1.0,0.04,0.010558826933919081,1.0
20272037,low_energy,equal,0.48,0.9623999999999999,0.1,0.92,0.0,1.0,0.04,0.010558826933919081,1.0
20272037,low_energy,reconstruction,0.12,0.5880000000000001,0.76,0.92,0.0,0.88,0.04,0.010558826933919081,1.0
20272037,low_energy,reconstruction,0.24,0.6344000000000001,0.62,0.92,0.0,0.88,0.04,0.010558826933919081,1.0
20272037,low_energy,reconstruction,0.48,0.7176,0.46,0.92,0.0,0.88,0.04,0.010558826933919081,1.0
20272037,low_energy,max_similarity,0.12,0.6472,0.66,0.84,0.0,1.0,0.04,0.010558826933919081,1.0
20272037,low_energy,max_similarity,0.24,0.7864,0.34,0.84,0.0,1.0,0.04,0.010558826933919081,1.0
20272037,low_energy,max_similarity,0.48,1.0,0.0,0.84,0.0,1.0,0.04,0.010558826933919081,1.0
20272038,no_replay,weighted,0.12,0.7048000000000001,0.64,0.84,0.0,1.0,0.04,0.010598151673016965,1.0
20272038,no_replay,weighted,0.24,0.9736,0.06,0.84,0.0,1.0,0.04,0.010598151673016965,1.0
20272038,no_replay,weighted,0.48,1.0,0.0,0.84,0.0,1.0,0.04,0.010598151673016965,1.0
20272038,no_replay,equal,0.12,0.7048000000000001,0.64,0.84,0.0,1.0,0.04,0.010598151673016965,1.0
20272038,no_replay,equal,0.24,0.9736,0.06,0.84,0.0,1.0,0.04,0.010598151673016965,1.0
20272038,no_replay,equal,0.48,1.0,0.0,0.84,0.0,1.0,0.04,0.010598151673016965,1.0
20272038,no_replay,reconstruction,0.12,0.5184,0.9,0.92,0.0,1.0,0.04,0.010598151673016965,1.0
20272038,no_replay,reconstruction,0.24,0.6216,0.74,0.92,0.0,1.0,0.04,0.010598151673016965,1.0
20272038,no_replay,reconstruction,0.48,0.8520000000000001,0.34,0.92,0.0,1.0,0.04,0.010598151673016965,1.0
20272038,no_replay,max_similarity,0.12,0.7024,0.5,0.84,0.0,1.0,0.04,0.010598151673016965,1.0
20272038,no_replay,max_similarity,0.24,0.9672,0.04,0.84,0.0,1.0,0.04,0.010598151673016965,1.0
20272038,no_replay,max_similarity,0.48,1.0,0.0,0.84,0.0,1.0,0.04,0.010598151673016965,1.0
20272038,random_replay,weighted,0.12,0.636,0.64,0.8,0.0,1.0,0.04,0.010547147420158871,1.0
20272038,random_replay,weighted,0.24,0.7696000000000001,0.34,0.8,0.0,1.0,0.04,0.010547147420158871,1.0
20272038,random_replay,weighted,0.48,0.7824,0.32,0.8,0.0,1.0,0.04,0.010547147420158871,1.0
20272038,random_replay,equal,0.12,0.628,0.64,0.8,0.0,1.0,0.04,0.010547147420158871,1.0
20272038,random_replay,equal,0.24,0.7704,0.36,0.8,0.0,1.0,0.04,0.010547147420158871,1.0
20272038,random_replay,equal,0.48,0.9496,0.14,0.8,0.0,1.0,0.04,0.010547147420158871,1.0
20272038,random_replay,reconstruction,0.12,0.576,0.86,0.92,0.0,0.92,0.04,0.010547147420158871,1.0
20272038,random_replay,reconstruction,0.24,0.6464000000000001,0.7,0.92,0.0,0.92,0.04,0.010547147420158871,1.0
20272038,random_replay,reconstruction,0.48,0.7424000000000001,0.42,0.92,0.0,0.92,0.04,0.010547147420158871,1.0
20272038,random_replay,max_similarity,0.12,0.6416,0.58,0.8,0.0,1.0,0.04,0.010547147420158871,1.0
20272038,random_replay,max_similarity,0.24,0.776,0.34,0.8,0.0,1.0,0.04,0.010547147420158871,1.0
20272038,random_replay,max_similarity,0.48,1.0,0.0,0.8,0.0,1.0,0.04,0.010547147420158871,1.0
20272038,high_energy,weighted,0.12,0.636,0.64,0.8,0.0,1.0,0.04,0.010547147420158871,1.0
20272038,high_energy,weighted,0.24,0.7696000000000001,0.34,0.8,0.0,1.0,0.04,0.010547147420158871,1.0
20272038,high_energy,weighted,0.48,0.7824,0.32,0.8,0.0,1.0,0.04,0.010547147420158871,1.0
20272038,high_energy,equal,0.12,0.628,0.58,0.8,0.0,1.0,0.04,0.010547147420158871,1.0
20272038,high_energy,equal,0.24,0.7704,0.34,0.8,0.0,1.0,0.04,0.010547147420158871,1.0
20272038,high_energy,equal,0.48,0.9496,0.14,0.8,0.0,1.0,0.04,0.010547147420158871,1.0
20272038,high_energy,reconstruction,0.12,0.576,0.88,0.92,0.0,0.92,0.04,0.010547147420158871,1.0
20272038,high_energy,reconstruction,0.24,0.6464000000000001,0.7,0.92,0.0,0.92,0.04,0.010547147420158871,1.0
20272038,high_energy,reconstruction,0.48,0.7424000000000001,0.42,0.92,0.0,0.92,0.04,0.010547147420158871,1.0
20272038,high_energy,max_similarity,0.12,0.6416,0.58,0.8,0.0,1.0,0.04,0.010547147420158871,1.0
20272038,high_energy,max_similarity,0.24,0.776,0.34,0.8,0.0,1.0,0.04,0.010547147420158871,1.0
20272038,high_energy,max_similarity,0.48,1.0,0.0,0.8,0.0,1.0,0.04,0.010547147420158871,1.0
20272038,low_energy,weighted,0.12,0.632,0.62,0.84,0.0,1.0,0.04,0.010524061370335782,1.0
20272038,low_energy,weighted,0.24,0.7536,0.36,0.84,0.0,1.0,0.04,0.010524061370335782,1.0
20272038,low_energy,weighted,0.48,0.7824,0.32,0.84,0.0,1.0,0.04,0.010524061370335782,1.0
20272038,low_energy,equal,0.12,0.6272,0.64,0.84,0.0,1.0,0.04,0.010524061370335782,1.0
20272038,low_energy,equal,0.24,0.7616,0.36,0.84,0.0,1.0,0.04,0.010524061370335782,1.0
20272038,low_energy,equal,0.48,0.9328,0.22,0.84,0.0,1.0,0.04,0.010524061370335782,1.0
20272038,low_energy,reconstruction,0.12,0.5656,0.88,0.92,0.0,0.92,0.04,0.010524061370335782,1.0
20272038,low_energy,reconstruction,0.24,0.6408,0.7,0.92,0.0,0.92,0.04,0.010524061370335782,1.0
20272038,low_energy,reconstruction,0.48,0.7248000000000001,0.46,0.92,0.0,0.92,0.04,0.010524061370335782,1.0
20272038,low_energy,max_similarity,0.12,0.6408,0.58,0.8,0.0,1.0,0.04,0.010524061370335782,1.0
20272038,low_energy,max_similarity,0.24,0.7767999999999999,0.34,0.8,0.0,1.0,0.04,0.010524061370335782,1.0
20272038,low_energy,max_similarity,0.48,1.0,0.0,0.8,0.0,1.0,0.04,0.010524061370335782,1.0
20272039,no_replay,weighted,0.12,0.7704,0.7,0.92,0.0,1.0,0.04,0.010644355370278982,1.0
20272039,no_replay,weighted,0.24,0.9936,0.0,0.92,0.0,1.0,0.04,0.010644355370278982,1.0
20272039,no_replay,weighted,0.48,1.0,0.0,0.92,0.0,1.0,0.04,0.010644355370278982,1.0
20272039,no_replay,equal,0.12,0.7704,0.7,0.92,0.0,1.0,0.04,0.010644355370278982,1.0
20272039,no_replay,equal,0.24,0.9936,0.0,0.92,0.0,1.0,0.04,0.010644355370278982,1.0
20272039,no_replay,equal,0.48,1.0,0.0,0.92,0.0,1.0,0.04,0.010644355370278982,1.0
20272039,no_replay,reconstruction,0.12,0.5344,0.8,0.88,0.0,1.0,0.04,0.010644355370278982,1.0
20272039,no_replay,reconstruction,0.24,0.632,0.72,0.88,0.0,1.0,0.04,0.010644355370278982,1.0
20272039,no_replay,reconstruction,0.48,0.8456,0.26,0.88,0.0,1.0,0.04,0.010644355370278982,1.0
20272039,no_replay,max_similarity,0.12,0.788,0.54,0.88,0.0,1.0,0.04,0.010644355370278982,1.0
20272039,no_replay,max_similarity,0.24,0.9984,0.0,0.88,0.0,1.0,0.04,0.010644355370278982,1.0
20272039,no_replay,max_similarity,0.48,1.0,0.0,0.88,0.0,1.0,0.04,0.010644355370278982,1.0
20272039,random_replay,weighted,0.12,0.6592,0.64,0.88,0.0,1.0,0.04,0.01058404064430445,1.0
20272039,random_replay,weighted,0.24,0.7615999999999999,0.32,0.88,0.0,1.0,0.04,0.01058404064430445,1.0
20272039,random_replay,weighted,0.48,0.7824,0.32,0.88,0.0,1.0,0.04,0.01058404064430445,1.0
20272039,random_replay,equal,0.12,0.6568,0.64,0.88,0.0,1.0,0.04,0.01058404064430445,1.0
20272039,random_replay,equal,0.24,0.7712,0.32,0.88,0.0,1.0,0.04,0.01058404064430445,1.0
20272039,random_replay,equal,0.48,0.9583999999999999,0.12,0.88,0.0,1.0,0.04,0.01058404064430445,1.0
20272039,random_replay,reconstruction,0.12,0.5744,0.82,0.88,0.0,0.92,0.04,0.01058404064430445,1.0
20272039,random_replay,reconstruction,0.24,0.6336,0.64,0.88,0.0,0.92,0.04,0.01058404064430445,1.0
20272039,random_replay,reconstruction,0.48,0.7384,0.42,0.88,0.0,0.92,0.04,0.01058404064430445,1.0
20272039,random_replay,max_similarity,0.12,0.6728000000000001,0.58,0.84,0.0,1.0,0.04,0.01058404064430445,1.0
20272039,random_replay,max_similarity,0.24,0.7936,0.32,0.84,0.0,1.0,0.04,0.01058404064430445,1.0
20272039,random_replay,max_similarity,0.48,1.0,0.0,0.84,0.0,1.0,0.04,0.01058404064430445,1.0
20272039,high_energy,weighted,0.12,0.6751999999999999,0.6,0.88,0.0,1.0,0.04,0.010629790968630237,1.0
20272039,high_energy,weighted,0.24,0.7792,0.32,0.88,0.0,1.0,0.04,0.010629790968630237,1.0
20272039,high_energy,weighted,0.48,0.7824,0.32,0.88,0.0,1.0,0.04,0.010629790968630237,1.0
20272039,high_energy,equal,0.12,0.6672,0.62,0.88,0.0,1.0,0.04,0.010629790968630237,1.0
20272039,high_energy,equal,0.24,0.7792,0.32,0.88,0.0,1.0,0.04,0.010629790968630237,1.0
20272039,high_energy,equal,0.48,0.9696,0.12,0.88,0.0,1.0,0.04,0.010629790968630237,1.0
20272039,high_energy,reconstruction,0.12,0.5784,0.76,0.88,0.0,0.96,0.04,0.010629790968630237,1.0
20272039,high_energy,reconstruction,0.24,0.6392,0.6,0.88,0.0,0.96,0.04,0.010629790968630237,1.0
20272039,high_energy,reconstruction,0.48,0.7464,0.36,0.88,0.0,0.96,0.04,0.010629790968630237,1.0
20272039,high_energy,max_similarity,0.12,0.6752,0.6,0.84,0.0,1.0,0.04,0.010629790968630237,1.0
20272039,high_energy,max_similarity,0.24,0.7936,0.32,0.84,0.0,1.0,0.04,0.010629790968630237,1.0
20272039,high_energy,max_similarity,0.48,1.0,0.0,0.84,0.0,1.0,0.04,0.010629790968630237,1.0
20272039,low_energy,weighted,0.12,0.6592,0.68,0.88,0.0,1.0,0.04,0.01058404064430445,1.0
20272039,low_energy,weighted,0.24,0.7615999999999999,0.32,0.88,0.0,1.0,0.04,0.01058404064430445,1.0
20272039,low_energy,weighted,0.48,0.7824,0.32,0.88,0.0,1.0,0.04,0.01058404064430445,1.0
20272039,low_energy,equal,0.12,0.6568,0.64,0.88,0.0,1.0,0.04,0.01058404064430445,1.0
20272039,low_energy,equal,0.24,0.7712,0.32,0.88,0.0,1.0,0.04,0.01058404064430445,1.0
20272039,low_energy,equal,0.48,0.9583999999999999,0.12,0.88,0.0,1.0,0.04,0.01058404064430445,1.0
20272039,low_energy,reconstruction,0.12,0.5744,0.82,0.88,0.0,0.92,0.04,0.01058404064430445,1.0
20272039,low_energy,reconstruction,0.24,0.6336,0.64,0.88,0.0,0.92,0.04,0.01058404064430445,1.0
20272039,low_energy,reconstruction,0.48,0.7384,0.4,0.88,0.0,0.92,0.04,0.01058404064430445,1.0
20272039,low_energy,max_similarity,0.12,0.6728000000000001,0.6,0.84,0.0,1.0,0.04,0.01058404064430445,1.0
20272039,low_energy,max_similarity,0.24,0.7936,0.32,0.84,0.0,1.0,0.04,0.01058404064430445,1.0
20272039,low_energy,max_similarity,0.48,1.0,0.0,0.84,0.0,1.0,0.04,0.01058404064430445,1.0
20272040,no_replay,weighted,0.12,0.7487999999999999,0.64,0.92,0.0,1.0,0.04,0.010635990582826493,1.0
20272040,no_replay,weighted,0.24,0.9888,0.04,0.92,0.0,1.0,0.04,0.010635990582826493,1.0
20272040,no_replay,weighted,0.48,1.0,0.0,0.92,0.0,1.0,0.04,0.010635990582826493,1.0
20272040,no_replay,equal,0.12,0.7487999999999999,0.64,0.92,0.0,1.0,0.04,0.010635990582826493,1.0
20272040,no_replay,equal,0.24,0.9888,0.04,0.92,0.0,1.0,0.04,0.010635990582826493,1.0
20272040,no_replay,equal,0.48,1.0,0.0,0.92,0.0,1.0,0.04,0.010635990582826493,1.0
20272040,no_replay,reconstruction,0.12,0.5327999999999999,0.9,0.88,0.0,1.0,0.04,0.010635990582826493,1.0
20272040,no_replay,reconstruction,0.24,0.6352,0.78,0.88,0.0,1.0,0.04,0.010635990582826493,1.0
20272040,no_replay,reconstruction,0.48,0.8407999999999999,0.26,0.88,0.0,1.0,0.04,0.010635990582826493,1.0
20272040,no_replay,max_similarity,0.12,0.7551999999999999,0.6,0.88,0.0,1.0,0.04,0.010635990582826493,1.0
20272040,no_replay,max_similarity,0.24,0.9992,0.0,0.88,0.0,1.0,0.04,0.010635990582826493,1.0
20272040,no_replay,max_similarity,0.48,1.0,0.0,0.88,0.0,1.0,0.04,0.010635990582826493,1.0
20272040,random_replay,weighted,0.12,0.6671999999999999,0.66,0.88,0.0,1.0,0.04,0.010591949242871929,1.0
20272040,random_replay,weighted,0.24,0.776,0.32,0.88,0.0,1.0,0.04,0.010591949242871929,1.0
20272040,random_replay,weighted,0.48,0.7824,0.32,0.88,0.0,1.0,0.04,0.010591949242871929,1.0
20272040,random_replay,equal,0.12,0.664,0.66,0.84,0.0,1.0,0.04,0.010591949242871929,1.0
20272040,random_replay,equal,0.24,0.7824,0.32,0.84,0.0,1.0,0.04,0.010591949242871929,1.0
20272040,random_replay,equal,0.48,0.9063999999999999,0.2,0.84,0.0,1.0,0.04,0.010591949242871929,1.0
20272040,random_replay,reconstruction,0.12,0.5984,0.8,0.88,0.0,0.96,0.04,0.010591949242871929,1.0
20272040,random_replay,reconstruction,0.24,0.664,0.6,0.88,0.0,0.96,0.04,0.010591949242871929,1.0
20272040,random_replay,reconstruction,0.48,0.748,0.42,0.88,0.0,0.96,0.04,0.010591949242871929,1.0
20272040,random_replay,max_similarity,0.12,0.6832,0.6,0.8,0.0,1.0,0.04,0.010591949242871929,1.0
20272040,random_replay,max_similarity,0.24,0.7824,0.32,0.8,0.0,1.0,0.04,0.010591949242871929,1.0
20272040,random_replay,max_similarity,0.48,1.0,0.0,0.8,0.0,1.0,0.04,0.010591949242871929,1.0
20272040,high_energy,weighted,0.12,0.6703999999999999,0.64,0.8,0.0,1.0,0.05,0.010421613476356242,1.0
20272040,high_energy,weighted,0.24,0.7824,0.32,0.8,0.0,1.0,0.05,0.010421613476356242,1.0
20272040,high_energy,weighted,0.48,0.7824,0.32,0.8,0.0,1.0,0.05,0.010421613476356242,1.0
20272040,high_energy,equal,0.12,0.6639999999999999,0.66,0.8,0.0,1.0,0.05,0.010421613476356242,1.0
20272040,high_energy,equal,0.24,0.7824,0.32,0.8,0.0,1.0,0.05,0.010421613476356242,1.0
20272040,high_energy,equal,0.48,0.92,0.16,0.8,0.0,1.0,0.05,0.010421613476356242,1.0
20272040,high_energy,reconstruction,0.12,0.596,0.76,0.84,0.0,0.96,0.05,0.010421613476356242,1.0
20272040,high_energy,reconstruction,0.24,0.668,0.58,0.84,0.0,0.96,0.05,0.010421613476356242,1.0
20272040,high_energy,reconstruction,0.48,0.76,0.38,0.84,0.0,0.96,0.05,0.010421613476356242,1.0
20272040,high_energy,max_similarity,0.12,0.6808000000000001,0.6,0.8,0.0,1.0,0.05,0.010421613476356242,1.0
20272040,high_energy,max_similarity,0.24,0.7951999999999999,0.32,0.8,0.0,1.0,0.05,0.010421613476356242,1.0
20272040,high_energy,max_similarity,0.48,1.0,0.0,0.8,0.0,1.0,0.05,0.010421613476356242,1.0
20272040,low_energy,weighted,0.12,0.6671999999999999,0.66,0.88,0.0,1.0,0.04,0.010591949242871929,1.0
20272040,low_energy,weighted,0.24,0.776,0.32,0.88,0.0,1.0,0.04,0.010591949242871929,1.0
20272040,low_energy,weighted,0.48,0.7824,0.32,0.88,0.0,1.0,0.04,0.010591949242871929,1.0
20272040,low_energy,equal,0.12,0.664,0.68,0.88,0.0,1.0,0.04,0.010591949242871929,1.0
20272040,low_energy,equal,0.24,0.7824,0.32,0.88,0.0,1.0,0.04,0.010591949242871929,1.0
20272040,low_energy,equal,0.48,0.9063999999999999,0.22,0.88,0.0,1.0,0.04,0.010591949242871929,1.0
20272040,low_energy,reconstruction,0.12,0.5984,0.8,0.84,0.0,0.96,0.04,0.010591949242871929,1.0
20272040,low_energy,reconstruction,0.24,0.664,0.6,0.84,0.0,0.96,0.04,0.010591949242871929,1.0
20272040,low_energy,reconstruction,0.48,0.748,0.42,0.84,0.0,0.96,0.04,0.010591949242871929,1.0
20272040,low_energy,max_similarity,0.12,0.6832,0.6,0.8,0.0,1.0,0.04,0.010591949242871929,1.0
20272040,low_energy,max_similarity,0.24,0.7824,0.32,0.8,0.0,1.0,0.04,0.010591949242871929,1.0
20272040,low_energy,max_similarity,0.48,1.0,0.0,0.8,0.0,1.0,0.04,0.010591949242871929,1.0
