seed,condition,arm,angle,auc,false_alarm,hit,identity,mse,convergence,outlier_identity,cluster_identity,unrelated_false_alarm,task2_hit
20270001,n12_c15,high_energy,0.12,0.7485207100591716,0.8461538461538461,1.0,0.6153846153846154,0.006287492938548545,0.6730769230769231,1.0,0.5833333333333334,0.0,1.0
20270001,n12_c15,high_energy,0.24,0.7633136094674556,0.6153846153846154,1.0,0.6153846153846154,0.006287492938548545,0.6730769230769231,1.0,0.5833333333333334,0.0,1.0
20270001,n12_c15,high_energy,0.48,0.7633136094674556,0.6153846153846154,1.0,0.6153846153846154,0.006287492938548545,0.6730769230769231,1.0,0.5833333333333334,0.0,1.0
20270001,n12_c15,low_energy,0.12,0.7485207100591716,0.8076923076923077,1.0,0.5384615384615384,0.006836774082394679,1.0,0.0,0.5833333333333334,0.0,1.0
20270001,n12_c15,low_energy,0.24,0.7633136094674556,0.6153846153846154,1.0,0.5384615384615384,0.006836774082394679,1.0,0.0,0.5833333333333334,0.0,1.0
20270001,n12_c15,low_energy,0.48,0.7633136094674556,0.6153846153846154,1.0,0.5384615384615384,0.006836774082394679,1.0,0.0,0.5833333333333334,0.0,1.0
20270001,n12_c15,no_replay,0.12,0.8579881656804734,0.7692307692307693,0.9230769230769231,0.4807692307692308,0.007382016858666471,1.0,0.75,0.4583333333333333,0.0,1.0
20270001,n12_c15,no_replay,0.24,0.9970414201183432,0.038461538461538464,0.9230769230769231,0.4807692307692308,0.007382016858666471,1.0,0.75,0.4583333333333333,0.0,1.0
20270001,n12_c15,no_replay,0.48,1.0,0.0,0.9230769230769231,0.4807692307692308,0.007382016858666471,1.0,0.75,0.4583333333333333,0.0,1.0
20270001,n12_c15,random_replay,0.12,0.7485207100591716,0.8461538461538461,1.0,0.6153846153846154,0.006287492938548545,0.6730769230769231,1.0,0.5833333333333334,0.0,1.0
20270001,n12_c15,random_replay,0.24,0.7633136094674556,0.6153846153846154,1.0,0.6153846153846154,0.006287492938548545,0.6730769230769231,1.0,0.5833333333333334,0.0,1.0
20270001,n12_c15,random_replay,0.48,0.7633136094674556,0.6153846153846154,1.0,0.6153846153846154,0.006287492938548545,0.6730769230769231,1.0,0.5833333333333334,0.0,1.0
20270001,n12_c35,high_energy,0.12,0.7011834319526626,0.8076923076923077,0.8461538461538461,0.17307692307692307,0.00939428803705435,1.0,0.25,0.16666666666666666,0.0,1.0
20270001,n12_c35,high_energy,0.24,0.7633136094674556,0.6153846153846154,0.8461538461538461,0.17307692307692307,0.00939428803705435,1.0,0.25,0.16666666666666666,0.0,1.0
20270001,n12_c35,high_energy,0.48,0.7633136094674556,0.6153846153846154,0.8461538461538461,0.17307692307692307,0.00939428803705435,1.0,0.25,0.16666666666666666,0.0,1.0
20270001,n12_c35,low_energy,0.12,0.7130177514792899,0.8461538461538461,0.9230769230769231,0.15384615384615385,0.009710340259731918,1.0,0.0,0.16666666666666666,0.0,1.0
20270001,n12_c35,low_energy,0.24,0.7485207100591716,0.6538461538461539,0.9230769230769231,0.15384615384615385,0.009710340259731918,1.0,0.0,0.16666666666666666,0.0,1.0
20270001,n12_c35,low_energy,0.48,0.7633136094674556,0.6153846153846154,0.9230769230769231,0.15384615384615385,0.009710340259731918,1.0,0.0,0.16666666666666666,0.0,1.0
20270001,n12_c35,no_replay,0.12,0.7426035502958581,0.6923076923076923,0.9230769230769231,0.09615384615384616,0.010270318389735715,1.0,0.25,0.08333333333333333,0.0,1.0
20270001,n12_c35,no_replay,0.24,0.9940828402366865,0.038461538461538464,0.9230769230769231,0.09615384615384616,0.010270318389735715,1.0,0.25,0.08333333333333333,0.0,1.0
20270001,n12_c35,no_replay,0.48,1.0,0.0,0.9230769230769231,0.09615384615384616,0.010270318389735715,1.0,0.25,0.08333333333333333,0.0,1.0
20270001,n12_c35,random_replay,0.12,0.7011834319526626,0.8076923076923077,0.8461538461538461,0.17307692307692307,0.00939428803705435,1.0,0.25,0.16666666666666666,0.0,1.0
20270001,n12_c35,random_replay,0.24,0.7633136094674556,0.6153846153846154,0.8461538461538461,0.17307692307692307,0.00939428803705435,1.0,0.25,0.16666666666666666,0.0,1.0
20270001,n12_c35,random_replay,0.48,0.7633136094674556,0.6153846153846154,0.8461538461538461,0.17307692307692307,0.00939428803705435,1.0,0.25,0.16666666666666666,0.0,1.0
20270001,n12_c65,high_energy,0.12,0.6538461538461539,0.7307692307692307,0.9230769230769231,0.07692307692307693,0.0069124455021013715,1.0,0.0,0.08333333333333333,0.0,1.0
20270001,n12_c65,high_energy,0.24,0.7278106508875739,0.6153846153846154,0.9230769230769231,0.07692307692307693,0.0069124455021013715,1.0,0.0,0.08333333333333333,0.0,1.0
20270001,n12_c65,high_energy,0.48,0.9911242603550297,0.038461538461538464,0.9230769230769231,0.07692307692307693,0.0069124455021013715,1.0,0.0,0.08333333333333333,0.0,1.0
20270001,n12_c65,low_energy,0.12,0.6775147928994083,0.8076923076923077,0.9230769230769231,0.07692307692307693,0.006839489941239606,1.0,0.0,0.08333333333333333,0.0,0.9230769230769231
20270001,n12_c65,low_energy,0.24,0.7396449704142012,0.6153846153846154,0.9230769230769231,0.07692307692307693,0.006839489941239606,1.0,0.0,0.08333333333333333,0.0,0.9230769230769231
20270001,n12_c65,low_energy,0.48,0.9289940828402368,0.038461538461538464,0.9230769230769231,0.07692307692307693,0.006839489941239606,1.0,0.0,0.08333333333333333,0.0,0.9230769230769231
20270001,n12_c65,no_replay,0.12,0.665680473372781,0.6923076923076923,0.9230769230769231,0.07692307692307693,0.007364211619883801,1.0,0.0,0.08333333333333333,0.0,0.9230769230769231
20270001,n12_c65,no_replay,0.24,0.8757396449704143,0.3076923076923077,0.9230769230769231,0.07692307692307693,0.007364211619883801,1.0,0.0,0.08333333333333333,0.0,0.9230769230769231
20270001,n12_c65,no_replay,0.48,0.9970414201183432,0.0,0.9230769230769231,0.07692307692307693,0.007364211619883801,1.0,0.0,0.08333333333333333,0.0,0.9230769230769231
20270001,n12_c65,random_replay,0.12,0.6538461538461539,0.7307692307692307,0.9230769230769231,0.07692307692307693,0.0069124455021013715,1.0,0.0,0.08333333333333333,0.0,1.0
20270001,n12_c65,random_replay,0.24,0.7278106508875739,0.6153846153846154,0.9230769230769231,0.07692307692307693,0.0069124455021013715,1.0,0.0,0.08333333333333333,0.0,1.0
20270001,n12_c65,random_replay,0.48,0.9911242603550297,0.038461538461538464,0.9230769230769231,0.07692307692307693,0.0069124455021013715,1.0,0.0,0.08333333333333333,0.0,1.0
20270001,n24_c15,high_energy,0.12,0.6688000000000001,0.58,0.8,0.14,0.011868724606331052,1.0,0.0,0.14583333333333334,0.0,1.0
20270001,n24_c15,high_energy,0.24,0.7784,0.32,0.8,0.14,0.011868724606331052,1.0,0.0,0.14583333333333334,0.0,1.0
20270001,n24_c15,high_energy,0.48,0.7824,0.32,0.8,0.14,0.011868724606331052,1.0,0.0,0.14583333333333334,0.0,1.0
20270001,n24_c15,low_energy,0.12,0.6679999999999999,0.62,0.84,0.17,0.011460314407026786,1.0,0.0,0.17708333333333334,0.0,1.0
20270001,n24_c15,low_energy,0.24,0.7776000000000001,0.34,0.84,0.17,0.011460314407026786,1.0,0.0,0.17708333333333334,0.0,1.0
20270001,n24_c15,low_energy,0.48,0.7824,0.32,0.84,0.17,0.011460314407026786,1.0,0.0,0.17708333333333334,0.0,1.0
20270001,n24_c15,no_replay,0.12,0.7128000000000001,0.52,0.8,0.05,0.013099568104015764,1.0,0.0,0.052083333333333336,0.0,1.0
20270001,n24_c15,no_replay,0.24,0.9712000000000001,0.04,0.8,0.05,0.013099568104015764,1.0,0.0,0.052083333333333336,0.0,1.0
20270001,n24_c15,no_replay,0.48,1.0,0.0,0.8,0.05,0.013099568104015764,1.0,0.0,0.052083333333333336,0.0,1.0
20270001,n24_c15,random_replay,0.12,0.6679999999999999,0.62,0.84,0.17,0.011460314407026786,1.0,0.0,0.17708333333333334,0.0,1.0
20270001,n24_c15,random_replay,0.24,0.7776000000000001,0.34,0.84,0.17,0.011460314407026786,1.0,0.0,0.17708333333333334,0.0,1.0
20270001,n24_c15,random_replay,0.48,0.7824,0.32,0.84,0.17,0.011460314407026786,1.0,0.0,0.17708333333333334,0.0,1.0
20270001,n24_c35,high_energy,0.12,0.6487999999999999,0.48,0.68,0.05,0.010438030330432932,1.0,0.25,0.041666666666666664,0.0,1.0
20270001,n24_c35,high_energy,0.24,0.7776,0.32,0.68,0.05,0.010438030330432932,1.0,0.25,0.041666666666666664,0.0,1.0
20270001,n24_c35,high_energy,0.48,0.7824,0.32,0.68,0.05,0.010438030330432932,1.0,0.25,0.041666666666666664,0.0,1.0
20270001,n24_c35,low_energy,0.12,0.6456,0.58,0.76,0.04,0.010599288708841303,1.0,0.0,0.041666666666666664,0.0,1.0
20270001,n24_c35,low_energy,0.24,0.7584,0.34,0.76,0.04,0.010599288708841303,1.0,0.0,0.041666666666666664,0.0,1.0
20270001,n24_c35,low_energy,0.48,0.7824,0.32,0.76,0.04,0.010599288708841303,1.0,0.0,0.041666666666666664,0.0,1.0
20270001,n24_c35,no_replay,0.12,0.724,0.6,0.84,0.04,0.010689558655402769,1.0,0.0,0.041666666666666664,0.0,1.0
20270001,n24_c35,no_replay,0.24,0.9736,0.04,0.84,0.04,0.010689558655402769,1.0,0.0,0.041666666666666664,0.0,1.0
20270001,n24_c35,no_replay,0.48,1.0,0.0,0.84,0.04,0.010689558655402769,1.0,0.0,0.041666666666666664,0.0,1.0
20270001,n24_c35,random_replay,0.12,0.6456,0.58,0.76,0.04,0.010599288708841303,1.0,0.0,0.041666666666666664,0.0,1.0
20270001,n24_c35,random_replay,0.24,0.7584,0.34,0.76,0.04,0.010599288708841303,1.0,0.0,0.041666666666666664,0.0,1.0
20270001,n24_c35,random_replay,0.48,0.7824,0.32,0.76,0.04,0.010599288708841303,1.0,0.0,0.041666666666666664,0.0,1.0
20270001,n24_c65,high_energy,0.12,0.6136,0.52,0.6,0.04,0.0065952511697055126,1.0,0.0,0.041666666666666664,0.0,0.96
20270001,n24_c65,high_energy,0.24,0.7272000000000001,0.32,0.6,0.04,0.0065952511697055126,1.0,0.0,0.041666666666666664,0.0,0.96
20270001,n24_c65,high_energy,0.48,0.9863999999999999,0.0,0.6,0.04,0.0065952511697055126,1.0,0.0,0.041666666666666664,0.0,0.96
20270001,n24_c65,low_energy,0.12,0.6048,0.58,0.6,0.04,0.006523590918024989,1.0,0.0,0.041666666666666664,0.0,0.96
20270001,n24_c65,low_energy,0.24,0.6984,0.36,0.6,0.04,0.006523590918024989,1.0,0.0,0.041666666666666664,0.0,0.96
20270001,n24_c65,low_energy,0.48,0.952,0.0,0.6,0.04,0.006523590918024989,1.0,0.0,0.041666666666666664,0.0,0.96
20270001,n24_c65,no_replay,0.12,0.6456000000000001,0.32,0.4,0.04,0.007313074837898096,1.0,0.0,0.041666666666666664,0.0,0.96
20270001,n24_c65,no_replay,0.24,0.8,0.14,0.4,0.04,0.007313074837898096,1.0,0.0,0.041666666666666664,0.0,0.96
20270001,n24_c65,no_replay,0.48,0.964,0.0,0.4,0.04,0.007313074837898096,1.0,0.0,0.041666666666666664,0.0,0.96
20270001,n24_c65,random_replay,0.12,0.6048,0.58,0.6,0.04,0.006523590918024989,1.0,0.0,0.041666666666666664,0.0,0.96
20270001,n24_c65,random_replay,0.24,0.6984,0.36,0.6,0.04,0.006523590918024989,1.0,0.0,0.041666666666666664,0.0,0.96
20270001,n24_c65,random_replay,0.48,0.952,0.0,0.6,0.04,0.006523590918024989,1.0,0.0,0.041666666666666664,0.0,0.96
20270001,n40_c15,high_energy,0.12,0.6787626412849495,0.6341463414634146,0.8780487804878049,0.04878048780487805,0.012980729739288342,1.0,0.0,0.05,0.0,1.0
20270001,n40_c15,high_energy,0.24,0.8343248066627008,0.24390243902439024,0.8780487804878049,0.04878048780487805,0.012980729739288342,1.0,0.0,0.05,0.0,1.0
20270001,n40_c15,high_energy,0.48,0.8429506246281976,0.1951219512195122,0.8780487804878049,0.04878048780487805,0.012980729739288342,1.0,0.0,0.05,0.0,1.0
20270001,n40_c15,low_energy,0.12,0.6778703152885187,0.6463414634146342,0.8780487804878049,0.036585365853658534,0.013127105308347433,1.0,0.0,0.0375,0.0,1.0
20270001,n40_c15,low_energy,0.24,0.834622248661511,0.24390243902439024,0.8780487804878049,0.036585365853658534,0.013127105308347433,1.0,0.0,0.0375,0.0,1.0
20270001,n40_c15,low_energy,0.48,0.8429506246281976,0.1951219512195122,0.8780487804878049,0.036585365853658534,0.013127105308347433,1.0,0.0,0.0375,0.0,1.0
20270001,n40_c15,no_replay,0.12,0.7486615110053539,0.6097560975609756,0.926829268292683,0.024390243902439025,0.01324525543410851,1.0,0.0,0.025,0.0,1.0
20270001,n40_c15,no_replay,0.24,0.9904818560380726,0.04878048780487805,0.926829268292683,0.024390243902439025,0.01324525543410851,1.0,0.0,0.025,0.0,1.0
20270001,n40_c15,no_replay,0.48,1.0,0.0,0.926829268292683,0.024390243902439025,0.01324525543410851,1.0,0.0,0.025,0.0,1.0
20270001,n40_c15,random_replay,0.12,0.6787626412849495,0.6341463414634146,0.8780487804878049,0.04878048780487805,0.012980729739288342,1.0,0.0,0.05,0.0,1.0
20270001,n40_c15,random_replay,0.24,0.8343248066627008,0.24390243902439024,0.8780487804878049,0.04878048780487805,0.012980729739288342,1.0,0.0,0.05,0.0,1.0
20270001,n40_c15,random_replay,0.48,0.8429506246281976,0.1951219512195122,0.8780487804878049,0.04878048780487805,0.012980729739288342,1.0,0.0,0.05,0.0,1.0
20270001,n40_c35,high_energy,0.12,0.64098750743605,0.5975609756097561,0.8780487804878049,0.024390243902439025,0.010470898836222821,1.0,0.0,0.025,0.0,1.0
20270001,n40_c35,high_energy,0.24,0.8066627007733492,0.2682926829268293,0.8780487804878049,0.024390243902439025,0.010470898836222821,1.0,0.0,0.025,0.0,1.0
20270001,n40_c35,high_energy,0.48,0.8429506246281976,0.1951219512195122,0.8780487804878049,0.024390243902439025,0.010470898836222821,1.0,0.0,0.025,0.0,1.0
20270001,n40_c35,low_energy,0.12,0.6365258774538964,0.6463414634146342,0.8780487804878049,0.024390243902439025,0.010466927866591607,1.0,0.0,0.025,0.0,1.0
20270001,n40_c35,low_energy,0.24,0.7911957168352172,0.2682926829268293,0.8780487804878049,0.024390243902439025,0.010466927866591607,1.0,0.0,0.025,0.0,1.0
20270001,n40_c35,low_energy,0.48,0.8426531826293873,0.1951219512195122,0.8780487804878049,0.024390243902439025,0.010466927866591607,1.0,0.0,0.025,0.0,1.0
20270001,n40_c35,no_replay,0.12,0.6844140392623439,0.6341463414634146,0.8536585365853658,0.024390243902439025,0.010633753142959343,1.0,0.0,0.025,0.0,1.0
20270001,n40_c35,no_replay,0.24,0.943486020226056,0.0975609756097561,0.8536585365853658,0.024390243902439025,0.010633753142959343,1.0,0.0,0.025,0.0,1.0
20270001,n40_c35,no_replay,0.48,1.0,0.0,0.8536585365853658,0.024390243902439025,0.010633753142959343,1.0,0.0,0.025,0.0,1.0
20270001,n40_c35,random_replay,0.12,0.64098750743605,0.5975609756097561,0.8048780487804879,0.024390243902439025,0.010470898836222821,1.0,0.0,0.025,0.0,1.0
20270001,n40_c35,random_replay,0.24,0.8066627007733492,0.2682926829268293,0.8048780487804879,0.024390243902439025,0.010470898836222821,1.0,0.0,0.025,0.0,1.0
20270001,n40_c35,random_replay,0.48,0.8429506246281976,0.1951219512195122,0.8048780487804879,0.024390243902439025,0.010470898836222821,1.0,0.0,0.025,0.0,1.0
20270001,n40_c65,high_energy,0.12,0.6038072575847709,0.8048780487804879,0.9024390243902439,0.024390243902439025,0.006302211615372762,1.0,0.0,0.025,0.0,0.975609756097561
20270001,n40_c65,high_energy,0.24,0.7611540749553838,0.45121951219512196,0.9024390243902439,0.024390243902439025,0.006302211615372762,1.0,0.0,0.025,0.0,0.975609756097561
20270001,n40_c65,high_energy,0.48,0.9943486020226056,0.012195121951219513,0.9024390243902439,0.024390243902439025,0.006302211615372762,1.0,0.0,0.025,0.0,0.975609756097561
20270001,n40_c65,low_energy,0.12,0.607674003569304,0.8048780487804879,0.9024390243902439,0.024390243902439025,0.006266513299730302,1.0,0.0,0.025,0.0,0.975609756097561
20270001,n40_c65,low_energy,0.24,0.7566924449732302,0.45121951219512196,0.9024390243902439,0.024390243902439025,0.006266513299730302,1.0,0.0,0.025,0.0,0.975609756097561
20270001,n40_c65,low_energy,0.48,0.9675788221296847,0.024390243902439025,0.9024390243902439,0.024390243902439025,0.006266513299730302,1.0,0.0,0.025,0.0,0.975609756097561
20270001,n40_c65,no_replay,0.12,0.6293872694824509,0.8536585365853658,0.9512195121951219,0.024390243902439025,0.0065763113308817825,1.0,0.0,0.025,0.0,0.975609756097561
20270001,n40_c65,no_replay,0.24,0.837299226650803,0.47560975609756095,0.9512195121951219,0.024390243902439025,0.0065763113308817825,1.0,0.0,0.025,0.0,0.975609756097561
20270001,n40_c65,no_replay,0.48,0.9759071980963713,0.0,0.9512195121951219,0.024390243902439025,0.0065763113308817825,1.0,0.0,0.025,0.0,0.975609756097561
20270001,n40_c65,random_replay,0.12,0.6038072575847709,0.7439024390243902,0.9024390243902439,0.024390243902439025,0.006302211615372762,1.0,0.0,0.025,0.0,0.975609756097561
20270001,n40_c65,random_replay,0.24,0.7611540749553838,0.3902439024390244,0.9024390243902439,0.024390243902439025,0.006302211615372762,1.0,0.0,0.025,0.0,0.975609756097561
20270001,n40_c65,random_replay,0.48,0.9943486020226056,0.012195121951219513,0.9024390243902439,0.024390243902439025,0.006302211615372762,1.0,0.0,0.025,0.0,0.975609756097561
20270002,n12_c15,high_energy,0.12,0.7337278106508875,0.6923076923076923,0.9230769230769231,0.5769230769230769,0.007083085079798553,1.0,0.75,0.5625,0.0,1.0
20270002,n12_c15,high_energy,0.24,0.7603550295857988,0.6153846153846154,0.9230769230769231,0.5769230769230769,0.007083085079798553,1.0,0.75,0.5625,0.0,1.0
20270002,n12_c15,high_energy,0.48,0.7633136094674556,0.6153846153846154,0.9230769230769231,0.5769230769230769,0.007083085079798553,1.0,0.75,0.5625,0.0,1.0
20270002,n12_c15,low_energy,0.12,0.7307692307692308,0.6538461538461539,0.9230769230769231,0.5961538461538461,0.006402763391208887,1.0,0.0,0.6458333333333334,0.0,1.0
20270002,n12_c15,low_energy,0.24,0.7603550295857988,0.6153846153846154,0.9230769230769231,0.5961538461538461,0.006402763391208887,1.0,0.0,0.6458333333333334,0.0,1.0
20270002,n12_c15,low_energy,0.48,0.7633136094674556,0.6153846153846154,0.9230769230769231,0.5961538461538461,0.006402763391208887,1.0,0.0,0.6458333333333334,0.0,1.0
20270002,n12_c15,no_replay,0.12,0.7751479289940828,0.5,0.7692307692307693,0.5,0.0076465611909956495,1.0,0.25,0.5208333333333334,0.0,1.0
20270002,n12_c15,no_replay,0.24,0.9970414201183432,0.0,0.7692307692307693,0.5,0.0076465611909956495,1.0,0.25,0.5208333333333334,0.0,1.0
20270002,n12_c15,no_replay,0.48,1.0,0.0,0.7692307692307693,0.5,0.0076465611909956495,1.0,0.25,0.5208333333333334,0.0,1.0
20270002,n12_c15,random_replay,0.12,0.7307692307692308,0.6538461538461539,0.9230769230769231,0.5961538461538461,0.006402763391208887,1.0,0.0,0.6458333333333334,0.0,1.0
20270002,n12_c15,random_replay,0.24,0.7603550295857988,0.6153846153846154,0.9230769230769231,0.5961538461538461,0.006402763391208887,1.0,0.0,0.6458333333333334,0.0,1.0
20270002,n12_c15,random_replay,0.48,0.7633136094674556,0.6153846153846154,0.9230769230769231,0.5961538461538461,0.006402763391208887,1.0,0.0,0.6458333333333334,0.0,1.0
20270002,n12_c35,high_energy,0.12,0.7366863905325443,0.6923076923076923,0.9230769230769231,0.25,0.008763862042444543,1.0,0.25,0.25,0.0,1.0
20270002,n12_c35,high_energy,0.24,0.7633136094674556,0.6153846153846154,0.9230769230769231,0.25,0.008763862042444543,1.0,0.25,0.25,0.0,1.0
20270002,n12_c35,high_energy,0.48,0.7633136094674556,0.6153846153846154,0.9230769230769231,0.25,0.008763862042444543,1.0,0.25,0.25,0.0,1.0
20270002,n12_c35,low_energy,0.12,0.7248520710059172,0.8846153846153846,0.9230769230769231,0.11538461538461539,0.010079917967689138,1.0,0.0,0.125,0.0,1.0
20270002,n12_c35,low_energy,0.24,0.7573964497041421,0.6153846153846154,0.9230769230769231,0.11538461538461539,0.010079917967689138,1.0,0.0,0.125,0.0,1.0
20270002,n12_c35,low_energy,0.48,0.7633136094674556,0.6153846153846154,0.9230769230769231,0.11538461538461539,0.010079917967689138,1.0,0.0,0.125,0.0,1.0
20270002,n12_c35,no_replay,0.12,0.7751479289940828,0.7307692307692307,0.9230769230769231,0.09615384615384616,0.010626985104434558,1.0,0.0,0.10416666666666667,0.0,1.0
20270002,n12_c35,no_replay,0.24,0.9911242603550295,0.0,0.9230769230769231,0.09615384615384616,0.010626985104434558,1.0,0.0,0.10416666666666667,0.0,1.0
20270002,n12_c35,no_replay,0.48,1.0,0.0,0.9230769230769231,0.09615384615384616,0.010626985104434558,1.0,0.0,0.10416666666666667,0.0,1.0
20270002,n12_c35,random_replay,0.12,0.7248520710059172,0.7307692307692307,0.9230769230769231,0.11538461538461539,0.010079917967689138,1.0,0.0,0.125,0.0,1.0
20270002,n12_c35,random_replay,0.24,0.7573964497041421,0.6153846153846154,0.9230769230769231,0.11538461538461539,0.010079917967689138,1.0,0.0,0.125,0.0,1.0
20270002,n12_c35,random_replay,0.48,0.7633136094674556,0.6153846153846154,0.9230769230769231,0.11538461538461539,0.010079917967689138,1.0,0.0,0.125,0.0,1.0
20270002,n12_c65,high_energy,0.12,0.6597633136094674,0.6923076923076923,0.8461538461538461,0.09615384615384616,0.006433581753913737,1.0,0.25,0.08333333333333333,0.0,1.0
20270002,n12_c65,high_energy,0.24,0.7159763313609467,0.6153846153846154,0.8461538461538461,0.09615384615384616,0.006433581753913737,1.0,0.25,0.08333333333333333,0.0,1.0
20270002,n12_c65,high_energy,0.48,0.9792899408284024,0.038461538461538464,0.8461538461538461,0.09615384615384616,0.006433581753913737,1.0,0.25,0.08333333333333333,0.0,1.0
20270002,n12_c65,low_energy,0.12,0.680473372781065,0.7692307692307693,0.7692307692307693,0.07692307692307693,0.00689298990801187,1.0,0.0,0.08333333333333333,0.0,0.9230769230769231
20270002,n12_c65,low_energy,0.24,0.7366863905325445,0.6153846153846154,0.7692307692307693,0.07692307692307693,0.00689298990801187,1.0,0.0,0.08333333333333333,0.0,0.9230769230769231
20270002,n12_c65,low_energy,0.48,0.9142011834319527,0.038461538461538464,0.7692307692307693,0.07692307692307693,0.00689298990801187,1.0,0.0,0.08333333333333333,0.0,0.9230769230769231
20270002,n12_c65,no_replay,0.12,0.6272189349112427,0.5384615384615384,0.6153846153846154,0.09615384615384616,0.00731767992340615,1.0,0.25,0.08333333333333333,0.0,0.9230769230769231
20270002,n12_c65,no_replay,0.24,0.8431952662721893,0.07692307692307693,0.6153846153846154,0.09615384615384616,0.00731767992340615,1.0,0.25,0.08333333333333333,0.0,0.9230769230769231
20270002,n12_c65,no_replay,0.48,0.9911242603550295,0.0,0.6153846153846154,0.09615384615384616,0.00731767992340615,1.0,0.25,0.08333333333333333,0.0,0.9230769230769231
20270002,n12_c65,random_replay,0.12,0.6597633136094674,0.6923076923076923,0.8461538461538461,0.09615384615384616,0.006433581753913737,1.0,0.25,0.08333333333333333,0.0,1.0
20270002,n12_c65,random_replay,0.24,0.7159763313609467,0.6153846153846154,0.8461538461538461,0.09615384615384616,0.006433581753913737,1.0,0.25,0.08333333333333333,0.0,1.0
20270002,n12_c65,random_replay,0.48,0.9792899408284024,0.038461538461538464,0.8461538461538461,0.09615384615384616,0.006433581753913737,1.0,0.25,0.08333333333333333,0.0,1.0
20270002,n24_c15,high_energy,0.12,0.6808,0.72,0.92,0.21,0.010813169960455525,1.0,0.5,0.19791666666666666,0.0,1.0
20270002,n24_c15,high_energy,0.24,0.7704,0.36,0.92,0.21,0.010813169960455525,1.0,0.5,0.19791666666666666,0.0,1.0
20270002,n24_c15,high_energy,0.48,0.7824,0.32,0.92,0.21,0.010813169960455525,1.0,0.5,0.19791666666666666,0.0,1.0
20270002,n24_c15,low_energy,0.12,0.6799999999999999,0.76,0.92,0.21,0.010997319004947288,1.0,0.0,0.21875,0.0,1.0
20270002,n24_c15,low_energy,0.24,0.7712,0.38,0.92,0.21,0.010997319004947288,1.0,0.0,0.21875,0.0,1.0
20270002,n24_c15,low_energy,0.48,0.7824,0.32,0.92,0.21,0.010997319004947288,1.0,0.0,0.21875,0.0,1.0
20270002,n24_c15,no_replay,0.12,0.7464,0.7,0.96,0.04,0.013135658603332918,1.0,0.0,0.041666666666666664,0.0,1.0
20270002,n24_c15,no_replay,0.24,0.976,0.1,0.96,0.04,0.013135658603332918,1.0,0.0,0.041666666666666664,0.0,1.0
20270002,n24_c15,no_replay,0.48,1.0,0.0,0.96,0.04,0.013135658603332918,1.0,0.0,0.041666666666666664,0.0,1.0
20270002,n24_c15,random_replay,0.12,0.6808,0.74,0.92,0.21,0.010813169960455525,1.0,0.5,0.19791666666666666,0.0,1.0
20270002,n24_c15,random_replay,0.24,0.7704,0.38,0.92,0.21,0.010813169960455525,1.0,0.5,0.19791666666666666,0.0,1.0
20270002,n24_c15,random_replay,0.48,0.7824,0.32,0.92,0.21,0.010813169960455525,1.0,0.5,0.19791666666666666,0.0,1.0
20270002,n24_c35,high_energy,0.12,0.6112,0.52,0.64,0.04,0.010679799257844227,1.0,0.0,0.041666666666666664,0.0,1.0
20270002,n24_c35,high_energy,0.24,0.7687999999999999,0.32,0.64,0.04,0.010679799257844227,1.0,0.0,0.041666666666666664,0.0,1.0
20270002,n24_c35,high_energy,0.48,0.7824,0.32,0.64,0.04,0.010679799257844227,1.0,0.0,0.041666666666666664,0.0,1.0
20270002,n24_c35,low_energy,0.12,0.6112000000000001,0.52,0.64,0.04,0.010643532150371107,1.0,0.0,0.041666666666666664,0.0,1.0
20270002,n24_c35,low_energy,0.24,0.7455999999999999,0.32,0.64,0.04,0.010643532150371107,1.0,0.0,0.041666666666666664,0.0,1.0
20270002,n24_c35,low_energy,0.48,0.7824,0.32,0.64,0.04,0.010643532150371107,1.0,0.0,0.041666666666666664,0.0,1.0
20270002,n24_c35,no_replay,0.12,0.6472000000000001,0.38,0.52,0.04,0.010733340871048309,1.0,0.0,0.041666666666666664,0.0,1.0
20270002,n24_c35,no_replay,0.24,0.9448,0.0,0.52,0.04,0.010733340871048309,1.0,0.0,0.041666666666666664,0.0,1.0
20270002,n24_c35,no_replay,0.48,1.0,0.0,0.52,0.04,0.010733340871048309,1.0,0.0,0.041666666666666664,0.0,1.0
20270002,n24_c35,random_replay,0.12,0.6112000000000001,0.52,0.64,0.04,0.010643532150371107,1.0,0.0,0.041666666666666664,0.0,1.0
20270002,n24_c35,random_replay,0.24,0.7455999999999999,0.32,0.64,0.04,0.010643532150371107,1.0,0.0,0.041666666666666664,0.0,1.0
20270002,n24_c35,random_replay,0.48,0.7824,0.32,0.64,0.04,0.010643532150371107,1.0,0.0,0.041666666666666664,0.0,1.0
20270002,n24_c65,high_energy,0.12,0.6024,0.6,0.76,0.04,0.0064629184076392,1.0,0.0,0.041666666666666664,0.0,0.96
20270002,n24_c65,high_energy,0.24,0.7176,0.44,0.76,0.04,0.0064629184076392,1.0,0.0,0.041666666666666664,0.0,0.96
20270002,n24_c65,high_energy,0.48,1.0,0.0,0.76,0.04,0.0064629184076392,1.0,0.0,0.041666666666666664,0.0,0.96
20270002,n24_c65,low_energy,0.12,0.596,0.7,0.76,0.04,0.006402283174720636,1.0,0.0,0.041666666666666664,0.0,0.96
20270002,n24_c65,low_energy,0.24,0.6943999999999999,0.5,0.76,0.04,0.006402283174720636,1.0,0.0,0.041666666666666664,0.0,0.96
20270002,n24_c65,low_energy,0.48,0.9616,0.0,0.76,0.04,0.006402283174720636,1.0,0.0,0.041666666666666664,0.0,0.96
20270002,n24_c65,no_replay,0.12,0.6112,0.56,0.76,0.04,0.006965566599176056,1.0,0.0,0.041666666666666664,0.0,0.96
20270002,n24_c65,no_replay,0.24,0.7992,0.32,0.76,0.04,0.006965566599176056,1.0,0.0,0.041666666666666664,0.0,0.96
20270002,n24_c65,no_replay,0.48,0.9632,0.0,0.76,0.04,0.006965566599176056,1.0,0.0,0.041666666666666664,0.0,0.96
20270002,n24_c65,random_replay,0.12,0.596,0.7,0.84,0.04,0.006402283174720636,1.0,0.0,0.041666666666666664,0.0,0.96
20270002,n24_c65,random_replay,0.24,0.6943999999999999,0.5,0.84,0.04,0.006402283174720636,1.0,0.0,0.041666666666666664,0.0,0.96
20270002,n24_c65,random_replay,0.48,0.9616,0.0,0.84,0.04,0.006402283174720636,1.0,0.0,0.041666666666666664,0.0,0.96
20270002,n40_c15,high_energy,0.12,0.6395002974419989,0.6463414634146342,0.8536585365853658,0.054878048780487805,0.012905898868838049,1.0,0.25,0.05,0.0,1.0
20270002,n40_c15,high_energy,0.24,0.8283759666864962,0.23170731707317074,0.8536585365853658,0.054878048780487805,0.012905898868838049,1.0,0.25,0.05,0.0,1.0
20270002,n40_c15,high_energy,0.48,0.8429506246281976,0.1951219512195122,0.8536585365853658,0.054878048780487805,0.012905898868838049,1.0,0.25,0.05,0.0,1.0
20270002,n40_c15,low_energy,0.12,0.6389054134443783,0.6463414634146342,0.8780487804878049,0.042682926829268296,0.01309465379157228,1.0,0.0,0.04375,0.0,1.0
20270002,n40_c15,low_energy,0.24,0.8283759666864962,0.23170731707317074,0.8780487804878049,0.042682926829268296,0.01309465379157228,1.0,0.0,0.04375,0.0,1.0
20270002,n40_c15,low_energy,0.48,0.8429506246281976,0.1951219512195122,0.8780487804878049,0.042682926829268296,0.01309465379157228,1.0,0.0,0.04375,0.0,1.0
20270002,n40_c15,no_replay,0.12,0.6980963712076145,0.573170731707317,0.8292682926829268,0.024390243902439025,0.013298844376142826,1.0,0.0,0.025,0.0,1.0
20270002,n40_c15,no_replay,0.24,0.9797739440809041,0.036585365853658534,0.8292682926829268,0.024390243902439025,0.013298844376142826,1.0,0.0,0.025,0.0,1.0
20270002,n40_c15,no_replay,0.48,1.0,0.0,0.8292682926829268,0.024390243902439025,0.013298844376142826,1.0,0.0,0.025,0.0,1.0
20270002,n40_c15,random_replay,0.12,0.6389054134443783,0.6463414634146342,0.8780487804878049,0.042682926829268296,0.01309465379157228,1.0,0.0,0.04375,0.0,1.0
20270002,n40_c15,random_replay,0.24,0.8283759666864962,0.23170731707317074,0.8780487804878049,0.042682926829268296,0.01309465379157228,1.0,0.0,0.04375,0.0,1.0
20270002,n40_c15,random_replay,0.48,0.8429506246281976,0.1951219512195122,0.8780487804878049,0.042682926829268296,0.01309465379157228,1.0,0.0,0.04375,0.0,1.0
20270002,n40_c35,high_energy,0.12,0.6722189173111244,0.7560975609756098,0.9512195121951219,0.024390243902439025,0.010540673411235298,1.0,0.0,0.025,0.0,1.0
20270002,n40_c35,high_energy,0.24,0.8248066627007733,0.2926829268292683,0.9512195121951219,0.024390243902439025,0.010540673411235298,1.0,0.0,0.025,0.0,1.0
20270002,n40_c35,high_energy,0.48,0.8429506246281976,0.1951219512195122,0.9512195121951219,0.024390243902439025,0.010540673411235298,1.0,0.0,0.025,0.0,1.0
20270002,n40_c35,low_energy,0.12,0.6680547293277811,0.7317073170731707,0.9512195121951219,0.024390243902439025,0.010531312167695699,1.0,0.0,0.025,0.0,1.0
20270002,n40_c35,low_energy,0.24,0.8054729327781083,0.3048780487804878,0.9512195121951219,0.024390243902439025,0.010531312167695699,1.0,0.0,0.025,0.0,1.0
20270002,n40_c35,low_energy,0.48,0.842355740630577,0.1951219512195122,0.9512195121951219,0.024390243902439025,0.010531312167695699,1.0,0.0,0.025,0.0,1.0
20270002,n40_c35,no_replay,0.12,0.7221891731112433,0.7439024390243902,0.9512195121951219,0.024390243902439025,0.01059028379542335,1.0,0.0,0.025,0.0,1.0
20270002,n40_c35,no_replay,0.24,0.9547888161808447,0.13414634146341464,0.9512195121951219,0.024390243902439025,0.01059028379542335,1.0,0.0,0.025,0.0,1.0
20270002,n40_c35,no_replay,0.48,1.0,0.0,0.9512195121951219,0.024390243902439025,0.01059028379542335,1.0,0.0,0.025,0.0,1.0
20270002,n40_c35,random_replay,0.12,0.6680547293277811,0.7317073170731707,0.9512195121951219,0.024390243902439025,0.010531312167695699,1.0,0.0,0.025,0.0,1.0
20270002,n40_c35,random_replay,0.24,0.8054729327781083,0.3048780487804878,0.9512195121951219,0.024390243902439025,0.010531312167695699,1.0,0.0,0.025,0.0,1.0
20270002,n40_c35,random_replay,0.48,0.842355740630577,0.1951219512195122,0.9512195121951219,0.024390243902439025,0.010531312167695699,1.0,0.0,0.025,0.0,1.0
20270002,n40_c65,high_energy,0.12,0.5829863176680548,0.8292682926829268,0.9512195121951219,0.024390243902439025,0.006275700841425384,1.0,0.0,0.025,0.0,0.975609756097561
20270002,n40_c65,high_energy,0.24,0.7501487209994051,0.5487804878048781,0.9512195121951219,0.024390243902439025,0.006275700841425384,1.0,0.0,0.025,0.0,0.975609756097561
20270002,n40_c65,high_energy,0.48,0.9839381320642475,0.036585365853658534,0.9512195121951219,0.024390243902439025,0.006275700841425384,1.0,0.0,0.025,0.0,0.975609756097561
20270002,n40_c65,low_energy,0.12,0.5817965496728138,0.8292682926829268,0.9512195121951219,0.024390243902439025,0.006272931341494035,1.0,0.0,0.025,0.0,0.975609756097561
20270002,n40_c65,low_energy,0.24,0.7391433670434265,0.5487804878048781,0.9512195121951219,0.024390243902439025,0.006272931341494035,1.0,0.0,0.025,0.0,0.975609756097561
20270002,n40_c65,low_energy,0.48,0.9631171921475311,0.036585365853658534,0.9512195121951219,0.024390243902439025,0.006272931341494035,1.0,0.0,0.025,0.0,0.975609756097561
20270002,n40_c65,no_replay,0.12,0.5886377156454492,0.8780487804878049,0.975609756097561,0.024390243902439025,0.006517341421705422,1.0,0.0,0.025,0.0,0.975609756097561
20270002,n40_c65,no_replay,0.24,0.7965496728138013,0.6097560975609756,0.975609756097561,0.024390243902439025,0.006517341421705422,1.0,0.0,0.025,0.0,0.975609756097561
20270002,n40_c65,no_replay,0.48,0.9726353361094586,0.024390243902439025,0.975609756097561,0.024390243902439025,0.006517341421705422,1.0,0.0,0.025,0.0,0.975609756097561
20270002,n40_c65,random_replay,0.12,0.5817965496728138,0.8536585365853658,0.975609756097561,0.024390243902439025,0.006272931341494035,1.0,0.0,0.025,0.0,0.975609756097561
20270002,n40_c65,random_replay,0.24,0.7391433670434265,0.5975609756097561,0.975609756097561,0.024390243902439025,0.006272931341494035,1.0,0.0,0.025,0.0,0.975609756097561
20270002,n40_c65,random_replay,0.48,0.9631171921475311,0.04878048780487805,0.975609756097561,0.024390243902439025,0.006272931341494035,1.0,0.0,0.025,0.0,0.975609756097561
20270003,n12_c15,high_energy,0.12,0.7485207100591716,0.8076923076923077,1.0,0.5384615384615384,0.008137331572193754,1.0,0.0,0.5833333333333334,0.0,1.0
20270003,n12_c15,high_energy,0.24,0.7633136094674556,0.6153846153846154,1.0,0.5384615384615384,0.008137331572193754,1.0,0.0,0.5833333333333334,0.0,1.0
20270003,n12_c15,high_energy,0.48,0.7633136094674556,0.6153846153846154,1.0,0.5384615384615384,0.008137331572193754,1.0,0.0,0.5833333333333334,0.0,1.0
20270003,n12_c15,low_energy,0.12,0.7278106508875739,0.8076923076923077,0.9230769230769231,0.5961538461538461,0.0061684957614202745,1.0,0.0,0.6458333333333334,0.0,1.0
20270003,n12_c15,low_energy,0.24,0.7544378698224852,0.6153846153846154,0.9230769230769231,0.5961538461538461,0.0061684957614202745,1.0,0.0,0.6458333333333334,0.0,1.0
20270003,n12_c15,low_energy,0.48,0.7633136094674556,0.6153846153846154,0.9230769230769231,0.5961538461538461,0.0061684957614202745,1.0,0.0,0.6458333333333334,0.0,1.0
20270003,n12_c15,no_replay,0.12,0.7751479289940828,0.5769230769230769,0.7692307692307693,0.4807692307692308,0.00836333319085099,1.0,0.0,0.5208333333333334,0.0,1.0
20270003,n12_c15,no_replay,0.24,0.9881656804733727,0.0,0.7692307692307693,0.4807692307692308,0.00836333319085099,1.0,0.0,0.5208333333333334,0.0,1.0
20270003,n12_c15,no_replay,0.48,1.0,0.0,0.7692307692307693,0.4807692307692308,0.00836333319085099,1.0,0.0,0.5208333333333334,0.0,1.0
20270003,n12_c15,random_replay,0.12,0.7278106508875739,0.8076923076923077,0.9230769230769231,0.5961538461538461,0.0061684957614202745,1.0,0.0,0.6458333333333334,0.0,1.0
20270003,n12_c15,random_replay,0.24,0.7544378698224852,0.6153846153846154,0.9230769230769231,0.5961538461538461,0.0061684957614202745,1.0,0.0,0.6458333333333334,0.0,1.0
20270003,n12_c15,random_replay,0.48,0.7633136094674556,0.6153846153846154,0.9230769230769231,0.5961538461538461,0.0061684957614202745,1.0,0.0,0.6458333333333334,0.0,1.0
20270003,n12_c35,high_energy,0.12,0.7248520710059172,0.8076923076923077,0.9230769230769231,0.19230769230769232,0.009210339598292748,1.0,0.25,0.1875,0.0,1.0
20270003,n12_c35,high_energy,0.24,0.7573964497041421,0.6153846153846154,0.9230769230769231,0.19230769230769232,0.009210339598292748,1.0,0.25,0.1875,0.0,1.0
20270003,n12_c35,high_energy,0.48,0.7633136094674556,0.6153846153846154,0.9230769230769231,0.19230769230769232,0.009210339598292748,1.0,0.25,0.1875,0.0,1.0
20270003,n12_c35,low_energy,0.12,0.7248520710059172,0.8461538461538461,0.9230769230769231,0.17307692307692307,0.009689618325672573,1.0,0.0,0.1875,0.0,1.0
20270003,n12_c35,low_energy,0.24,0.7603550295857988,0.6153846153846154,0.9230769230769231,0.17307692307692307,0.009689618325672573,1.0,0.0,0.1875,0.0,1.0
20270003,n12_c35,low_energy,0.48,0.7633136094674556,0.6153846153846154,0.9230769230769231,0.17307692307692307,0.009689618325672573,1.0,0.0,0.1875,0.0,1.0
20270003,n12_c35,no_replay,0.12,0.7248520710059172,0.6153846153846154,0.8461538461538461,0.11538461538461539,0.010103897811540096,1.0,0.25,0.10416666666666667,0.0,1.0
20270003,n12_c35,no_replay,0.24,0.9911242603550295,0.0,0.8461538461538461,0.11538461538461539,0.010103897811540096,1.0,0.25,0.10416666666666667,0.0,1.0
20270003,n12_c35,no_replay,0.48,1.0,0.0,0.8461538461538461,0.11538461538461539,0.010103897811540096,1.0,0.25,0.10416666666666667,0.0,1.0
20270003,n12_c35,random_replay,0.12,0.7248520710059172,0.8461538461538461,0.8461538461538461,0.17307692307692307,0.009689618325672573,1.0,0.0,0.1875,0.0,1.0
20270003,n12_c35,random_replay,0.24,0.7603550295857988,0.6153846153846154,0.8461538461538461,0.17307692307692307,0.009689618325672573,1.0,0.0,0.1875,0.0,1.0
20270003,n12_c35,random_replay,0.48,0.7633136094674556,0.6153846153846154,0.8461538461538461,0.17307692307692307,0.009689618325672573,1.0,0.0,0.1875,0.0,1.0
20270003,n12_c65,high_energy,0.12,0.6449704142011835,0.8461538461538461,0.9230769230769231,0.09615384615384616,0.00633161014670179,1.0,0.25,0.08333333333333333,0.0,1.0
20270003,n12_c65,high_energy,0.24,0.7159763313609467,0.6538461538461539,0.9230769230769231,0.09615384615384616,0.00633161014670179,1.0,0.25,0.08333333333333333,0.0,1.0
20270003,n12_c65,high_energy,0.48,0.985207100591716,0.038461538461538464,0.9230769230769231,0.09615384615384616,0.00633161014670179,1.0,0.25,0.08333333333333333,0.0,1.0
20270003,n12_c65,low_energy,0.12,0.6686390532544378,0.8461538461538461,0.8461538461538461,0.07692307692307693,0.006789695005613532,1.0,0.0,0.08333333333333333,0.0,0.9230769230769231
20270003,n12_c65,low_energy,0.24,0.727810650887574,0.6538461538461539,0.8461538461538461,0.07692307692307693,0.006789695005613532,1.0,0.0,0.08333333333333333,0.0,0.9230769230769231
20270003,n12_c65,low_energy,0.48,0.9112426035502958,0.07692307692307693,0.8461538461538461,0.07692307692307693,0.006789695005613532,1.0,0.0,0.08333333333333333,0.0,0.9230769230769231
20270003,n12_c65,no_replay,0.12,0.6331360946745563,0.6538461538461539,0.7692307692307693,0.09615384615384616,0.006932375109637146,1.0,0.25,0.08333333333333333,0.0,0.9230769230769231
20270003,n12_c65,no_replay,0.24,0.8372781065088758,0.38461538461538464,0.7692307692307693,0.09615384615384616,0.006932375109637146,1.0,0.25,0.08333333333333333,0.0,0.9230769230769231
20270003,n12_c65,no_replay,0.48,0.9881656804733727,0.0,0.7692307692307693,0.09615384615384616,0.006932375109637146,1.0,0.25,0.08333333333333333,0.0,0.9230769230769231
20270003,n12_c65,random_replay,0.12,0.6686390532544378,0.8461538461538461,0.9230769230769231,0.07692307692307693,0.006789695005613532,1.0,0.0,0.08333333333333333,0.0,0.9230769230769231
20270003,n12_c65,random_replay,0.24,0.727810650887574,0.6923076923076923,0.9230769230769231,0.07692307692307693,0.006789695005613532,1.0,0.0,0.08333333333333333,0.0,0.9230769230769231
20270003,n12_c65,random_replay,0.48,0.9112426035502958,0.11538461538461539,0.9230769230769231,0.07692307692307693,0.006789695005613532,1.0,0.0,0.08333333333333333,0.0,0.9230769230769231
20270003,n24_c15,high_energy,0.12,0.6696000000000001,0.7,0.92,0.14,0.01174179375819685,1.0,0.5,0.125,0.0,1.0
20270003,n24_c15,high_energy,0.24,0.7784,0.34,0.92,0.14,0.01174179375819685,1.0,0.5,0.125,0.0,1.0
20270003,n24_c15,high_energy,0.48,0.7824,0.32,0.92,0.14,0.01174179375819685,1.0,0.5,0.125,0.0,1.0
20270003,n24_c15,low_energy,0.12,0.6567999999999999,0.76,0.88,0.13,0.012195474027142073,1.0,0.0,0.13541666666666666,0.0,1.0
20270003,n24_c15,low_energy,0.24,0.772,0.34,0.88,0.13,0.012195474027142073,1.0,0.0,0.13541666666666666,0.0,1.0
20270003,n24_c15,low_energy,0.48,0.7824,0.32,0.88,0.13,0.012195474027142073,1.0,0.0,0.13541666666666666,0.0,1.0
20270003,n24_c15,no_replay,0.12,0.7648,0.7,0.92,0.05,0.013020647005291043,1.0,0.0,0.052083333333333336,0.0,1.0
20270003,n24_c15,no_replay,0.24,0.9872,0.04,0.92,0.05,0.013020647005291043,1.0,0.0,0.052083333333333336,0.0,1.0
20270003,n24_c15,no_replay,0.48,1.0,0.0,0.92,0.05,0.013020647005291043,1.0,0.0,0.052083333333333336,0.0,1.0
20270003,n24_c15,random_replay,0.12,0.6567999999999999,0.76,0.88,0.13,0.012195474027142073,1.0,0.0,0.13541666666666666,0.0,1.0
20270003,n24_c15,random_replay,0.24,0.772,0.34,0.88,0.13,0.012195474027142073,1.0,0.0,0.13541666666666666,0.0,1.0
20270003,n24_c15,random_replay,0.48,0.7824,0.32,0.88,0.13,0.012195474027142073,1.0,0.0,0.13541666666666666,0.0,1.0
20270003,n24_c35,high_energy,0.12,0.6744,0.84,1.0,0.04,0.01050660647330062,1.0,0.0,0.041666666666666664,0.0,1.0
20270003,n24_c35,high_energy,0.24,0.7736000000000001,0.42,1.0,0.04,0.01050660647330062,1.0,0.0,0.041666666666666664,0.0,1.0
20270003,n24_c35,high_energy,0.48,0.7824,0.32,1.0,0.04,0.01050660647330062,1.0,0.0,0.041666666666666664,0.0,1.0
20270003,n24_c35,low_energy,0.12,0.668,0.86,0.96,0.04,0.010476757051568777,1.0,0.0,0.041666666666666664,0.0,1.0
20270003,n24_c35,low_energy,0.24,0.768,0.44,0.96,0.04,0.010476757051568777,1.0,0.0,0.041666666666666664,0.0,1.0
20270003,n24_c35,low_energy,0.48,0.7824,0.32,0.96,0.04,0.010476757051568777,1.0,0.0,0.041666666666666664,0.0,1.0
20270003,n24_c35,no_replay,0.12,0.7624000000000001,0.84,0.96,0.04,0.0105074081855044,1.0,0.0,0.041666666666666664,0.0,1.0
20270003,n24_c35,no_replay,0.24,0.9784,0.16,0.96,0.04,0.0105074081855044,1.0,0.0,0.041666666666666664,0.0,1.0
20270003,n24_c35,no_replay,0.48,1.0,0.0,0.96,0.04,0.0105074081855044,1.0,0.0,0.041666666666666664,0.0,1.0
20270003,n24_c35,random_replay,0.12,0.668,0.86,0.96,0.04,0.010476757051568777,1.0,0.0,0.041666666666666664,0.0,1.0
20270003,n24_c35,random_replay,0.24,0.768,0.44,0.96,0.04,0.010476757051568777,1.0,0.0,0.041666666666666664,0.0,1.0
20270003,n24_c35,random_replay,0.48,0.7824,0.32,0.96,0.04,0.010476757051568777,1.0,0.0,0.041666666666666664,0.0,1.0
20270003,n24_c65,high_energy,0.12,0.6064,0.82,1.0,0.04,0.006345713071518044,1.0,0.0,0.041666666666666664,0.0,0.96
20270003,n24_c65,high_energy,0.24,0.7384000000000001,0.52,1.0,0.04,0.006345713071518044,1.0,0.0,0.041666666666666664,0.0,0.96
20270003,n24_c65,high_energy,0.48,0.9784,0.1,1.0,0.04,0.006345713071518044,1.0,0.0,0.041666666666666664,0.0,0.96
20270003,n24_c65,low_energy,0.12,0.5944,0.86,0.96,0.04,0.006348634099024812,1.0,0.0,0.041666666666666664,0.0,0.96
20270003,n24_c65,low_energy,0.24,0.7136,0.56,0.96,0.04,0.006348634099024812,1.0,0.0,0.041666666666666664,0.0,0.96
20270003,n24_c65,low_energy,0.48,0.932,0.1,0.96,0.04,0.006348634099024812,1.0,0.0,0.041666666666666664,0.0,0.96
20270003,n24_c65,no_replay,0.12,0.6184,0.96,0.96,0.04,0.006606559328541004,1.0,0.0,0.041666666666666664,0.0,0.96
20270003,n24_c65,no_replay,0.24,0.8240000000000001,0.6,0.96,0.04,0.006606559328541004,1.0,0.0,0.041666666666666664,0.0,0.96
20270003,n24_c65,no_replay,0.48,0.9623999999999999,0.02,0.96,0.04,0.006606559328541004,1.0,0.0,0.041666666666666664,0.0,0.96
20270003,n24_c65,random_replay,0.12,0.5944,0.92,0.96,0.04,0.006348634099024812,1.0,0.0,0.041666666666666664,0.0,0.96
20270003,n24_c65,random_replay,0.24,0.7136,0.58,0.96,0.04,0.006348634099024812,1.0,0.0,0.041666666666666664,0.0,0.96
20270003,n24_c65,random_replay,0.48,0.932,0.1,0.96,0.04,0.006348634099024812,1.0,0.0,0.041666666666666664,0.0,0.96
20270003,n40_c15,high_energy,0.12,0.6766805472932779,0.6585365853658537,0.8780487804878049,0.042682926829268296,0.013044964478170919,1.0,0.0,0.04375,0.0,1.0
20270003,n40_c15,high_energy,0.24,0.8375966686496134,0.1951219512195122,0.8780487804878049,0.042682926829268296,0.013044964478170919,1.0,0.0,0.04375,0.0,1.0
20270003,n40_c15,high_energy,0.48,0.8429506246281976,0.1951219512195122,0.8780487804878049,0.042682926829268296,0.013044964478170919,1.0,0.0,0.04375,0.0,1.0
20270003,n40_c15,low_energy,0.12,0.6748958953004165,0.6463414634146342,0.9024390243902439,0.042682926829268296,0.013143768295719364,1.0,0.0,0.04375,0.0,1.0
20270003,n40_c15,low_energy,0.24,0.8387864366448543,0.1951219512195122,0.9024390243902439,0.042682926829268296,0.013143768295719364,1.0,0.0,0.04375,0.0,1.0
20270003,n40_c15,low_energy,0.48,0.8429506246281976,0.1951219512195122,0.9024390243902439,0.042682926829268296,0.013143768295719364,1.0,0.0,0.04375,0.0,1.0
20270003,n40_c15,no_replay,0.12,0.7534205829863176,0.6707317073170732,0.9024390243902439,0.024390243902439025,0.013255085990782317,1.0,0.0,0.025,0.0,1.0
20270003,n40_c15,no_replay,0.24,0.991076740035693,0.012195121951219513,0.9024390243902439,0.024390243902439025,0.013255085990782317,1.0,0.0,0.025,0.0,1.0
20270003,n40_c15,no_replay,0.48,1.0,0.0,0.9024390243902439,0.024390243902439025,0.013255085990782317,1.0,0.0,0.025,0.0,1.0
20270003,n40_c15,random_replay,0.12,0.6748958953004165,0.6463414634146342,0.9024390243902439,0.042682926829268296,0.013143768295719364,1.0,0.0,0.04375,0.0,1.0
20270003,n40_c15,random_replay,0.24,0.8387864366448543,0.1951219512195122,0.9024390243902439,0.042682926829268296,0.013143768295719364,1.0,0.0,0.04375,0.0,1.0
20270003,n40_c15,random_replay,0.48,0.8429506246281976,0.1951219512195122,0.9024390243902439,0.042682926829268296,0.013143768295719364,1.0,0.0,0.04375,0.0,1.0
20270003,n40_c35,high_energy,0.12,0.6722189173111243,0.8170731707317073,0.9512195121951219,0.024390243902439025,0.010502802763431152,1.0,0.0,0.025,0.0,1.0
20270003,n40_c35,high_energy,0.24,0.8271861986912552,0.2926829268292683,0.9512195121951219,0.024390243902439025,0.010502802763431152,1.0,0.0,0.025,0.0,1.0
20270003,n40_c35,high_energy,0.48,0.8429506246281976,0.1951219512195122,0.9512195121951219,0.024390243902439025,0.010502802763431152,1.0,0.0,0.025,0.0,1.0
20270003,n40_c35,low_energy,0.12,0.6668649613325401,0.8170731707317073,0.926829268292683,0.024390243902439025,0.010494867107318891,1.0,0.0,0.025,0.0,1.0
20270003,n40_c35,low_energy,0.24,0.809042236763831,0.3170731707317073,0.926829268292683,0.024390243902439025,0.010494867107318891,1.0,0.0,0.025,0.0,1.0
20270003,n40_c35,low_energy,0.48,0.8426531826293873,0.1951219512195122,0.926829268292683,0.024390243902439025,0.010494867107318891,1.0,0.0,0.025,0.0,1.0
20270003,n40_c35,no_replay,0.12,0.7388459250446163,0.8170731707317073,0.926829268292683,0.024390243902439025,0.010536210299158506,1.0,0.0,0.025,0.0,1.0
20270003,n40_c35,no_replay,0.24,0.9583581201665675,0.15853658536585366,0.926829268292683,0.024390243902439025,0.010536210299158506,1.0,0.0,0.025,0.0,1.0
20270003,n40_c35,no_replay,0.48,1.0,0.0,0.926829268292683,0.024390243902439025,0.010536210299158506,1.0,0.0,0.025,0.0,1.0
20270003,n40_c35,random_replay,0.12,0.6722189173111243,0.8170731707317073,0.9512195121951219,0.024390243902439025,0.010502802763431154,1.0,0.0,0.025,0.0,1.0
20270003,n40_c35,random_replay,0.24,0.8271861986912552,0.2926829268292683,0.9512195121951219,0.024390243902439025,0.010502802763431154,1.0,0.0,0.025,0.0,1.0
20270003,n40_c35,random_replay,0.48,0.8429506246281976,0.1951219512195122,0.9512195121951219,0.024390243902439025,0.010502802763431154,1.0,0.0,0.025,0.0,1.0
20270003,n40_c65,high_energy,0.12,0.5880428316478288,0.7439024390243902,0.926829268292683,0.024390243902439025,0.006297635699697534,1.0,0.0,0.025,0.0,0.975609756097561
20270003,n40_c65,high_energy,0.24,0.7373587150505652,0.4634146341463415,0.926829268292683,0.024390243902439025,0.006297635699697534,1.0,0.0,0.025,0.0,0.975609756097561
20270003,n40_c65,high_energy,0.48,0.9916716240333134,0.024390243902439025,0.926829268292683,0.024390243902439025,0.006297635699697534,1.0,0.0,0.025,0.0,0.975609756097561
20270003,n40_c65,low_energy,0.12,0.584770969660916,0.7682926829268293,0.926829268292683,0.024390243902439025,0.006253475104635936,1.0,0.0,0.025,0.0,0.975609756097561
20270003,n40_c65,low_energy,0.24,0.7254610350981558,0.4878048780487805,0.926829268292683,0.024390243902439025,0.006253475104635936,1.0,0.0,0.025,0.0,0.975609756097561
20270003,n40_c65,low_energy,0.48,0.9720404521118381,0.024390243902439025,0.926829268292683,0.024390243902439025,0.006253475104635936,1.0,0.0,0.025,0.0,0.975609756097561
20270003,n40_c65,no_replay,0.12,0.6008328375966686,0.7804878048780488,0.9024390243902439,0.024390243902439025,0.006621873850237779,1.0,0.0,0.025,0.0,0.975609756097561
20270003,n40_c65,no_replay,0.24,0.8030933967876264,0.43902439024390244,0.9024390243902439,0.024390243902439025,0.006621873850237779,1.0,0.0,0.025,0.0,0.975609756097561
20270003,n40_c65,no_replay,0.48,0.9717430101130279,0.012195121951219513,0.9024390243902439,0.024390243902439025,0.006621873850237779,1.0,0.0,0.025,0.0,0.975609756097561
20270003,n40_c65,random_replay,0.12,0.584770969660916,0.7926829268292683,0.926829268292683,0.024390243902439025,0.006253475104635936,1.0,0.0,0.025,0.0,0.975609756097561
20270003,n40_c65,random_replay,0.24,0.7254610350981558,0.4878048780487805,0.926829268292683,0.024390243902439025,0.006253475104635936,1.0,0.0,0.025,0.0,0.975609756097561
20270003,n40_c65,random_replay,0.48,0.9720404521118381,0.024390243902439025,0.926829268292683,0.024390243902439025,0.006253475104635936,1.0,0.0,0.025,0.0,0.975609756097561
20270004,n12_c15,high_energy,0.12,0.7278106508875739,0.7692307692307693,0.8461538461538461,0.5769230769230769,0.011277447221590202,1.0,0.5,0.5833333333333334,0.0,1.0
20270004,n12_c15,high_energy,0.24,0.7633136094674556,0.6153846153846154,0.8461538461538461,0.5769230769230769,0.011277447221590202,1.0,0.5,0.5833333333333334,0.0,1.0
20270004,n12_c15,high_energy,0.48,0.7633136094674556,0.6153846153846154,0.8461538461538461,0.5769230769230769,0.011277447221590202,1.0,0.5,0.5833333333333334,0.0,1.0
20270004,n12_c15,low_energy,0.12,0.7159763313609467,0.7307692307692307,0.7692307692307693,0.5961538461538461,0.006550665852061674,1.0,0.0,0.6458333333333334,0.0,1.0
20270004,n12_c15,low_energy,0.24,0.7603550295857988,0.6153846153846154,0.7692307692307693,0.5961538461538461,0.006550665852061674,1.0,0.0,0.6458333333333334,0.0,1.0
20270004,n12_c15,low_energy,0.48,0.7633136094674556,0.6153846153846154,0.7692307692307693,0.5961538461538461,0.006550665852061674,1.0,0.0,0.6458333333333334,0.0,1.0
20270004,n12_c15,no_replay,0.12,0.6893491124260355,0.6538461538461539,0.9230769230769231,0.5,0.0075418059223663365,1.0,0.25,0.5208333333333334,0.0,1.0
20270004,n12_c15,no_replay,0.24,0.9911242603550297,0.038461538461538464,0.9230769230769231,0.5,0.0075418059223663365,1.0,0.25,0.5208333333333334,0.0,1.0
20270004,n12_c15,no_replay,0.48,1.0,0.0,0.9230769230769231,0.5,0.0075418059223663365,1.0,0.25,0.5208333333333334,0.0,1.0
20270004,n12_c15,random_replay,0.12,0.7278106508875739,0.7692307692307693,0.8461538461538461,0.5769230769230769,0.011277447221590202,1.0,0.5,0.5833333333333334,0.0,1.0
20270004,n12_c15,random_replay,0.24,0.7633136094674556,0.6153846153846154,0.8461538461538461,0.5769230769230769,0.011277447221590202,1.0,0.5,0.5833333333333334,0.0,1.0
20270004,n12_c15,random_replay,0.48,0.7633136094674556,0.6153846153846154,0.8461538461538461,0.5769230769230769,0.011277447221590202,1.0,0.5,0.5833333333333334,0.0,1.0
20270004,n12_c35,high_energy,0.12,0.7130177514792899,0.7307692307692307,0.8461538461538461,0.21153846153846154,0.00857422869548652,1.0,0.75,0.16666666666666666,0.0,1.0
20270004,n12_c35,high_energy,0.24,0.7603550295857988,0.6153846153846154,0.8461538461538461,0.21153846153846154,0.00857422869548652,1.0,0.75,0.16666666666666666,0.0,1.0
20270004,n12_c35,high_energy,0.48,0.7633136094674556,0.6153846153846154,0.8461538461538461,0.21153846153846154,0.00857422869548652,1.0,0.75,0.16666666666666666,0.0,1.0
20270004,n12_c35,low_energy,0.12,0.7130177514792899,0.8076923076923077,0.8461538461538461,0.1346153846153846,0.00988619420244734,1.0,0.0,0.14583333333333334,0.0,1.0
20270004,n12_c35,low_energy,0.24,0.7603550295857988,0.6153846153846154,0.8461538461538461,0.1346153846153846,0.00988619420244734,1.0,0.0,0.14583333333333334,0.0,1.0
20270004,n12_c35,low_energy,0.48,0.7633136094674556,0.6153846153846154,0.8461538461538461,0.1346153846153846,0.00988619420244734,1.0,0.0,0.14583333333333334,0.0,1.0
20270004,n12_c35,no_replay,0.12,0.6982248520710059,0.6153846153846154,0.8461538461538461,0.11538461538461539,0.010040787060437411,1.0,0.5,0.08333333333333333,0.0,1.0
20270004,n12_c35,no_replay,0.24,0.9822485207100591,0.07692307692307693,0.8461538461538461,0.11538461538461539,0.010040787060437411,1.0,0.5,0.08333333333333333,0.0,1.0
20270004,n12_c35,no_replay,0.48,1.0,0.0,0.8461538461538461,0.11538461538461539,0.010040787060437411,1.0,0.5,0.08333333333333333,0.0,1.0
20270004,n12_c35,random_replay,0.12,0.7130177514792899,0.7307692307692307,0.8461538461538461,0.1346153846153846,0.00988619420244734,1.0,0.0,0.14583333333333334,0.0,1.0
20270004,n12_c35,random_replay,0.24,0.7603550295857988,0.6153846153846154,0.8461538461538461,0.1346153846153846,0.00988619420244734,1.0,0.0,0.14583333333333334,0.0,1.0
20270004,n12_c35,random_replay,0.48,0.7633136094674556,0.6153846153846154,0.8461538461538461,0.1346153846153846,0.00988619420244734,1.0,0.0,0.14583333333333334,0.0,1.0
20270004,n12_c65,high_energy,0.12,0.6272189349112427,0.8076923076923077,0.9230769230769231,0.11538461538461539,0.0059017193380148,1.0,0.5,0.08333333333333333,0.0,1.0
20270004,n12_c65,high_energy,0.24,0.7159763313609467,0.6538461538461539,0.9230769230769231,0.11538461538461539,0.0059017193380148,1.0,0.5,0.08333333333333333,0.0,1.0
20270004,n12_c65,high_energy,0.48,0.970414201183432,0.07692307692307693,0.9230769230769231,0.11538461538461539,0.0059017193380148,1.0,0.5,0.08333333333333333,0.0,1.0
20270004,n12_c65,low_energy,0.12,0.6449704142011834,0.7692307692307693,0.9230769230769231,0.07692307692307693,0.006896067688606665,1.0,0.0,0.08333333333333333,0.0,0.9230769230769231
20270004,n12_c65,low_energy,0.24,0.7307692307692308,0.6538461538461539,0.9230769230769231,0.07692307692307693,0.006896067688606665,1.0,0.0,0.08333333333333333,0.0,0.9230769230769231
20270004,n12_c65,low_energy,0.48,0.9053254437869823,0.19230769230769232,0.9230769230769231,0.07692307692307693,0.006896067688606665,1.0,0.0,0.08333333333333333,0.0,0.9230769230769231
20270004,n12_c65,no_replay,0.12,0.6597633136094675,0.8846153846153846,0.9230769230769231,0.07692307692307693,0.007392672385826523,1.0,0.0,0.08333333333333333,0.0,0.9230769230769231
20270004,n12_c65,no_replay,0.24,0.8431952662721894,0.34615384615384615,0.9230769230769231,0.07692307692307693,0.007392672385826523,1.0,0.0,0.08333333333333333,0.0,0.9230769230769231
20270004,n12_c65,no_replay,0.48,0.9763313609467456,0.0,0.9230769230769231,0.07692307692307693,0.007392672385826523,1.0,0.0,0.08333333333333333,0.0,0.9230769230769231
20270004,n12_c65,random_replay,0.12,0.6449704142011834,0.7692307692307693,0.9230769230769231,0.07692307692307693,0.006896067688606665,1.0,0.0,0.08333333333333333,0.0,0.9230769230769231
20270004,n12_c65,random_replay,0.24,0.7307692307692308,0.6923076923076923,0.9230769230769231,0.07692307692307693,0.006896067688606665,1.0,0.0,0.08333333333333333,0.0,0.9230769230769231
20270004,n12_c65,random_replay,0.48,0.9053254437869823,0.34615384615384615,0.9230769230769231,0.07692307692307693,0.006896067688606665,1.0,0.0,0.08333333333333333,0.0,0.9230769230769231
20270004,n24_c15,high_energy,0.12,0.6664,0.62,0.88,0.2,0.011318067444985792,1.0,0.0,0.20833333333333334,0.0,1.0
20270004,n24_c15,high_energy,0.24,0.7752,0.32,0.88,0.2,0.011318067444985792,1.0,0.0,0.20833333333333334,0.0,1.0
20270004,n24_c15,high_energy,0.48,0.7824,0.32,0.88,0.2,0.011318067444985792,1.0,0.0,0.20833333333333334,0.0,1.0
20270004,n24_c15,low_energy,0.12,0.6648,0.66,0.88,0.19,0.01148598637256648,1.0,0.0,0.19791666666666666,0.0,1.0
20270004,n24_c15,low_energy,0.24,0.7752,0.36,0.88,0.19,0.01148598637256648,1.0,0.0,0.19791666666666666,0.0,1.0
20270004,n24_c15,low_energy,0.48,0.7824,0.32,0.88,0.19,0.01148598637256648,1.0,0.0,0.19791666666666666,0.0,1.0
20270004,n24_c15,no_replay,0.12,0.7696000000000001,0.54,0.96,0.05,0.013106940634642808,1.0,0.0,0.052083333333333336,0.0,1.0
20270004,n24_c15,no_replay,0.24,0.9912000000000001,0.08,0.96,0.05,0.013106940634642808,1.0,0.0,0.052083333333333336,0.0,1.0
20270004,n24_c15,no_replay,0.48,1.0,0.0,0.96,0.05,0.013106940634642808,1.0,0.0,0.052083333333333336,0.0,1.0
20270004,n24_c15,random_replay,0.12,0.6648,0.66,0.88,0.19,0.01148598637256648,1.0,0.0,0.19791666666666666,0.0,1.0
20270004,n24_c15,random_replay,0.24,0.7752,0.36,0.88,0.19,0.01148598637256648,1.0,0.0,0.19791666666666666,0.0,1.0
20270004,n24_c15,random_replay,0.48,0.7824,0.32,0.88,0.19,0.01148598637256648,1.0,0.0,0.19791666666666666,0.0,1.0
20270004,n24_c35,high_energy,0.12,0.6528,0.78,0.96,0.05,0.01038725988019854,1.0,0.25,0.041666666666666664,0.0,1.0
20270004,n24_c35,high_energy,0.24,0.7704,0.34,0.96,0.05,0.01038725988019854,1.0,0.25,0.041666666666666664,0.0,1.0
20270004,n24_c35,high_energy,0.48,0.7824,0.32,0.96,0.05,0.01038725988019854,1.0,0.25,0.041666666666666664,0.0,1.0
20270004,n24_c35,low_energy,0.12,0.648,0.8,0.92,0.04,0.010581085024734392,1.0,0.0,0.041666666666666664,0.0,1.0
20270004,n24_c35,low_energy,0.24,0.7464000000000001,0.34,0.92,0.04,0.010581085024734392,1.0,0.0,0.041666666666666664,0.0,1.0
20270004,n24_c35,low_energy,0.48,0.7824,0.32,0.92,0.04,0.010581085024734392,1.0,0.0,0.041666666666666664,0.0,1.0
20270004,n24_c35,no_replay,0.12,0.6832,0.74,0.88,0.04,0.010598718072487006,1.0,0.0,0.041666666666666664,0.0,1.0
20270004,n24_c35,no_replay,0.24,0.9488,0.08,0.88,0.04,0.010598718072487006,1.0,0.0,0.041666666666666664,0.0,1.0
20270004,n24_c35,no_replay,0.48,1.0,0.0,0.88,0.04,0.010598718072487006,1.0,0.0,0.041666666666666664,0.0,1.0
20270004,n24_c35,random_replay,0.12,0.648,0.8,0.92,0.04,0.010581085024734392,1.0,0.0,0.041666666666666664,0.0,1.0
20270004,n24_c35,random_replay,0.24,0.7464000000000001,0.34,0.92,0.04,0.010581085024734392,1.0,0.0,0.041666666666666664,0.0,1.0
20270004,n24_c35,random_replay,0.48,0.7824,0.32,0.92,0.04,0.010581085024734392,1.0,0.0,0.041666666666666664,0.0,1.0
20270004,n24_c65,high_energy,0.12,0.5968,0.66,0.84,0.04,0.006463102708620114,1.0,0.0,0.041666666666666664,0.0,0.96
20270004,n24_c65,high_energy,0.24,0.6951999999999999,0.44,0.84,0.04,0.006463102708620114,1.0,0.0,0.041666666666666664,0.0,0.96
20270004,n24_c65,high_energy,0.48,0.9872000000000001,0.04,0.84,0.04,0.006463102708620114,1.0,0.0,0.041666666666666664,0.0,0.96
20270004,n24_c65,low_energy,0.12,0.5816,0.72,0.88,0.04,0.006421818716390436,1.0,0.0,0.041666666666666664,0.0,0.96
20270004,n24_c65,low_energy,0.24,0.6656,0.5,0.88,0.04,0.006421818716390436,1.0,0.0,0.041666666666666664,0.0,0.96
20270004,n24_c65,low_energy,0.48,0.9512,0.04,0.88,0.04,0.006421818716390436,1.0,0.0,0.041666666666666664,0.0,0.96
20270004,n24_c65,no_replay,0.12,0.6248,0.78,0.92,0.04,0.006793290899007656,1.0,0.0,0.041666666666666664,0.0,0.96
20270004,n24_c65,no_replay,0.24,0.7856000000000001,0.38,0.92,0.04,0.006793290899007656,1.0,0.0,0.041666666666666664,0.0,0.96
20270004,n24_c65,no_replay,0.48,0.9583999999999999,0.02,0.92,0.04,0.006793290899007656,1.0,0.0,0.041666666666666664,0.0,0.96
20270004,n24_c65,random_replay,0.12,0.5816,0.76,0.92,0.04,0.006421818716390436,1.0,0.0,0.041666666666666664,0.0,0.96
20270004,n24_c65,random_replay,0.24,0.6656,0.52,0.92,0.04,0.006421818716390436,1.0,0.0,0.041666666666666664,0.0,0.96
20270004,n24_c65,random_replay,0.48,0.9512,0.06,0.92,0.04,0.006421818716390436,1.0,0.0,0.041666666666666664,0.0,0.96
20270004,n40_c15,high_energy,0.12,0.6915526472337895,0.7439024390243902,0.9512195121951219,0.03048780487804878,0.013253405389588413,1.0,0.0,0.03125,0.0,1.0
20270004,n40_c15,high_energy,0.24,0.8414634146341464,0.2073170731707317,0.9512195121951219,0.03048780487804878,0.013253405389588413,1.0,0.0,0.03125,0.0,1.0
20270004,n40_c15,high_energy,0.48,0.8429506246281976,0.1951219512195122,0.9512195121951219,0.03048780487804878,0.013253405389588413,1.0,0.0,0.03125,0.0,1.0
20270004,n40_c15,low_energy,0.12,0.6924449732302201,0.7439024390243902,0.975609756097561,0.036585365853658534,0.013178232973416436,1.0,0.0,0.0375,0.0,1.0
20270004,n40_c15,low_energy,0.24,0.8414634146341464,0.23170731707317074,0.975609756097561,0.036585365853658534,0.013178232973416436,1.0,0.0,0.0375,0.0,1.0
20270004,n40_c15,low_energy,0.48,0.8429506246281976,0.1951219512195122,0.975609756097561,0.036585365853658534,0.013178232973416436,1.0,0.0,0.0375,0.0,1.0
20270004,n40_c15,no_replay,0.12,0.7605591909577633,0.6707317073170732,0.926829268292683,0.024390243902439025,0.013233479939523165,1.0,0.0,0.025,0.0,1.0
20270004,n40_c15,no_replay,0.24,0.9958358120166567,0.036585365853658534,0.926829268292683,0.024390243902439025,0.013233479939523165,1.0,0.0,0.025,0.0,1.0
20270004,n40_c15,no_replay,0.48,1.0,0.0,0.926829268292683,0.024390243902439025,0.013233479939523165,1.0,0.0,0.025,0.0,1.0
20270004,n40_c15,random_replay,0.12,0.6924449732302201,0.7439024390243902,0.975609756097561,0.036585365853658534,0.013178232973416436,1.0,0.0,0.0375,0.0,1.0
20270004,n40_c15,random_replay,0.24,0.8414634146341464,0.23170731707317074,0.975609756097561,0.036585365853658534,0.013178232973416436,1.0,0.0,0.0375,0.0,1.0
20270004,n40_c15,random_replay,0.48,0.8429506246281976,0.1951219512195122,0.975609756097561,0.036585365853658534,0.013178232973416436,1.0,0.0,0.0375,0.0,1.0
20270004,n40_c35,high_energy,0.12,0.7174301011302796,0.9634146341463414,1.0,0.024390243902439025,0.01040245428892334,1.0,0.0,0.025,0.0,1.0
20270004,n40_c35,high_energy,0.24,0.8364069006543724,0.3780487804878049,1.0,0.024390243902439025,0.01040245428892334,1.0,0.0,0.025,0.0,1.0
20270004,n40_c35,high_energy,0.48,0.8432480666270078,0.1951219512195122,1.0,0.024390243902439025,0.01040245428892334,1.0,0.0,0.025,0.0,1.0
20270004,n40_c35,low_energy,0.12,0.7085068411659726,0.9512195121951219,0.975609756097561,0.024390243902439025,0.010381314692690765,1.0,0.0,0.025,0.0,1.0
20270004,n40_c35,low_energy,0.24,0.8185603807257584,0.4146341463414634,0.975609756097561,0.024390243902439025,0.010381314692690765,1.0,0.0,0.025,0.0,1.0
20270004,n40_c35,low_energy,0.48,0.8426531826293873,0.1951219512195122,0.975609756097561,0.024390243902439025,0.010381314692690765,1.0,0.0,0.025,0.0,1.0
20270004,n40_c35,no_replay,0.12,0.82064247471743,0.9512195121951219,0.975609756097561,0.024390243902439025,0.010406440439234431,1.0,0.0,0.025,0.0,1.0
20270004,n40_c35,no_replay,0.24,0.978286734086853,0.3170731707317073,0.975609756097561,0.024390243902439025,0.010406440439234431,1.0,0.0,0.025,0.0,1.0
20270004,n40_c35,no_replay,0.48,1.0,0.0,0.975609756097561,0.024390243902439025,0.010406440439234431,1.0,0.0,0.025,0.0,1.0
20270004,n40_c35,random_replay,0.12,0.7085068411659726,0.9512195121951219,0.975609756097561,0.024390243902439025,0.010381314692690765,1.0,0.0,0.025,0.0,1.0
20270004,n40_c35,random_replay,0.24,0.8185603807257584,0.4146341463414634,0.975609756097561,0.024390243902439025,0.010381314692690765,1.0,0.0,0.025,0.0,1.0
20270004,n40_c35,random_replay,0.48,0.8426531826293873,0.1951219512195122,0.975609756097561,0.024390243902439025,0.010381314692690765,1.0,0.0,0.025,0.0,1.0
20270004,n40_c65,high_energy,0.12,0.5996430696014278,0.8902439024390244,0.975609756097561,0.024390243902439025,0.006212559159021467,1.0,0.0,0.025,0.0,0.975609756097561
20270004,n40_c65,high_energy,0.24,0.7703747769185009,0.573170731707317,0.975609756097561,0.024390243902439025,0.006212559159021467,1.0,0.0,0.025,0.0,0.975609756097561
20270004,n40_c65,high_energy,0.48,0.9895895300416419,0.024390243902439025,0.975609756097561,0.024390243902439025,0.006212559159021467,1.0,0.0,0.025,0.0,0.975609756097561
20270004,n40_c65,low_energy,0.12,0.5972635336109459,0.8902439024390244,0.975609756097561,0.024390243902439025,0.006203507834838217,1.0,0.0,0.025,0.0,0.975609756097561
20270004,n40_c65,low_energy,0.24,0.7602617489589532,0.5609756097560976,0.975609756097561,0.024390243902439025,0.006203507834838217,1.0,0.0,0.025,0.0,0.975609756097561
20270004,n40_c65,low_energy,0.48,0.9702558001189768,0.024390243902439025,0.975609756097561,0.024390243902439025,0.006203507834838217,1.0,0.0,0.025,0.0,0.975609756097561
20270004,n40_c65,no_replay,0.12,0.6073765615704938,0.9512195121951219,0.975609756097561,0.024390243902439025,0.0064752354894557435,1.0,0.0,0.025,0.0,0.975609756097561
20270004,n40_c65,no_replay,0.24,0.8405710886377157,0.6585365853658537,0.975609756097561,0.024390243902439025,0.0064752354894557435,1.0,0.0,0.025,0.0,0.975609756097561
20270004,n40_c65,no_replay,0.48,0.9762046400951814,0.0,0.975609756097561,0.024390243902439025,0.0064752354894557435,1.0,0.0,0.025,0.0,0.975609756097561
20270004,n40_c65,random_replay,0.12,0.5972635336109459,0.9390243902439024,0.975609756097561,0.024390243902439025,0.006203507834838217,1.0,0.0,0.025,0.0,0.975609756097561
20270004,n40_c65,random_replay,0.24,0.7602617489589532,0.6097560975609756,0.975609756097561,0.024390243902439025,0.006203507834838217,1.0,0.0,0.025,0.0,0.975609756097561
20270004,n40_c65,random_replay,0.48,0.9702558001189768,0.024390243902439025,0.975609756097561,0.024390243902439025,0.006203507834838217,1.0,0.0,0.025,0.0,0.975609756097561
20270005,n12_c15,high_energy,0.12,0.7307692307692308,0.7307692307692307,0.9230769230769231,0.5769230769230769,0.007385139721715366,1.0,1.0,0.5416666666666666,0.0,1.0
20270005,n12_c15,high_energy,0.24,0.7633136094674556,0.6153846153846154,0.9230769230769231,0.5769230769230769,0.007385139721715366,1.0,1.0,0.5416666666666666,0.0,1.0
20270005,n12_c15,high_energy,0.48,0.7633136094674556,0.6153846153846154,0.9230769230769231,0.5769230769230769,0.007385139721715366,1.0,1.0,0.5416666666666666,0.0,1.0
20270005,n12_c15,low_energy,0.12,0.7248520710059172,0.7692307692307693,1.0,0.5384615384615384,0.007491674193069405,1.0,0.0,0.5833333333333334,0.0,1.0
20270005,n12_c15,low_energy,0.24,0.7633136094674556,0.6153846153846154,1.0,0.5384615384615384,0.007491674193069405,1.0,0.0,0.5833333333333334,0.0,1.0
20270005,n12_c15,low_energy,0.48,0.7633136094674556,0.6153846153846154,1.0,0.5384615384615384,0.007491674193069405,1.0,0.0,0.5833333333333334,0.0,1.0
20270005,n12_c15,no_replay,0.12,0.7071005917159763,0.7307692307692307,0.9230769230769231,0.6730769230769231,0.00524704258714443,1.0,0.5,0.6875,0.0,1.0
20270005,n12_c15,no_replay,0.24,0.9822485207100591,0.07692307692307693,0.9230769230769231,0.6730769230769231,0.00524704258714443,1.0,0.5,0.6875,0.0,1.0
20270005,n12_c15,no_replay,0.48,1.0,0.0,0.9230769230769231,0.6730769230769231,0.00524704258714443,1.0,0.5,0.6875,0.0,1.0
20270005,n12_c15,random_replay,0.12,0.7307692307692308,0.7307692307692307,0.9230769230769231,0.5769230769230769,0.007385139721715365,1.0,1.0,0.5416666666666666,0.0,1.0
20270005,n12_c15,random_replay,0.24,0.7633136094674556,0.6153846153846154,0.9230769230769231,0.5769230769230769,0.007385139721715365,1.0,1.0,0.5416666666666666,0.0,1.0
20270005,n12_c15,random_replay,0.48,0.7633136094674556,0.6153846153846154,0.9230769230769231,0.5769230769230769,0.007385139721715365,1.0,1.0,0.5416666666666666,0.0,1.0
20270005,n12_c35,high_energy,0.12,0.7100591715976331,0.6923076923076923,0.7692307692307693,0.19230769230769232,0.009640937349631515,1.0,0.0,0.20833333333333334,0.0,1.0
20270005,n12_c35,high_energy,0.24,0.7633136094674556,0.6153846153846154,0.7692307692307693,0.19230769230769232,0.009640937349631515,1.0,0.0,0.20833333333333334,0.0,1.0
20270005,n12_c35,high_energy,0.48,0.7633136094674556,0.6153846153846154,0.7692307692307693,0.19230769230769232,0.009640937349631515,1.0,0.0,0.20833333333333334,0.0,1.0
20270005,n12_c35,low_energy,0.12,0.7100591715976331,0.7307692307692307,0.8461538461538461,0.11538461538461539,0.010054619088880343,1.0,0.0,0.125,0.0,1.0
20270005,n12_c35,low_energy,0.24,0.7544378698224852,0.6153846153846154,0.8461538461538461,0.11538461538461539,0.010054619088880343,1.0,0.0,0.125,0.0,1.0
20270005,n12_c35,low_energy,0.48,0.7633136094674556,0.6153846153846154,0.8461538461538461,0.11538461538461539,0.010054619088880343,1.0,0.0,0.125,0.0,1.0
20270005,n12_c35,no_replay,0.12,0.7337278106508875,0.5384615384615384,0.7692307692307693,0.07692307692307693,0.010753846273995364,1.0,0.0,0.08333333333333333,0.0,1.0
20270005,n12_c35,no_replay,0.24,0.9644970414201184,0.038461538461538464,0.7692307692307693,0.07692307692307693,0.010753846273995364,1.0,0.0,0.08333333333333333,0.0,1.0
20270005,n12_c35,no_replay,0.48,1.0,0.0,0.7692307692307693,0.07692307692307693,0.010753846273995364,1.0,0.0,0.08333333333333333,0.0,1.0
20270005,n12_c35,random_replay,0.12,0.7100591715976331,0.7307692307692307,0.8461538461538461,0.11538461538461539,0.010054619088880343,1.0,0.0,0.125,0.0,1.0
20270005,n12_c35,random_replay,0.24,0.7544378698224852,0.6153846153846154,0.8461538461538461,0.11538461538461539,0.010054619088880343,1.0,0.0,0.125,0.0,1.0
20270005,n12_c35,random_replay,0.48,0.7633136094674556,0.6153846153846154,0.8461538461538461,0.11538461538461539,0.010054619088880343,1.0,0.0,0.125,0.0,1.0
20270005,n12_c65,high_energy,0.12,0.6775147928994083,0.7307692307692307,0.9230769230769231,0.07692307692307693,0.0068692855860050675,1.0,0.0,0.08333333333333333,0.0,1.0
20270005,n12_c65,high_energy,0.24,0.7218934911242603,0.6153846153846154,0.9230769230769231,0.07692307692307693,0.0068692855860050675,1.0,0.0,0.08333333333333333,0.0,1.0
20270005,n12_c65,high_energy,0.48,0.9822485207100592,0.038461538461538464,0.9230769230769231,0.07692307692307693,0.0068692855860050675,1.0,0.0,0.08333333333333333,0.0,1.0
20270005,n12_c65,low_energy,0.12,0.7041420118343196,0.7307692307692307,0.9230769230769231,0.07692307692307693,0.00681328729795311,1.0,0.0,0.08333333333333333,0.0,0.9230769230769231
20270005,n12_c65,low_energy,0.24,0.7396449704142012,0.6153846153846154,0.9230769230769231,0.07692307692307693,0.00681328729795311,1.0,0.0,0.08333333333333333,0.0,0.9230769230769231
20270005,n12_c65,low_energy,0.48,0.9171597633136095,0.11538461538461539,0.9230769230769231,0.07692307692307693,0.00681328729795311,1.0,0.0,0.08333333333333333,0.0,0.9230769230769231
20270005,n12_c65,no_replay,0.12,0.6745562130177514,0.6538461538461539,0.8461538461538461,0.07692307692307693,0.0074912890796426605,1.0,0.0,0.08333333333333333,0.0,0.9230769230769231
20270005,n12_c65,no_replay,0.24,0.9023668639053254,0.11538461538461539,0.8461538461538461,0.07692307692307693,0.0074912890796426605,1.0,0.0,0.08333333333333333,0.0,0.9230769230769231
20270005,n12_c65,no_replay,0.48,1.0,0.0,0.8461538461538461,0.07692307692307693,0.0074912890796426605,1.0,0.0,0.08333333333333333,0.0,0.9230769230769231
20270005,n12_c65,random_replay,0.12,0.6775147928994083,0.7307692307692307,0.9230769230769231,0.07692307692307693,0.00686928558600507,1.0,0.0,0.08333333333333333,0.0,1.0
20270005,n12_c65,random_replay,0.24,0.7218934911242603,0.6153846153846154,0.9230769230769231,0.07692307692307693,0.00686928558600507,1.0,0.0,0.08333333333333333,0.0,1.0
20270005,n12_c65,random_replay,0.48,0.9822485207100592,0.038461538461538464,0.9230769230769231,0.07692307692307693,0.00686928558600507,1.0,0.0,0.08333333333333333,0.0,1.0
20270005,n24_c15,high_energy,0.12,0.6344000000000001,0.64,0.84,0.25,0.010364705668091471,1.0,0.5,0.23958333333333334,0.0,1.0
20270005,n24_c15,high_energy,0.24,0.7592000000000001,0.36,0.84,0.25,0.010364705668091471,1.0,0.5,0.23958333333333334,0.0,1.0
20270005,n24_c15,high_energy,0.48,0.7824,0.32,0.84,0.25,0.010364705668091471,1.0,0.5,0.23958333333333334,0.0,1.0
20270005,n24_c15,low_energy,0.12,0.6376,0.64,0.84,0.24,0.010798911388898637,1.0,0.0,0.25,0.0,1.0
20270005,n24_c15,low_energy,0.24,0.7608,0.36,0.84,0.24,0.010798911388898637,1.0,0.0,0.25,0.0,1.0
20270005,n24_c15,low_energy,0.48,0.7824,0.32,0.84,0.24,0.010798911388898637,1.0,0.0,0.25,0.0,1.0
20270005,n24_c15,no_replay,0.12,0.6976,0.52,0.8,0.04,0.013135853641738445,1.0,0.0,0.041666666666666664,0.0,1.0
20270005,n24_c15,no_replay,0.24,0.9664,0.04,0.8,0.04,0.013135853641738445,1.0,0.0,0.041666666666666664,0.0,1.0
20270005,n24_c15,no_replay,0.48,1.0,0.0,0.8,0.04,0.013135853641738445,1.0,0.0,0.041666666666666664,0.0,1.0
20270005,n24_c15,random_replay,0.12,0.6344000000000001,0.64,0.84,0.25,0.010364705668091471,1.0,0.5,0.23958333333333334,0.0,1.0
20270005,n24_c15,random_replay,0.24,0.7592000000000001,0.36,0.84,0.25,0.010364705668091471,1.0,0.5,0.23958333333333334,0.0,1.0
20270005,n24_c15,random_replay,0.48,0.7824,0.32,0.84,0.25,0.010364705668091471,1.0,0.5,0.23958333333333334,0.0,1.0
20270005,n24_c35,high_energy,0.12,0.6616,0.66,0.92,0.04,0.010546569652513991,1.0,0.0,0.041666666666666664,0.0,1.0
20270005,n24_c35,high_energy,0.24,0.7799999999999999,0.34,0.92,0.04,0.010546569652513991,1.0,0.0,0.041666666666666664,0.0,1.0
20270005,n24_c35,high_energy,0.48,0.7824,0.32,0.92,0.04,0.010546569652513991,1.0,0.0,0.041666666666666664,0.0,1.0
20270005,n24_c35,low_energy,0.12,0.6568,0.7,0.88,0.04,0.010536273548797458,1.0,0.0,0.041666666666666664,0.0,1.0
20270005,n24_c35,low_energy,0.24,0.7664,0.34,0.88,0.04,0.010536273548797458,1.0,0.0,0.041666666666666664,0.0,1.0
20270005,n24_c35,low_energy,0.48,0.7824,0.32,0.88,0.04,0.010536273548797458,1.0,0.0,0.041666666666666664,0.0,1.0
20270005,n24_c35,no_replay,0.12,0.732,0.62,0.96,0.04,0.010529629652253134,1.0,0.0,0.041666666666666664,0.0,1.0
20270005,n24_c35,no_replay,0.24,0.9848,0.08,0.96,0.04,0.010529629652253134,1.0,0.0,0.041666666666666664,0.0,1.0
20270005,n24_c35,no_replay,0.48,1.0,0.0,0.96,0.04,0.010529629652253134,1.0,0.0,0.041666666666666664,0.0,1.0
20270005,n24_c35,random_replay,0.12,0.6616,0.68,0.92,0.04,0.010546569652513991,1.0,0.0,0.041666666666666664,0.0,1.0
20270005,n24_c35,random_replay,0.24,0.7799999999999999,0.34,0.92,0.04,0.010546569652513991,1.0,0.0,0.041666666666666664,0.0,1.0
20270005,n24_c35,random_replay,0.48,0.7824,0.32,0.92,0.04,0.010546569652513991,1.0,0.0,0.041666666666666664,0.0,1.0
20270005,n24_c65,high_energy,0.12,0.6176,0.64,0.84,0.04,0.006565929107521596,1.0,0.0,0.041666666666666664,0.0,0.96
20270005,n24_c65,high_energy,0.24,0.7152000000000001,0.44,0.84,0.04,0.006565929107521596,1.0,0.0,0.041666666666666664,0.0,0.96
20270005,n24_c65,high_energy,0.48,0.9784,0.04,0.84,0.04,0.006565929107521596,1.0,0.0,0.041666666666666664,0.0,0.96
20270005,n24_c65,low_energy,0.12,0.6040000000000001,0.66,0.88,0.04,0.0065266647459683745,1.0,0.0,0.041666666666666664,0.0,0.96
20270005,n24_c65,low_energy,0.24,0.696,0.46,0.88,0.04,0.0065266647459683745,1.0,0.0,0.041666666666666664,0.0,0.96
20270005,n24_c65,low_energy,0.48,0.9312,0.06,0.88,0.04,0.0065266647459683745,1.0,0.0,0.041666666666666664,0.0,0.96
20270005,n24_c65,no_replay,0.12,0.628,0.76,0.88,0.04,0.007072292107376531,1.0,0.0,0.041666666666666664,0.0,0.96
20270005,n24_c65,no_replay,0.24,0.8288,0.34,0.88,0.04,0.007072292107376531,1.0,0.0,0.041666666666666664,0.0,0.96
20270005,n24_c65,no_replay,0.48,0.96,0.02,0.88,0.04,0.007072292107376531,1.0,0.0,0.041666666666666664,0.0,0.96
20270005,n24_c65,random_replay,0.12,0.6040000000000001,0.72,0.88,0.04,0.0065266647459683745,1.0,0.0,0.041666666666666664,0.0,0.96
20270005,n24_c65,random_replay,0.24,0.696,0.48,0.88,0.04,0.0065266647459683745,1.0,0.0,0.041666666666666664,0.0,0.96
20270005,n24_c65,random_replay,0.48,0.9312,0.06,0.88,0.04,0.0065266647459683745,1.0,0.0,0.041666666666666664,0.0,0.96
20270005,n40_c15,high_energy,0.12,0.6745984533016062,0.573170731707317,0.8780487804878049,0.03048780487804878,0.013314022882582429,1.0,0.0,0.03125,0.0,1.0
20270005,n40_c15,high_energy,0.24,0.8375966686496132,0.2073170731707317,0.8780487804878049,0.03048780487804878,0.013314022882582429,1.0,0.0,0.03125,0.0,1.0
20270005,n40_c15,high_energy,0.48,0.8429506246281976,0.1951219512195122,0.8780487804878049,0.03048780487804878,0.013314022882582429,1.0,0.0,0.03125,0.0,1.0
20270005,n40_c15,low_energy,0.12,0.6674598453301606,0.6097560975609756,0.8780487804878049,0.03048780487804878,0.013299802339549055,1.0,0.0,0.03125,0.0,1.0
20270005,n40_c15,low_energy,0.24,0.8358120166567519,0.2073170731707317,0.8780487804878049,0.03048780487804878,0.013299802339549055,1.0,0.0,0.03125,0.0,1.0
20270005,n40_c15,low_energy,0.48,0.8429506246281976,0.1951219512195122,0.8780487804878049,0.03048780487804878,0.013299802339549055,1.0,0.0,0.03125,0.0,1.0
20270005,n40_c15,no_replay,0.12,0.7400356930398572,0.5853658536585366,0.8780487804878049,0.024390243902439025,0.013277505938004629,1.0,0.0,0.025,0.0,1.0
20270005,n40_c15,no_replay,0.24,0.9931588340273647,0.012195121951219513,0.8780487804878049,0.024390243902439025,0.013277505938004629,1.0,0.0,0.025,0.0,1.0
20270005,n40_c15,no_replay,0.48,1.0,0.0,0.8780487804878049,0.024390243902439025,0.013277505938004629,1.0,0.0,0.025,0.0,1.0
20270005,n40_c15,random_replay,0.12,0.6745984533016062,0.5853658536585366,0.8780487804878049,0.03048780487804878,0.013314022882582429,1.0,0.0,0.03125,0.0,1.0
20270005,n40_c15,random_replay,0.24,0.8375966686496132,0.2073170731707317,0.8780487804878049,0.03048780487804878,0.013314022882582429,1.0,0.0,0.03125,0.0,1.0
20270005,n40_c15,random_replay,0.48,0.8429506246281976,0.1951219512195122,0.8780487804878049,0.03048780487804878,0.013314022882582429,1.0,0.0,0.03125,0.0,1.0
20270005,n40_c35,high_energy,0.12,0.6582391433670434,0.524390243902439,0.7317073170731707,0.024390243902439025,0.01058062541757528,1.0,0.0,0.025,0.0,1.0
20270005,n40_c35,high_energy,0.24,0.8093396787626412,0.2682926829268293,0.7317073170731707,0.024390243902439025,0.01058062541757528,1.0,0.0,0.025,0.0,1.0
20270005,n40_c35,high_energy,0.48,0.8429506246281976,0.1951219512195122,0.7317073170731707,0.024390243902439025,0.01058062541757528,1.0,0.0,0.025,0.0,1.0
20270005,n40_c35,low_energy,0.12,0.6511005353955979,0.524390243902439,0.7317073170731707,0.024390243902439025,0.010577443321742442,1.0,0.0,0.025,0.0,1.0
20270005,n40_c35,low_energy,0.24,0.7908982748364068,0.2682926829268293,0.7317073170731707,0.024390243902439025,0.010577443321742442,1.0,0.0,0.025,0.0,1.0
20270005,n40_c35,low_energy,0.48,0.8420582986317668,0.1951219512195122,0.7317073170731707,0.024390243902439025,0.010577443321742442,1.0,0.0,0.025,0.0,1.0
20270005,n40_c35,no_replay,0.12,0.7114812611540751,0.4878048780487805,0.7804878048780488,0.024390243902439025,0.01071294371236129,1.0,0.0,0.025,0.0,1.0
20270005,n40_c35,no_replay,0.24,0.9440809042236763,0.07317073170731707,0.7804878048780488,0.024390243902439025,0.01071294371236129,1.0,0.0,0.025,0.0,1.0
20270005,n40_c35,no_replay,0.48,1.0,0.0,0.7804878048780488,0.024390243902439025,0.01071294371236129,1.0,0.0,0.025,0.0,1.0
20270005,n40_c35,random_replay,0.12,0.6582391433670434,0.5,0.7317073170731707,0.024390243902439025,0.01058062541757528,1.0,0.0,0.025,0.0,1.0
20270005,n40_c35,random_replay,0.24,0.8093396787626412,0.2682926829268293,0.7317073170731707,0.024390243902439025,0.01058062541757528,1.0,0.0,0.025,0.0,1.0
20270005,n40_c35,random_replay,0.48,0.8429506246281976,0.1951219512195122,0.7317073170731707,0.024390243902439025,0.01058062541757528,1.0,0.0,0.025,0.0,1.0
20270005,n40_c65,high_energy,0.12,0.598750743604997,0.6707317073170732,0.8536585365853658,0.024390243902439025,0.0064578573397587585,1.0,0.0,0.025,0.0,0.975609756097561
20270005,n40_c65,high_energy,0.24,0.7447947650208209,0.3780487804878049,0.8536585365853658,0.024390243902439025,0.0064578573397587585,1.0,0.0,0.025,0.0,0.975609756097561
20270005,n40_c65,high_energy,0.48,0.9803688280785248,0.036585365853658534,0.8536585365853658,0.024390243902439025,0.0064578573397587585,1.0,0.0,0.025,0.0,0.975609756097561
20270005,n40_c65,low_energy,0.12,0.5928019036287924,0.6707317073170732,0.8536585365853658,0.024390243902439025,0.006418784975400783,1.0,0.0,0.025,0.0,0.975609756097561
20270005,n40_c65,low_energy,0.24,0.7290303390838786,0.4024390243902439,0.8536585365853658,0.024390243902439025,0.006418784975400783,1.0,0.0,0.025,0.0,0.975609756097561
20270005,n40_c65,low_energy,0.48,0.9595478881618084,0.036585365853658534,0.8536585365853658,0.024390243902439025,0.006418784975400783,1.0,0.0,0.025,0.0,0.975609756097561
20270005,n40_c65,no_replay,0.12,0.5907198096371208,0.7073170731707317,0.8292682926829268,0.024390243902439025,0.006856222692227147,1.0,0.0,0.025,0.0,0.975609756097561
20270005,n40_c65,no_replay,0.24,0.7745389649018442,0.35365853658536583,0.8292682926829268,0.024390243902439025,0.006856222692227147,1.0,0.0,0.025,0.0,0.975609756097561
20270005,n40_c65,no_replay,0.48,0.9583581201665676,0.036585365853658534,0.8292682926829268,0.024390243902439025,0.006856222692227147,1.0,0.0,0.025,0.0,0.975609756097561
20270005,n40_c65,random_replay,0.12,0.5928019036287924,0.7560975609756098,0.9024390243902439,0.024390243902439025,0.006418784975400783,1.0,0.0,0.025,0.0,0.975609756097561
20270005,n40_c65,random_replay,0.24,0.7290303390838786,0.4146341463414634,0.9024390243902439,0.024390243902439025,0.006418784975400783,1.0,0.0,0.025,0.0,0.975609756097561
20270005,n40_c65,random_replay,0.48,0.9595478881618084,0.036585365853658534,0.9024390243902439,0.024390243902439025,0.006418784975400783,1.0,0.0,0.025,0.0,0.975609756097561
20270006,n12_c15,high_energy,0.12,0.7337278106508875,0.6538461538461539,0.9230769230769231,0.5961538461538461,0.00649019740363474,1.0,1.0,0.5625,0.0,1.0
20270006,n12_c15,high_energy,0.24,0.7603550295857988,0.6153846153846154,0.9230769230769231,0.5961538461538461,0.00649019740363474,1.0,1.0,0.5625,0.0,1.0
20270006,n12_c15,high_energy,0.48,0.7633136094674556,0.6153846153846154,0.9230769230769231,0.5961538461538461,0.00649019740363474,1.0,1.0,0.5625,0.0,1.0
20270006,n12_c15,low_energy,0.12,0.7366863905325445,0.6923076923076923,0.9230769230769231,0.5576923076923077,0.0068497489100723,1.0,0.0,0.6041666666666666,0.0,1.0
20270006,n12_c15,low_energy,0.24,0.7603550295857988,0.6153846153846154,0.9230769230769231,0.5576923076923077,0.0068497489100723,1.0,0.0,0.6041666666666666,0.0,1.0
20270006,n12_c15,low_energy,0.48,0.7633136094674556,0.6153846153846154,0.9230769230769231,0.5576923076923077,0.0068497489100723,1.0,0.0,0.6041666666666666,0.0,1.0
20270006,n12_c15,no_replay,0.12,0.8639053254437871,0.6923076923076923,0.9230769230769231,0.5384615384615384,0.007347626777747914,1.0,0.5,0.5416666666666666,0.0,1.0
20270006,n12_c15,no_replay,0.24,0.9940828402366865,0.0,0.9230769230769231,0.5384615384615384,0.007347626777747914,1.0,0.5,0.5416666666666666,0.0,1.0
20270006,n12_c15,no_replay,0.48,1.0,0.0,0.9230769230769231,0.5384615384615384,0.007347626777747914,1.0,0.5,0.5416666666666666,0.0,1.0
20270006,n12_c15,random_replay,0.12,0.7337278106508875,0.6538461538461539,0.9230769230769231,0.5961538461538461,0.00649019740363474,1.0,1.0,0.5625,0.0,1.0
20270006,n12_c15,random_replay,0.24,0.7603550295857988,0.6153846153846154,0.9230769230769231,0.5961538461538461,0.00649019740363474,1.0,1.0,0.5625,0.0,1.0
20270006,n12_c15,random_replay,0.48,0.7633136094674556,0.6153846153846154,0.9230769230769231,0.5961538461538461,0.00649019740363474,1.0,1.0,0.5625,0.0,1.0
20270006,n12_c35,high_energy,0.12,0.7159763313609467,0.8076923076923077,1.0,0.19230769230769232,0.009171761723916472,1.0,0.25,0.1875,0.0,1.0
20270006,n12_c35,high_energy,0.24,0.7633136094674556,0.6153846153846154,1.0,0.19230769230769232,0.009171761723916472,1.0,0.25,0.1875,0.0,1.0
20270006,n12_c35,high_energy,0.48,0.7633136094674556,0.6153846153846154,1.0,0.19230769230769232,0.009171761723916472,1.0,0.25,0.1875,0.0,1.0
20270006,n12_c35,low_energy,0.12,0.727810650887574,0.8461538461538461,0.9230769230769231,0.1346153846153846,0.010001423519543338,1.0,0.0,0.14583333333333334,0.0,1.0
20270006,n12_c35,low_energy,0.24,0.7514792899408284,0.6153846153846154,0.9230769230769231,0.1346153846153846,0.010001423519543338,1.0,0.0,0.14583333333333334,0.0,1.0
20270006,n12_c35,low_energy,0.48,0.7633136094674556,0.6153846153846154,0.9230769230769231,0.1346153846153846,0.010001423519543338,1.0,0.0,0.14583333333333334,0.0,1.0
20270006,n12_c35,no_replay,0.12,0.7544378698224852,0.8076923076923077,0.9230769230769231,0.07692307692307693,0.010618132131165544,1.0,0.0,0.08333333333333333,0.0,1.0
20270006,n12_c35,no_replay,0.24,0.9911242603550295,0.038461538461538464,0.9230769230769231,0.07692307692307693,0.010618132131165544,1.0,0.0,0.08333333333333333,0.0,1.0
20270006,n12_c35,no_replay,0.48,1.0,0.0,0.9230769230769231,0.07692307692307693,0.010618132131165544,1.0,0.0,0.08333333333333333,0.0,1.0
20270006,n12_c35,random_replay,0.12,0.727810650887574,0.8461538461538461,0.9230769230769231,0.1346153846153846,0.010001423519543338,1.0,0.0,0.14583333333333334,0.0,1.0
20270006,n12_c35,random_replay,0.24,0.7514792899408284,0.6153846153846154,0.9230769230769231,0.1346153846153846,0.010001423519543338,1.0,0.0,0.14583333333333334,0.0,1.0
20270006,n12_c35,random_replay,0.48,0.7633136094674556,0.6153846153846154,0.9230769230769231,0.1346153846153846,0.010001423519543338,1.0,0.0,0.14583333333333334,0.0,1.0
20270006,n12_c65,high_energy,0.12,0.6568047337278107,0.7692307692307693,0.9230769230769231,0.07692307692307693,0.006905413986259419,1.0,0.0,0.08333333333333333,0.0,1.0
20270006,n12_c65,high_energy,0.24,0.7278106508875739,0.6153846153846154,0.9230769230769231,0.07692307692307693,0.006905413986259419,1.0,0.0,0.08333333333333333,0.0,1.0
20270006,n12_c65,high_energy,0.48,0.9733727810650887,0.07692307692307693,0.9230769230769231,0.07692307692307693,0.006905413986259419,1.0,0.0,0.08333333333333333,0.0,1.0
20270006,n12_c65,low_energy,0.12,0.6834319526627219,0.8076923076923077,0.9230769230769231,0.07692307692307693,0.006843083786972478,1.0,0.0,0.08333333333333333,0.0,0.9230769230769231
20270006,n12_c65,low_energy,0.24,0.7396449704142012,0.6153846153846154,0.9230769230769231,0.07692307692307693,0.006843083786972478,1.0,0.0,0.08333333333333333,0.0,0.9230769230769231
20270006,n12_c65,low_energy,0.48,0.9142011834319527,0.11538461538461539,0.9230769230769231,0.07692307692307693,0.006843083786972478,1.0,0.0,0.08333333333333333,0.0,0.9230769230769231
20270006,n12_c65,no_replay,0.12,0.6538461538461537,0.7692307692307693,0.8461538461538461,0.07692307692307693,0.0073591432578148245,1.0,0.0,0.08333333333333333,0.0,0.9230769230769231
20270006,n12_c65,no_replay,0.24,0.8609467455621302,0.34615384615384615,0.8461538461538461,0.07692307692307693,0.0073591432578148245,1.0,0.0,0.08333333333333333,0.0,0.9230769230769231
20270006,n12_c65,no_replay,0.48,0.9970414201183432,0.0,0.8461538461538461,0.07692307692307693,0.0073591432578148245,1.0,0.0,0.08333333333333333,0.0,0.9230769230769231
20270006,n12_c65,random_replay,0.12,0.6834319526627219,0.8461538461538461,0.9230769230769231,0.07692307692307693,0.006843083786972478,1.0,0.0,0.08333333333333333,0.0,0.9230769230769231
20270006,n12_c65,random_replay,0.24,0.7396449704142012,0.6153846153846154,0.9230769230769231,0.07692307692307693,0.006843083786972478,1.0,0.0,0.08333333333333333,0.0,0.9230769230769231
20270006,n12_c65,random_replay,0.48,0.9142011834319527,0.15384615384615385,0.9230769230769231,0.07692307692307693,0.006843083786972478,1.0,0.0,0.08333333333333333,0.0,0.9230769230769231
20270006,n24_c15,high_energy,0.12,0.6344,0.7,0.92,0.17,0.011510210219943435,1.0,0.0,0.17708333333333334,0.0,1.0
20270006,n24_c15,high_energy,0.24,0.768,0.38,0.92,0.17,0.011510210219943435,1.0,0.0,0.17708333333333334,0.0,1.0
20270006,n24_c15,high_energy,0.48,0.7824,0.32,0.92,0.17,0.011510210219943435,1.0,0.0,0.17708333333333334,0.0,1.0
20270006,n24_c15,low_energy,0.12,0.6312,0.68,0.88,0.18,0.011370258726813959,1.0,0.0,0.1875,0.0,1.0
20270006,n24_c15,low_energy,0.24,0.7632000000000001,0.38,0.88,0.18,0.011370258726813959,1.0,0.0,0.1875,0.0,1.0
20270006,n24_c15,low_energy,0.48,0.7824,0.32,0.88,0.18,0.011370258726813959,1.0,0.0,0.1875,0.0,1.0
20270006,n24_c15,no_replay,0.12,0.6784,0.58,0.88,0.04,0.013161987487125644,1.0,0.0,0.041666666666666664,0.0,1.0
20270006,n24_c15,no_replay,0.24,0.9608000000000001,0.1,0.88,0.04,0.013161987487125644,1.0,0.0,0.041666666666666664,0.0,1.0
20270006,n24_c15,no_replay,0.48,1.0,0.0,0.88,0.04,0.013161987487125644,1.0,0.0,0.041666666666666664,0.0,1.0
20270006,n24_c15,random_replay,0.12,0.6312,0.68,0.88,0.18,0.011370258726813959,1.0,0.0,0.1875,0.0,1.0
20270006,n24_c15,random_replay,0.24,0.7632000000000001,0.38,0.88,0.18,0.011370258726813959,1.0,0.0,0.1875,0.0,1.0
20270006,n24_c15,random_replay,0.48,0.7824,0.32,0.88,0.18,0.011370258726813959,1.0,0.0,0.1875,0.0,1.0
20270006,n24_c35,high_energy,0.12,0.6527999999999999,0.76,0.92,0.04,0.010535648207902863,1.0,0.0,0.041666666666666664,0.0,1.0
20270006,n24_c35,high_energy,0.24,0.7736,0.38,0.92,0.04,0.010535648207902863,1.0,0.0,0.041666666666666664,0.0,1.0
20270006,n24_c35,high_energy,0.48,0.7824,0.32,0.92,0.04,0.010535648207902863,1.0,0.0,0.041666666666666664,0.0,1.0
20270006,n24_c35,low_energy,0.12,0.6488,0.82,0.92,0.04,0.01051514013693292,1.0,0.0,0.041666666666666664,0.0,1.0
20270006,n24_c35,low_energy,0.24,0.7552,0.4,0.92,0.04,0.01051514013693292,1.0,0.0,0.041666666666666664,0.0,1.0
20270006,n24_c35,low_energy,0.48,0.7824,0.32,0.92,0.04,0.01051514013693292,1.0,0.0,0.041666666666666664,0.0,1.0
20270006,n24_c35,no_replay,0.12,0.7272,0.66,0.84,0.04,0.010580789399953282,1.0,0.0,0.041666666666666664,0.0,1.0
20270006,n24_c35,no_replay,0.24,0.9768,0.1,0.84,0.04,0.010580789399953282,1.0,0.0,0.041666666666666664,0.0,1.0
20270006,n24_c35,no_replay,0.48,1.0,0.0,0.84,0.04,0.010580789399953282,1.0,0.0,0.041666666666666664,0.0,1.0
20270006,n24_c35,random_replay,0.12,0.6527999999999999,0.78,0.92,0.04,0.010535648207902863,1.0,0.0,0.041666666666666664,0.0,1.0
20270006,n24_c35,random_replay,0.24,0.7736,0.38,0.92,0.04,0.010535648207902863,1.0,0.0,0.041666666666666664,0.0,1.0
20270006,n24_c35,random_replay,0.48,0.7824,0.32,0.92,0.04,0.010535648207902863,1.0,0.0,0.041666666666666664,0.0,1.0
20270006,n24_c65,high_energy,0.12,0.6016,0.64,0.8,0.05,0.0062241297719410095,1.0,0.25,0.041666666666666664,0.0,0.96
20270006,n24_c65,high_energy,0.24,0.724,0.46,0.8,0.05,0.0062241297719410095,1.0,0.25,0.041666666666666664,0.0,0.96
20270006,n24_c65,high_energy,0.48,0.9928,0.02,0.8,0.05,0.0062241297719410095,1.0,0.25,0.041666666666666664,0.0,0.96
20270006,n24_c65,low_energy,0.12,0.5928,0.66,0.84,0.04,0.006441874880464311,1.0,0.0,0.041666666666666664,0.0,0.96
20270006,n24_c65,low_energy,0.24,0.6904,0.5,0.84,0.04,0.006441874880464311,1.0,0.0,0.041666666666666664,0.0,0.96
20270006,n24_c65,low_energy,0.48,0.9575999999999999,0.02,0.84,0.04,0.006441874880464311,1.0,0.0,0.041666666666666664,0.0,0.96
20270006,n24_c65,no_replay,0.12,0.6032,0.72,0.88,0.04,0.006861656515259481,1.0,0.0,0.041666666666666664,0.0,0.96
20270006,n24_c65,no_replay,0.24,0.8144,0.44,0.88,0.04,0.006861656515259481,1.0,0.0,0.041666666666666664,0.0,0.96
20270006,n24_c65,no_replay,0.48,0.9663999999999999,0.0,0.88,0.04,0.006861656515259481,1.0,0.0,0.041666666666666664,0.0,0.96
20270006,n24_c65,random_replay,0.12,0.6016,0.58,0.76,0.05,0.0062241297719410095,1.0,0.25,0.041666666666666664,0.0,0.96
20270006,n24_c65,random_replay,0.24,0.724,0.4,0.76,0.05,0.0062241297719410095,1.0,0.25,0.041666666666666664,0.0,0.96
20270006,n24_c65,random_replay,0.48,0.9928,0.02,0.76,0.05,0.0062241297719410095,1.0,0.25,0.041666666666666664,0.0,0.96
20270006,n40_c15,high_energy,0.12,0.698691255205235,0.6707317073170732,0.926829268292683,0.024390243902439025,0.013343355393490849,1.0,0.0,0.025,0.0,1.0
20270006,n40_c15,high_energy,0.24,0.8361094586555622,0.2073170731707317,0.926829268292683,0.024390243902439025,0.013343355393490849,1.0,0.0,0.025,0.0,1.0
20270006,n40_c15,high_energy,0.48,0.8429506246281976,0.1951219512195122,0.926829268292683,0.024390243902439025,0.013343355393490849,1.0,0.0,0.025,0.0,1.0
20270006,n40_c15,low_energy,0.12,0.6972040452111837,0.6951219512195121,0.926829268292683,0.03048780487804878,0.013244958555523937,1.0,0.0,0.03125,0.0,1.0
20270006,n40_c15,low_energy,0.24,0.8361094586555622,0.2073170731707317,0.926829268292683,0.03048780487804878,0.013244958555523937,1.0,0.0,0.03125,0.0,1.0
20270006,n40_c15,low_energy,0.48,0.8429506246281976,0.1951219512195122,0.926829268292683,0.03048780487804878,0.013244958555523937,1.0,0.0,0.03125,0.0,1.0
20270006,n40_c15,no_replay,0.12,0.7754312908982748,0.6585365853658537,0.926829268292683,0.024390243902439025,0.0132888027440675,1.0,0.0,0.025,0.0,1.0
20270006,n40_c15,no_replay,0.24,0.9886972040452112,0.024390243902439025,0.926829268292683,0.024390243902439025,0.0132888027440675,1.0,0.0,0.025,0.0,1.0
20270006,n40_c15,no_replay,0.48,1.0,0.0,0.926829268292683,0.024390243902439025,0.0132888027440675,1.0,0.0,0.025,0.0,1.0
20270006,n40_c15,random_replay,0.12,0.6972040452111837,0.6951219512195121,0.926829268292683,0.03048780487804878,0.013244958555523937,1.0,0.0,0.03125,0.0,1.0
20270006,n40_c15,random_replay,0.24,0.8361094586555622,0.2073170731707317,0.926829268292683,0.03048780487804878,0.013244958555523937,1.0,0.0,0.03125,0.0,1.0
20270006,n40_c15,random_replay,0.48,0.8429506246281976,0.1951219512195122,0.926829268292683,0.03048780487804878,0.013244958555523937,1.0,0.0,0.03125,0.0,1.0
20270006,n40_c35,high_energy,0.12,0.6522903033908388,0.6341463414634146,0.8780487804878049,0.024390243902439025,0.01051762662324371,1.0,0.0,0.025,0.0,1.0
20270006,n40_c35,high_energy,0.24,0.826888756692445,0.23170731707317074,0.8780487804878049,0.024390243902439025,0.01051762662324371,1.0,0.0,0.025,0.0,1.0
20270006,n40_c35,high_energy,0.48,0.8429506246281976,0.1951219512195122,0.8780487804878049,0.024390243902439025,0.01051762662324371,1.0,0.0,0.025,0.0,1.0
20270006,n40_c35,low_energy,0.12,0.6469363474122546,0.6463414634146342,0.8780487804878049,0.024390243902439025,0.01050373522425455,1.0,0.0,0.025,0.0,1.0
20270006,n40_c35,low_energy,0.24,0.8099345627602618,0.24390243902439024,0.8780487804878049,0.024390243902439025,0.01050373522425455,1.0,0.0,0.025,0.0,1.0
20270006,n40_c35,low_energy,0.48,0.8429506246281976,0.1951219512195122,0.8780487804878049,0.024390243902439025,0.01050373522425455,1.0,0.0,0.025,0.0,1.0
20270006,n40_c35,no_replay,0.12,0.7168352171326592,0.7073170731707317,0.9024390243902439,0.024390243902439025,0.01062908132656452,1.0,0.0,0.025,0.0,1.0
20270006,n40_c35,no_replay,0.24,0.9735276621058894,0.07317073170731707,0.9024390243902439,0.024390243902439025,0.01062908132656452,1.0,0.0,0.025,0.0,1.0
20270006,n40_c35,no_replay,0.48,1.0,0.0,0.9024390243902439,0.024390243902439025,0.01062908132656452,1.0,0.0,0.025,0.0,1.0
20270006,n40_c35,random_replay,0.12,0.6522903033908388,0.6341463414634146,0.8780487804878049,0.024390243902439025,0.01051762662324371,1.0,0.0,0.025,0.0,1.0
20270006,n40_c35,random_replay,0.24,0.826888756692445,0.23170731707317074,0.8780487804878049,0.024390243902439025,0.01051762662324371,1.0,0.0,0.025,0.0,1.0
20270006,n40_c35,random_replay,0.48,0.8429506246281976,0.1951219512195122,0.8780487804878049,0.024390243902439025,0.01051762662324371,1.0,0.0,0.025,0.0,1.0
20270006,n40_c65,high_energy,0.12,0.5794170136823319,0.8658536585365854,0.926829268292683,0.024390243902439025,0.006339433690678377,1.0,0.0,0.025,0.0,0.975609756097561
20270006,n40_c65,high_energy,0.24,0.7317073170731707,0.4634146341463415,0.926829268292683,0.024390243902439025,0.006339433690678377,1.0,0.0,0.025,0.0,0.975609756097561
20270006,n40_c65,high_energy,0.48,0.9779892920880429,0.06097560975609756,0.926829268292683,0.024390243902439025,0.006339433690678377,1.0,0.0,0.025,0.0,0.975609756097561
20270006,n40_c65,low_energy,0.12,0.5785246876859013,0.8536585365853658,0.926829268292683,0.024390243902439025,0.006309131122872856,1.0,0.0,0.025,0.0,0.975609756097561
20270006,n40_c65,low_energy,0.24,0.7201070791195717,0.4878048780487805,0.926829268292683,0.024390243902439025,0.006309131122872856,1.0,0.0,0.025,0.0,0.975609756097561
20270006,n40_c65,low_energy,0.48,0.9601427721594288,0.04878048780487805,0.926829268292683,0.024390243902439025,0.006309131122872856,1.0,0.0,0.025,0.0,0.975609756097561
20270006,n40_c65,no_replay,0.12,0.5981558596073766,0.8780487804878049,0.926829268292683,0.024390243902439025,0.006591185950557152,1.0,0.0,0.025,0.0,0.975609756097561
20270006,n40_c65,no_replay,0.24,0.7929803688280785,0.524390243902439,0.926829268292683,0.024390243902439025,0.006591185950557152,1.0,0.0,0.025,0.0,0.975609756097561
20270006,n40_c65,no_replay,0.48,0.9610350981558595,0.036585365853658534,0.926829268292683,0.024390243902439025,0.006591185950557152,1.0,0.0,0.025,0.0,0.975609756097561
20270006,n40_c65,random_replay,0.12,0.5785246876859013,0.8658536585365854,0.926829268292683,0.024390243902439025,0.006309131122872856,1.0,0.0,0.025,0.0,0.975609756097561
20270006,n40_c65,random_replay,0.24,0.7201070791195717,0.4878048780487805,0.926829268292683,0.024390243902439025,0.006309131122872856,1.0,0.0,0.025,0.0,0.975609756097561
20270006,n40_c65,random_replay,0.48,0.9601427721594288,0.04878048780487805,0.926829268292683,0.024390243902439025,0.006309131122872856,1.0,0.0,0.025,0.0,0.975609756097561
20270007,n12_c15,high_energy,0.12,0.7189349112426036,0.7307692307692307,0.8461538461538461,0.5769230769230769,0.007179901076078814,1.0,0.5,0.5833333333333334,0.0,1.0
20270007,n12_c15,high_energy,0.24,0.7633136094674556,0.6153846153846154,0.8461538461538461,0.5769230769230769,0.007179901076078814,1.0,0.5,0.5833333333333334,0.0,1.0
20270007,n12_c15,high_energy,0.48,0.7633136094674556,0.6153846153846154,0.8461538461538461,0.5769230769230769,0.007179901076078814,1.0,0.5,0.5833333333333334,0.0,1.0
20270007,n12_c15,low_energy,0.12,0.727810650887574,0.8461538461538461,0.9230769230769231,0.5961538461538461,0.006799290397010821,1.0,0.0,0.6458333333333334,0.0,1.0
20270007,n12_c15,low_energy,0.24,0.7633136094674556,0.6153846153846154,0.9230769230769231,0.5961538461538461,0.006799290397010821,1.0,0.0,0.6458333333333334,0.0,1.0
20270007,n12_c15,low_energy,0.48,0.7633136094674556,0.6153846153846154,0.9230769230769231,0.5961538461538461,0.006799290397010821,1.0,0.0,0.6458333333333334,0.0,1.0
20270007,n12_c15,no_replay,0.12,0.7189349112426036,0.6923076923076923,1.0,0.5384615384615384,0.007169350556536677,1.0,0.5,0.5416666666666666,0.0,1.0
20270007,n12_c15,no_replay,0.24,0.9940828402366864,0.038461538461538464,1.0,0.5384615384615384,0.007169350556536677,1.0,0.5,0.5416666666666666,0.0,1.0
20270007,n12_c15,no_replay,0.48,1.0,0.0,1.0,0.5384615384615384,0.007169350556536677,1.0,0.5,0.5416666666666666,0.0,1.0
20270007,n12_c15,random_replay,0.12,0.7189349112426036,0.7307692307692307,0.8461538461538461,0.5769230769230769,0.007179901076078813,1.0,0.5,0.5833333333333334,0.0,1.0
20270007,n12_c15,random_replay,0.24,0.7633136094674556,0.6153846153846154,0.8461538461538461,0.5769230769230769,0.007179901076078813,1.0,0.5,0.5833333333333334,0.0,1.0
20270007,n12_c15,random_replay,0.48,0.7633136094674556,0.6153846153846154,0.8461538461538461,0.5769230769230769,0.007179901076078813,1.0,0.5,0.5833333333333334,0.0,1.0
20270007,n12_c35,high_energy,0.12,0.7218934911242603,0.7307692307692307,1.0,0.28846153846153844,0.008113479092172747,1.0,0.5,0.2708333333333333,0.0,1.0
20270007,n12_c35,high_energy,0.24,0.7633136094674556,0.6153846153846154,1.0,0.28846153846153844,0.008113479092172747,1.0,0.5,0.2708333333333333,0.0,1.0
20270007,n12_c35,high_energy,0.48,0.7633136094674556,0.6153846153846154,1.0,0.28846153846153844,0.008113479092172747,1.0,0.5,0.2708333333333333,0.0,1.0
20270007,n12_c35,low_energy,0.12,0.727810650887574,0.9230769230769231,0.9230769230769231,0.21153846153846154,0.009365384614720161,1.0,0.0,0.22916666666666666,0.0,1.0
20270007,n12_c35,low_energy,0.24,0.7396449704142012,0.6538461538461539,0.9230769230769231,0.21153846153846154,0.009365384614720161,1.0,0.0,0.22916666666666666,0.0,1.0
20270007,n12_c35,low_energy,0.48,0.7633136094674556,0.6153846153846154,0.9230769230769231,0.21153846153846154,0.009365384614720161,1.0,0.0,0.22916666666666666,0.0,1.0
20270007,n12_c35,no_replay,0.12,0.7573964497041421,0.6538461538461539,0.8461538461538461,0.09615384615384616,0.010391809558238492,1.0,0.25,0.08333333333333333,0.0,1.0
20270007,n12_c35,no_replay,0.24,0.9792899408284024,0.038461538461538464,0.8461538461538461,0.09615384615384616,0.010391809558238492,1.0,0.25,0.08333333333333333,0.0,1.0
20270007,n12_c35,no_replay,0.48,1.0,0.0,0.8461538461538461,0.09615384615384616,0.010391809558238492,1.0,0.25,0.08333333333333333,0.0,1.0
20270007,n12_c35,random_replay,0.12,0.727810650887574,0.7692307692307693,0.9230769230769231,0.21153846153846154,0.009365384614720161,1.0,0.0,0.22916666666666666,0.0,1.0
20270007,n12_c35,random_replay,0.24,0.7396449704142012,0.6153846153846154,0.9230769230769231,0.21153846153846154,0.009365384614720161,1.0,0.0,0.22916666666666666,0.0,1.0
20270007,n12_c35,random_replay,0.48,0.7633136094674556,0.6153846153846154,0.9230769230769231,0.21153846153846154,0.009365384614720161,1.0,0.0,0.22916666666666666,0.0,1.0
20270007,n12_c65,high_energy,0.12,0.6597633136094674,0.6923076923076923,0.6923076923076923,0.09615384615384616,0.006494913941327166,1.0,0.25,0.08333333333333333,0.0,1.0
20270007,n12_c65,high_energy,0.24,0.7100591715976331,0.6538461538461539,0.6923076923076923,0.09615384615384616,0.006494913941327166,1.0,0.25,0.08333333333333333,0.0,1.0
20270007,n12_c65,high_energy,0.48,0.985207100591716,0.038461538461538464,0.6923076923076923,0.09615384615384616,0.006494913941327166,1.0,0.25,0.08333333333333333,0.0,1.0
20270007,n12_c65,low_energy,0.12,0.6834319526627219,0.7692307692307693,0.9230769230769231,0.07692307692307693,0.006928221996871988,1.0,0.0,0.08333333333333333,0.0,0.9230769230769231
20270007,n12_c65,low_energy,0.24,0.7307692307692308,0.6538461538461539,0.9230769230769231,0.07692307692307693,0.006928221996871988,1.0,0.0,0.08333333333333333,0.0,0.9230769230769231
20270007,n12_c65,low_energy,0.48,0.9171597633136095,0.038461538461538464,0.9230769230769231,0.07692307692307693,0.006928221996871988,1.0,0.0,0.08333333333333333,0.0,0.9230769230769231
20270007,n12_c65,no_replay,0.12,0.6479289940828403,0.7307692307692307,0.9230769230769231,0.07692307692307693,0.007551164913806426,1.0,0.0,0.08333333333333333,0.0,0.9230769230769231
20270007,n12_c65,no_replay,0.24,0.8905325443786982,0.19230769230769232,0.9230769230769231,0.07692307692307693,0.007551164913806426,1.0,0.0,0.08333333333333333,0.0,0.9230769230769231
20270007,n12_c65,no_replay,0.48,0.9940828402366865,0.0,0.9230769230769231,0.07692307692307693,0.007551164913806426,1.0,0.0,0.08333333333333333,0.0,0.9230769230769231
20270007,n12_c65,random_replay,0.12,0.6834319526627219,0.7692307692307693,0.9230769230769231,0.07692307692307693,0.006928221996871988,1.0,0.0,0.08333333333333333,0.0,0.9230769230769231
20270007,n12_c65,random_replay,0.24,0.7307692307692308,0.6923076923076923,0.9230769230769231,0.07692307692307693,0.006928221996871988,1.0,0.0,0.08333333333333333,0.0,0.9230769230769231
20270007,n12_c65,random_replay,0.48,0.9171597633136095,0.07692307692307693,0.9230769230769231,0.07692307692307693,0.006928221996871988,1.0,0.0,0.08333333333333333,0.0,0.9230769230769231
20270007,n24_c15,high_energy,0.12,0.6592,0.8,0.92,0.14,0.011787367421744794,1.0,0.25,0.13541666666666666,0.0,1.0
20270007,n24_c15,high_energy,0.24,0.7776000000000001,0.32,0.92,0.14,0.011787367421744794,1.0,0.25,0.13541666666666666,0.0,1.0
20270007,n24_c15,high_energy,0.48,0.7824,0.32,0.92,0.14,0.011787367421744794,1.0,0.25,0.13541666666666666,0.0,1.0
20270007,n24_c15,low_energy,0.12,0.6568,0.8,0.92,0.16,0.011692545459806558,1.0,0.0,0.16666666666666666,0.0,1.0
20270007,n24_c15,low_energy,0.24,0.776,0.32,0.92,0.16,0.011692545459806558,1.0,0.0,0.16666666666666666,0.0,1.0
20270007,n24_c15,low_energy,0.48,0.7824,0.32,0.92,0.16,0.011692545459806558,1.0,0.0,0.16666666666666666,0.0,1.0
20270007,n24_c15,no_replay,0.12,0.7575999999999999,0.76,0.96,0.07,0.012774712504595435,1.0,0.0,0.07291666666666667,0.0,1.0
20270007,n24_c15,no_replay,0.24,0.9936,0.04,0.96,0.07,0.012774712504595435,1.0,0.0,0.07291666666666667,0.0,1.0
20270007,n24_c15,no_replay,0.48,1.0,0.0,0.96,0.07,0.012774712504595435,1.0,0.0,0.07291666666666667,0.0,1.0
20270007,n24_c15,random_replay,0.12,0.6592,0.8,0.92,0.14,0.011787367421744794,1.0,0.25,0.13541666666666666,0.0,1.0
20270007,n24_c15,random_replay,0.24,0.7776000000000001,0.32,0.92,0.14,0.011787367421744794,1.0,0.25,0.13541666666666666,0.0,1.0
20270007,n24_c15,random_replay,0.48,0.7824,0.32,0.92,0.14,0.011787367421744794,1.0,0.25,0.13541666666666666,0.0,1.0
20270007,n24_c35,high_energy,0.12,0.6776,0.74,0.96,0.04,0.010546825122542715,1.0,0.0,0.041666666666666664,0.0,1.0
20270007,n24_c35,high_energy,0.24,0.7824,0.32,0.96,0.04,0.010546825122542715,1.0,0.0,0.041666666666666664,0.0,1.0
20270007,n24_c35,high_energy,0.48,0.7824,0.32,0.96,0.04,0.010546825122542715,1.0,0.0,0.041666666666666664,0.0,1.0
20270007,n24_c35,low_energy,0.12,0.6712,0.76,0.92,0.04,0.010519587863320268,1.0,0.0,0.041666666666666664,0.0,1.0
20270007,n24_c35,low_energy,0.24,0.7592000000000001,0.32,0.92,0.04,0.010519587863320268,1.0,0.0,0.041666666666666664,0.0,1.0
20270007,n24_c35,low_energy,0.48,0.7824,0.32,0.92,0.04,0.010519587863320268,1.0,0.0,0.041666666666666664,0.0,1.0
20270007,n24_c35,no_replay,0.12,0.7416,0.78,0.92,0.04,0.010630527211503158,1.0,0.0,0.041666666666666664,0.0,1.0
20270007,n24_c35,no_replay,0.24,0.984,0.02,0.92,0.04,0.010630527211503158,1.0,0.0,0.041666666666666664,0.0,1.0
20270007,n24_c35,no_replay,0.48,1.0,0.0,0.92,0.04,0.010630527211503158,1.0,0.0,0.041666666666666664,0.0,1.0
20270007,n24_c35,random_replay,0.12,0.6712,0.76,0.92,0.04,0.010519587863320268,1.0,0.0,0.041666666666666664,0.0,1.0
20270007,n24_c35,random_replay,0.24,0.7592000000000001,0.32,0.92,0.04,0.010519587863320268,1.0,0.0,0.041666666666666664,0.0,1.0
20270007,n24_c35,random_replay,0.48,0.7824,0.32,0.92,0.04,0.010519587863320268,1.0,0.0,0.041666666666666664,0.0,1.0
20270007,n24_c65,high_energy,0.12,0.5871999999999999,0.68,0.8,0.04,0.006463016046359735,1.0,0.0,0.041666666666666664,0.0,0.96
20270007,n24_c65,high_energy,0.24,0.7183999999999999,0.44,0.8,0.04,0.006463016046359735,1.0,0.0,0.041666666666666664,0.0,0.96
20270007,n24_c65,high_energy,0.48,0.9984,0.0,0.8,0.04,0.006463016046359735,1.0,0.0,0.041666666666666664,0.0,0.96
20270007,n24_c65,low_energy,0.12,0.5831999999999999,0.76,0.84,0.04,0.0064022069469291945,1.0,0.0,0.041666666666666664,0.0,0.96
20270007,n24_c65,low_energy,0.24,0.696,0.48,0.84,0.04,0.0064022069469291945,1.0,0.0,0.041666666666666664,0.0,0.96
20270007,n24_c65,low_energy,0.48,0.9616,0.0,0.84,0.04,0.0064022069469291945,1.0,0.0,0.041666666666666664,0.0,0.96
20270007,n24_c65,no_replay,0.12,0.6048,0.68,0.84,0.04,0.00694280775241708,1.0,0.0,0.041666666666666664,0.0,0.96
20270007,n24_c65,no_replay,0.24,0.8208000000000001,0.3,0.84,0.04,0.00694280775241708,1.0,0.0,0.041666666666666664,0.0,0.96
20270007,n24_c65,no_replay,0.48,0.9591999999999999,0.0,0.84,0.04,0.00694280775241708,1.0,0.0,0.041666666666666664,0.0,0.96
20270007,n24_c65,random_replay,0.12,0.5871999999999999,0.66,0.8,0.04,0.006463016046359735,1.0,0.0,0.041666666666666664,0.0,0.96
20270007,n24_c65,random_replay,0.24,0.7183999999999999,0.4,0.8,0.04,0.006463016046359735,1.0,0.0,0.041666666666666664,0.0,0.96
20270007,n24_c65,random_replay,0.48,0.9984,0.0,0.8,0.04,0.006463016046359735,1.0,0.0,0.041666666666666664,0.0,0.96
20270007,n40_c15,high_energy,0.12,0.682034503271862,0.5365853658536586,0.8536585365853658,0.04878048780487805,0.012834087996503358,1.0,0.75,0.03125,0.0,1.0
20270007,n40_c15,high_energy,0.24,0.8361094586555622,0.1951219512195122,0.8536585365853658,0.04878048780487805,0.012834087996503358,1.0,0.75,0.03125,0.0,1.0
20270007,n40_c15,high_energy,0.48,0.8429506246281976,0.1951219512195122,0.8536585365853658,0.04878048780487805,0.012834087996503358,1.0,0.75,0.03125,0.0,1.0
20270007,n40_c15,low_energy,0.12,0.6784651992861391,0.5121951219512195,0.8292682926829268,0.03048780487804878,0.013176049829778519,1.0,0.0,0.03125,0.0,1.0
20270007,n40_c15,low_energy,0.24,0.8343248066627007,0.1951219512195122,0.8292682926829268,0.03048780487804878,0.013176049829778519,1.0,0.0,0.03125,0.0,1.0
20270007,n40_c15,low_energy,0.48,0.8429506246281976,0.1951219512195122,0.8292682926829268,0.03048780487804878,0.013176049829778519,1.0,0.0,0.03125,0.0,1.0
20270007,n40_c15,no_replay,0.12,0.7552052349791791,0.43902439024390244,0.8292682926829268,0.024390243902439025,0.01333896626233657,1.0,0.0,0.025,0.0,1.0
20270007,n40_c15,no_replay,0.24,0.9907792980368828,0.0,0.8292682926829268,0.024390243902439025,0.01333896626233657,1.0,0.0,0.025,0.0,1.0
20270007,n40_c15,no_replay,0.48,1.0,0.0,0.8292682926829268,0.024390243902439025,0.01333896626233657,1.0,0.0,0.025,0.0,1.0
20270007,n40_c15,random_replay,0.12,0.6784651992861391,0.5121951219512195,0.8292682926829268,0.03048780487804878,0.013176049829778519,1.0,0.0,0.03125,0.0,1.0
20270007,n40_c15,random_replay,0.24,0.8343248066627007,0.1951219512195122,0.8292682926829268,0.03048780487804878,0.013176049829778519,1.0,0.0,0.03125,0.0,1.0
20270007,n40_c15,random_replay,0.48,0.8429506246281976,0.1951219512195122,0.8292682926829268,0.03048780487804878,0.013176049829778519,1.0,0.0,0.03125,0.0,1.0
20270007,n40_c35,high_energy,0.12,0.6674598453301606,0.7195121951219512,0.975609756097561,0.024390243902439025,0.010504481564779768,1.0,0.0,0.025,0.0,1.0
20270007,n40_c35,high_energy,0.24,0.8361094586555621,0.24390243902439024,0.975609756097561,0.024390243902439025,0.010504481564779768,1.0,0.0,0.025,0.0,1.0
20270007,n40_c35,high_energy,0.48,0.8438429506246282,0.1951219512195122,0.975609756097561,0.024390243902439025,0.010504481564779768,1.0,0.0,0.025,0.0,1.0
20270007,n40_c35,low_energy,0.12,0.6656751933372993,0.7195121951219512,0.9512195121951219,0.024390243902439025,0.010478781809635629,1.0,0.0,0.025,0.0,1.0
20270007,n40_c35,low_energy,0.24,0.8170731707317072,0.25609756097560976,0.9512195121951219,0.024390243902439025,0.010478781809635629,1.0,0.0,0.025,0.0,1.0
20270007,n40_c35,low_energy,0.48,0.842355740630577,0.1951219512195122,0.9512195121951219,0.024390243902439025,0.010478781809635629,1.0,0.0,0.025,0.0,1.0
20270007,n40_c35,no_replay,0.12,0.7323022010707911,0.7073170731707317,0.9512195121951219,0.024390243902439025,0.01061907485819852,1.0,0.0,0.025,0.0,1.0
20270007,n40_c35,no_replay,0.24,0.9699583581201665,0.10975609756097561,0.9512195121951219,0.024390243902439025,0.01061907485819852,1.0,0.0,0.025,0.0,1.0
20270007,n40_c35,no_replay,0.48,1.0,0.0,0.9512195121951219,0.024390243902439025,0.01061907485819852,1.0,0.0,0.025,0.0,1.0
20270007,n40_c35,random_replay,0.12,0.6656751933372993,0.7195121951219512,0.9512195121951219,0.024390243902439025,0.010478781809635629,1.0,0.0,0.025,0.0,1.0
20270007,n40_c35,random_replay,0.24,0.8170731707317072,0.25609756097560976,0.9512195121951219,0.024390243902439025,0.010478781809635629,1.0,0.0,0.025,0.0,1.0
20270007,n40_c35,random_replay,0.48,0.842355740630577,0.1951219512195122,0.9512195121951219,0.024390243902439025,0.010478781809635629,1.0,0.0,0.025,0.0,1.0
20270007,n40_c65,high_energy,0.12,0.5779298036882808,0.8048780487804879,0.926829268292683,0.024390243902439025,0.006279397484603659,1.0,0.0,0.025,0.0,0.975609756097561
20270007,n40_c65,high_energy,0.24,0.7201070791195716,0.5121951219512195,0.926829268292683,0.024390243902439025,0.006279397484603659,1.0,0.0,0.025,0.0,0.975609756097561
20270007,n40_c65,high_energy,0.48,0.9907792980368828,0.036585365853658534,0.926829268292683,0.024390243902439025,0.006279397484603659,1.0,0.0,0.025,0.0,0.975609756097561
20270007,n40_c65,low_energy,0.12,0.5737656157049376,0.8048780487804879,0.926829268292683,0.024390243902439025,0.006240035348032094,1.0,0.0,0.025,0.0,0.975609756097561
20270007,n40_c65,low_energy,0.24,0.7076145151695419,0.5365853658536586,0.926829268292683,0.024390243902439025,0.006240035348032094,1.0,0.0,0.025,0.0,0.975609756097561
20270007,n40_c65,low_energy,0.48,0.9711481261154075,0.036585365853658534,0.926829268292683,0.024390243902439025,0.006240035348032094,1.0,0.0,0.025,0.0,0.975609756097561
20270007,n40_c65,no_replay,0.12,0.5978584176085664,0.8780487804878049,0.9512195121951219,0.024390243902439025,0.006567859511674038,1.0,0.0,0.025,0.0,0.975609756097561
20270007,n40_c65,no_replay,0.24,0.7944675788221298,0.5121951219512195,0.9512195121951219,0.024390243902439025,0.006567859511674038,1.0,0.0,0.025,0.0,0.975609756097561
20270007,n40_c65,no_replay,0.48,0.970553242117787,0.024390243902439025,0.9512195121951219,0.024390243902439025,0.006567859511674038,1.0,0.0,0.025,0.0,0.975609756097561
20270007,n40_c65,random_replay,0.12,0.5779298036882808,0.7682926829268293,0.926829268292683,0.024390243902439025,0.006279397484603659,1.0,0.0,0.025,0.0,0.975609756097561
20270007,n40_c65,random_replay,0.24,0.7201070791195716,0.47560975609756095,0.926829268292683,0.024390243902439025,0.006279397484603659,1.0,0.0,0.025,0.0,0.975609756097561
20270007,n40_c65,random_replay,0.48,0.9907792980368828,0.036585365853658534,0.926829268292683,0.024390243902439025,0.006279397484603659,1.0,0.0,0.025,0.0,0.975609756097561
20270008,n12_c15,high_energy,0.12,0.7218934911242604,0.8461538461538461,1.0,0.5961538461538461,0.008004177981514546,1.0,1.0,0.5625,0.0,1.0
20270008,n12_c15,high_energy,0.24,0.7633136094674556,0.6153846153846154,1.0,0.5961538461538461,0.008004177981514546,1.0,1.0,0.5625,0.0,1.0
20270008,n12_c15,high_energy,0.48,0.7633136094674556,0.6153846153846154,1.0,0.5961538461538461,0.008004177981514546,1.0,1.0,0.5625,0.0,1.0
20270008,n12_c15,low_energy,0.12,0.7307692307692308,0.7692307692307693,1.0,0.5961538461538461,0.007208729003402376,1.0,0.0,0.6458333333333334,0.0,1.0
20270008,n12_c15,low_energy,0.24,0.7633136094674556,0.6153846153846154,1.0,0.5961538461538461,0.007208729003402376,1.0,0.0,0.6458333333333334,0.0,1.0
20270008,n12_c15,low_energy,0.48,0.7633136094674556,0.6153846153846154,1.0,0.5961538461538461,0.007208729003402376,1.0,0.0,0.6458333333333334,0.0,1.0
20270008,n12_c15,no_replay,0.12,0.7455621301775148,0.6153846153846154,0.9230769230769231,0.4807692307692308,0.007700194488121746,1.0,0.75,0.4583333333333333,0.0,1.0
20270008,n12_c15,no_replay,0.24,1.0,0.0,0.9230769230769231,0.4807692307692308,0.007700194488121746,1.0,0.75,0.4583333333333333,0.0,1.0
20270008,n12_c15,no_replay,0.48,1.0,0.0,0.9230769230769231,0.4807692307692308,0.007700194488121746,1.0,0.75,0.4583333333333333,0.0,1.0
20270008,n12_c15,random_replay,0.12,0.7218934911242604,0.8461538461538461,1.0,0.5961538461538461,0.008004177981514546,1.0,1.0,0.5625,0.0,1.0
20270008,n12_c15,random_replay,0.24,0.7633136094674556,0.6153846153846154,1.0,0.5961538461538461,0.008004177981514546,1.0,1.0,0.5625,0.0,1.0
20270008,n12_c15,random_replay,0.48,0.7633136094674556,0.6153846153846154,1.0,0.5961538461538461,0.008004177981514546,1.0,1.0,0.5625,0.0,1.0
20270008,n12_c35,high_energy,0.12,0.7218934911242604,0.8461538461538461,0.8461538461538461,0.28846153846153844,0.008205813357910248,1.0,0.25,0.2916666666666667,0.0,1.0
20270008,n12_c35,high_energy,0.24,0.7573964497041421,0.6153846153846154,0.8461538461538461,0.28846153846153844,0.008205813357910248,1.0,0.25,0.2916666666666667,0.0,1.0
20270008,n12_c35,high_energy,0.48,0.7633136094674556,0.6153846153846154,0.8461538461538461,0.28846153846153844,0.008205813357910248,1.0,0.25,0.2916666666666667,0.0,1.0
20270008,n12_c35,low_energy,0.12,0.7130177514792899,0.7692307692307693,0.9230769230769231,0.23076923076923078,0.009065585096279272,1.0,0.0,0.25,0.0,1.0
20270008,n12_c35,low_energy,0.24,0.7514792899408285,0.6923076923076923,0.9230769230769231,0.23076923076923078,0.009065585096279272,1.0,0.0,0.25,0.0,1.0
20270008,n12_c35,low_energy,0.48,0.7633136094674556,0.6153846153846154,0.9230769230769231,0.23076923076923078,0.009065585096279272,1.0,0.0,0.25,0.0,1.0
20270008,n12_c35,no_replay,0.12,0.7455621301775148,0.7307692307692307,0.9230769230769231,0.09615384615384616,0.010328516028947079,1.0,0.25,0.08333333333333333,0.0,1.0
20270008,n12_c35,no_replay,0.24,1.0,0.0,0.9230769230769231,0.09615384615384616,0.010328516028947079,1.0,0.25,0.08333333333333333,0.0,1.0
20270008,n12_c35,no_replay,0.48,1.0,0.0,0.9230769230769231,0.09615384615384616,0.010328516028947079,1.0,0.25,0.08333333333333333,0.0,1.0
20270008,n12_c35,random_replay,0.12,0.7218934911242604,0.8461538461538461,0.9230769230769231,0.28846153846153844,0.008205813357910248,1.0,0.25,0.2916666666666667,0.0,1.0
20270008,n12_c35,random_replay,0.24,0.7573964497041421,0.6153846153846154,0.9230769230769231,0.28846153846153844,0.008205813357910248,1.0,0.25,0.2916666666666667,0.0,1.0
20270008,n12_c35,random_replay,0.48,0.7633136094674556,0.6153846153846154,0.9230769230769231,0.28846153846153844,0.008205813357910248,1.0,0.25,0.2916666666666667,0.0,1.0
20270008,n12_c65,high_energy,0.12,0.6775147928994083,0.7692307692307693,0.9230769230769231,0.11538461538461539,0.005874772676544386,1.0,0.5,0.08333333333333333,0.0,1.0
20270008,n12_c65,high_energy,0.24,0.7218934911242603,0.6538461538461539,0.9230769230769231,0.11538461538461539,0.005874772676544386,1.0,0.5,0.08333333333333333,0.0,1.0
20270008,n12_c65,high_energy,0.48,1.0,0.0,0.9230769230769231,0.11538461538461539,0.005874772676544386,1.0,0.5,0.08333333333333333,0.0,1.0
20270008,n12_c65,low_energy,0.12,0.7100591715976332,0.7692307692307693,0.9230769230769231,0.07692307692307693,0.006804235914326404,1.0,0.0,0.08333333333333333,0.0,0.9230769230769231
20270008,n12_c65,low_energy,0.24,0.7396449704142012,0.6538461538461539,0.9230769230769231,0.07692307692307693,0.006804235914326404,1.0,0.0,0.08333333333333333,0.0,0.9230769230769231
20270008,n12_c65,low_energy,0.48,0.9260355029585798,0.038461538461538464,0.9230769230769231,0.07692307692307693,0.006804235914326404,1.0,0.0,0.08333333333333333,0.0,0.9230769230769231
20270008,n12_c65,no_replay,0.12,0.7603550295857988,0.8846153846153846,0.9230769230769231,0.07692307692307693,0.007390982977376599,1.0,0.0,0.08333333333333333,0.0,0.9230769230769231
20270008,n12_c65,no_replay,0.24,0.9289940828402368,0.23076923076923078,0.9230769230769231,0.07692307692307693,0.007390982977376599,1.0,0.0,0.08333333333333333,0.0,0.9230769230769231
20270008,n12_c65,no_replay,0.48,0.9792899408284024,0.0,0.9230769230769231,0.07692307692307693,0.007390982977376599,1.0,0.0,0.08333333333333333,0.0,0.9230769230769231
20270008,n12_c65,random_replay,0.12,0.6775147928994083,0.7692307692307693,0.9230769230769231,0.11538461538461539,0.005874772676544386,1.0,0.5,0.08333333333333333,0.0,1.0
20270008,n12_c65,random_replay,0.24,0.7218934911242603,0.6538461538461539,0.9230769230769231,0.11538461538461539,0.005874772676544386,1.0,0.5,0.08333333333333333,0.0,1.0
20270008,n12_c65,random_replay,0.48,1.0,0.0,0.9230769230769231,0.11538461538461539,0.005874772676544386,1.0,0.5,0.08333333333333333,0.0,1.0
20270008,n24_c15,high_energy,0.12,0.6576,0.6,0.88,0.21,0.010727358851951016,1.0,1.0,0.17708333333333334,0.0,1.0
20270008,n24_c15,high_energy,0.24,0.776,0.32,0.88,0.21,0.010727358851951016,1.0,1.0,0.17708333333333334,0.0,1.0
20270008,n24_c15,high_energy,0.48,0.7824,0.32,0.88,0.21,0.010727358851951016,1.0,1.0,0.17708333333333334,0.0,1.0
20270008,n24_c15,low_energy,0.12,0.668,0.7,0.92,0.15,0.011636623342565194,1.0,0.0,0.15625,0.0,1.0
20270008,n24_c15,low_energy,0.24,0.776,0.32,0.92,0.15,0.011636623342565194,1.0,0.0,0.15625,0.0,1.0
20270008,n24_c15,low_energy,0.48,0.7824,0.32,0.92,0.15,0.011636623342565194,1.0,0.0,0.15625,0.0,1.0
20270008,n24_c15,no_replay,0.12,0.7104,0.52,0.8,0.04,0.013194185381396746,1.0,0.0,0.041666666666666664,0.0,1.0
20270008,n24_c15,no_replay,0.24,0.9767999999999999,0.04,0.8,0.04,0.013194185381396746,1.0,0.0,0.041666666666666664,0.0,1.0
20270008,n24_c15,no_replay,0.48,1.0,0.0,0.8,0.04,0.013194185381396746,1.0,0.0,0.041666666666666664,0.0,1.0
20270008,n24_c15,random_replay,0.12,0.668,0.7,0.92,0.15,0.011636623342565194,1.0,0.0,0.15625,0.0,1.0
20270008,n24_c15,random_replay,0.24,0.776,0.32,0.92,0.15,0.011636623342565194,1.0,0.0,0.15625,0.0,1.0
20270008,n24_c15,random_replay,0.48,0.7824,0.32,0.92,0.15,0.011636623342565194,1.0,0.0,0.15625,0.0,1.0
20270008,n24_c35,high_energy,0.12,0.6512,0.64,0.84,0.04,0.010565501918814056,1.0,0.0,0.041666666666666664,0.0,1.0
20270008,n24_c35,high_energy,0.24,0.7736000000000001,0.34,0.84,0.04,0.010565501918814056,1.0,0.0,0.041666666666666664,0.0,1.0
20270008,n24_c35,high_energy,0.48,0.7824,0.32,0.84,0.04,0.010565501918814056,1.0,0.0,0.041666666666666664,0.0,1.0
20270008,n24_c35,low_energy,0.12,0.6504,0.66,0.88,0.04,0.010570166975656586,1.0,0.0,0.041666666666666664,0.0,1.0
20270008,n24_c35,low_energy,0.24,0.772,0.34,0.88,0.04,0.010570166975656586,1.0,0.0,0.041666666666666664,0.0,1.0
20270008,n24_c35,low_energy,0.48,0.7824,0.32,0.88,0.04,0.010570166975656586,1.0,0.0,0.041666666666666664,0.0,1.0
20270008,n24_c35,no_replay,0.12,0.72,0.66,0.92,0.04,0.010649943643882396,1.0,0.0,0.041666666666666664,0.0,1.0
20270008,n24_c35,no_replay,0.24,0.9728,0.14,0.92,0.04,0.010649943643882396,1.0,0.0,0.041666666666666664,0.0,1.0
20270008,n24_c35,no_replay,0.48,1.0,0.0,0.92,0.04,0.010649943643882396,1.0,0.0,0.041666666666666664,0.0,1.0
20270008,n24_c35,random_replay,0.12,0.6512,0.66,0.84,0.04,0.010565501918814056,1.0,0.0,0.041666666666666664,0.0,1.0
20270008,n24_c35,random_replay,0.24,0.7736000000000001,0.34,0.84,0.04,0.010565501918814056,1.0,0.0,0.041666666666666664,0.0,1.0
20270008,n24_c35,random_replay,0.48,0.7824,0.32,0.84,0.04,0.010565501918814056,1.0,0.0,0.041666666666666664,0.0,1.0
20270008,n24_c65,high_energy,0.12,0.5768,0.74,0.88,0.04,0.006466345497154908,1.0,0.0,0.041666666666666664,0.0,0.96
20270008,n24_c65,high_energy,0.24,0.7215999999999999,0.5,0.88,0.04,0.006466345497154908,1.0,0.0,0.041666666666666664,0.0,0.96
20270008,n24_c65,high_energy,0.48,0.9752000000000001,0.06,0.88,0.04,0.006466345497154908,1.0,0.0,0.041666666666666664,0.0,0.96
20270008,n24_c65,low_energy,0.12,0.568,0.82,0.88,0.04,0.006410839104554649,1.0,0.0,0.041666666666666664,0.0,0.96
20270008,n24_c65,low_energy,0.24,0.6912,0.56,0.88,0.04,0.006410839104554649,1.0,0.0,0.041666666666666664,0.0,0.96
20270008,n24_c65,low_energy,0.48,0.9440000000000001,0.06,0.88,0.04,0.006410839104554649,1.0,0.0,0.041666666666666664,0.0,0.96
20270008,n24_c65,no_replay,0.12,0.604,0.88,0.92,0.04,0.006757433353096981,1.0,0.0,0.041666666666666664,0.0,0.96
20270008,n24_c65,no_replay,0.24,0.8064,0.54,0.92,0.04,0.006757433353096981,1.0,0.0,0.041666666666666664,0.0,0.96
20270008,n24_c65,no_replay,0.48,0.9455999999999999,0.02,0.92,0.04,0.006757433353096981,1.0,0.0,0.041666666666666664,0.0,0.96
20270008,n24_c65,random_replay,0.12,0.5768,0.7,0.84,0.04,0.006466345497154906,1.0,0.0,0.041666666666666664,0.0,0.96
20270008,n24_c65,random_replay,0.24,0.7215999999999999,0.46,0.84,0.04,0.006466345497154906,1.0,0.0,0.041666666666666664,0.0,0.96
20270008,n24_c65,random_replay,0.48,0.9752000000000001,0.06,0.84,0.04,0.006466345497154906,1.0,0.0,0.041666666666666664,0.0,0.96
20270008,n40_c15,high_energy,0.12,0.6769779892920881,0.573170731707317,0.8536585365853658,0.036585365853658534,0.013208310514848717,1.0,0.0,0.0375,0.0,1.0
20270008,n40_c15,high_energy,0.24,0.8310529446757882,0.1951219512195122,0.8536585365853658,0.036585365853658534,0.013208310514848717,1.0,0.0,0.0375,0.0,1.0
20270008,n40_c15,high_energy,0.48,0.8429506246281976,0.1951219512195122,0.8536585365853658,0.036585365853658534,0.013208310514848717,1.0,0.0,0.0375,0.0,1.0
20270008,n40_c15,low_energy,0.12,0.6734086853063653,0.573170731707317,0.8536585365853658,0.03048780487804878,0.013273755700628323,1.0,0.0,0.03125,0.0,1.0
20270008,n40_c15,low_energy,0.24,0.8304580606781677,0.1951219512195122,0.8536585365853658,0.03048780487804878,0.013273755700628323,1.0,0.0,0.03125,0.0,1.0
20270008,n40_c15,low_energy,0.48,0.8429506246281976,0.1951219512195122,0.8536585365853658,0.03048780487804878,0.013273755700628323,1.0,0.0,0.03125,0.0,1.0
20270008,n40_c15,no_replay,0.12,0.7489589530041642,0.524390243902439,0.8780487804878049,0.024390243902439025,0.013338800236753899,1.0,0.0,0.025,0.0,1.0
20270008,n40_c15,no_replay,0.24,0.9839381320642474,0.012195121951219513,0.8780487804878049,0.024390243902439025,0.013338800236753899,1.0,0.0,0.025,0.0,1.0
20270008,n40_c15,no_replay,0.48,1.0,0.0,0.8780487804878049,0.024390243902439025,0.013338800236753899,1.0,0.0,0.025,0.0,1.0
20270008,n40_c15,random_replay,0.12,0.6734086853063653,0.573170731707317,0.8536585365853658,0.03048780487804878,0.013273755700628323,1.0,0.0,0.03125,0.0,1.0
20270008,n40_c15,random_replay,0.24,0.8304580606781677,0.1951219512195122,0.8536585365853658,0.03048780487804878,0.013273755700628323,1.0,0.0,0.03125,0.0,1.0
20270008,n40_c15,random_replay,0.48,0.8429506246281976,0.1951219512195122,0.8536585365853658,0.03048780487804878,0.013273755700628323,1.0,0.0,0.03125,0.0,1.0
20270008,n40_c35,high_energy,0.12,0.6650803093396788,0.926829268292683,1.0,0.024390243902439025,0.01049996751518477,1.0,0.0,0.025,0.0,1.0
20270008,n40_c35,high_energy,0.24,0.8337299226650803,0.4268292682926829,1.0,0.024390243902439025,0.01049996751518477,1.0,0.0,0.025,0.0,1.0
20270008,n40_c35,high_energy,0.48,0.8429506246281976,0.1951219512195122,1.0,0.024390243902439025,0.01049996751518477,1.0,0.0,0.025,0.0,1.0
20270008,n40_c35,low_energy,0.12,0.6627007733491969,0.9146341463414634,0.975609756097561,0.024390243902439025,0.010493814029679159,1.0,0.0,0.025,0.0,1.0
20270008,n40_c35,low_energy,0.24,0.8158834027364663,0.4268292682926829,0.975609756097561,0.024390243902439025,0.010493814029679159,1.0,0.0,0.025,0.0,1.0
20270008,n40_c35,low_energy,0.48,0.8429506246281976,0.1951219512195122,0.975609756097561,0.024390243902439025,0.010493814029679159,1.0,0.0,0.025,0.0,1.0
20270008,n40_c35,no_replay,0.12,0.7254610350981558,0.9512195121951219,0.975609756097561,0.024390243902439025,0.010457546727183846,1.0,0.0,0.025,0.0,1.0
20270008,n40_c35,no_replay,0.24,0.9726353361094586,0.36585365853658536,0.975609756097561,0.024390243902439025,0.010457546727183846,1.0,0.0,0.025,0.0,1.0
20270008,n40_c35,no_replay,0.48,1.0,0.0,0.975609756097561,0.024390243902439025,0.010457546727183846,1.0,0.0,0.025,0.0,1.0
20270008,n40_c35,random_replay,0.12,0.6627007733491969,0.9146341463414634,0.975609756097561,0.024390243902439025,0.010493814029679159,1.0,0.0,0.025,0.0,1.0
20270008,n40_c35,random_replay,0.24,0.8158834027364663,0.43902439024390244,0.975609756097561,0.024390243902439025,0.010493814029679159,1.0,0.0,0.025,0.0,1.0
20270008,n40_c35,random_replay,0.48,0.8429506246281976,0.1951219512195122,0.975609756097561,0.024390243902439025,0.010493814029679159,1.0,0.0,0.025,0.0,1.0
20270008,n40_c65,high_energy,0.12,0.5803093396787626,0.6585365853658537,0.8536585365853658,0.024390243902439025,0.0063718835393679115,1.0,0.0,0.025,0.0,0.975609756097561
20270008,n40_c65,high_energy,0.24,0.7311124330755503,0.3780487804878049,0.8536585365853658,0.024390243902439025,0.0063718835393679115,1.0,0.0,0.025,0.0,0.975609756097561
20270008,n40_c65,high_energy,0.48,0.9836406900654372,0.036585365853658534,0.8536585365853658,0.024390243902439025,0.0063718835393679115,1.0,0.0,0.025,0.0,0.975609756097561
20270008,n40_c65,low_energy,0.12,0.5767400356930399,0.6707317073170732,0.8536585365853658,0.024390243902439025,0.006325633146772647,1.0,0.0,0.025,0.0,0.975609756097561
20270008,n40_c65,low_energy,0.24,0.7138607971445567,0.4024390243902439,0.8536585365853658,0.024390243902439025,0.006325633146772647,1.0,0.0,0.025,0.0,0.975609756097561
20270008,n40_c65,low_energy,0.48,0.9651992861392029,0.036585365853658534,0.8536585365853658,0.024390243902439025,0.006325633146772647,1.0,0.0,0.025,0.0,0.975609756097561
20270008,n40_c65,no_replay,0.12,0.58982748364069,0.7195121951219512,0.8536585365853658,0.024390243902439025,0.0067163705381846186,1.0,0.0,0.025,0.0,0.975609756097561
20270008,n40_c65,no_replay,0.24,0.7822724568709103,0.4146341463414634,0.8536585365853658,0.024390243902439025,0.0067163705381846186,1.0,0.0,0.025,0.0,0.975609756097561
20270008,n40_c65,no_replay,0.48,0.9723378941106483,0.012195121951219513,0.8536585365853658,0.024390243902439025,0.0067163705381846186,1.0,0.0,0.025,0.0,0.975609756097561
20270008,n40_c65,random_replay,0.12,0.5767400356930399,0.7195121951219512,0.8780487804878049,0.024390243902439025,0.006325633146772647,1.0,0.0,0.025,0.0,0.975609756097561
20270008,n40_c65,random_replay,0.24,0.7138607971445567,0.4146341463414634,0.8780487804878049,0.024390243902439025,0.006325633146772647,1.0,0.0,0.025,0.0,0.975609756097561
20270008,n40_c65,random_replay,0.48,0.9651992861392029,0.036585365853658534,0.8780487804878049,0.024390243902439025,0.006325633146772647,1.0,0.0,0.025,0.0,0.975609756097561
20270009,n12_c15,high_energy,0.12,0.742603550295858,0.7692307692307693,0.9230769230769231,0.5769230769230769,0.006959012945646678,1.0,0.5,0.5833333333333334,0.0,1.0
20270009,n12_c15,high_energy,0.24,0.7633136094674556,0.6153846153846154,0.9230769230769231,0.5769230769230769,0.006959012945646678,1.0,0.5,0.5833333333333334,0.0,1.0
20270009,n12_c15,high_energy,0.48,0.7633136094674556,0.6153846153846154,0.9230769230769231,0.5769230769230769,0.006959012945646678,1.0,0.5,0.5833333333333334,0.0,1.0
20270009,n12_c15,low_energy,0.12,0.7544378698224852,0.8461538461538461,1.0,0.5961538461538461,0.0065794642852114536,1.0,0.0,0.6458333333333334,0.0,1.0
20270009,n12_c15,low_energy,0.24,0.7633136094674556,0.6153846153846154,1.0,0.5961538461538461,0.0065794642852114536,1.0,0.0,0.6458333333333334,0.0,1.0
20270009,n12_c15,low_energy,0.48,0.7633136094674556,0.6153846153846154,1.0,0.5961538461538461,0.0065794642852114536,1.0,0.0,0.6458333333333334,0.0,1.0
20270009,n12_c15,no_replay,0.12,0.8076923076923077,0.7307692307692307,1.0,0.5961538461538461,0.006555505969098911,1.0,0.0,0.6458333333333334,0.0,1.0
20270009,n12_c15,no_replay,0.24,1.0,0.038461538461538464,1.0,0.5961538461538461,0.006555505969098911,1.0,0.0,0.6458333333333334,0.0,1.0
20270009,n12_c15,no_replay,0.48,1.0,0.0,1.0,0.5961538461538461,0.006555505969098911,1.0,0.0,0.6458333333333334,0.0,1.0
20270009,n12_c15,random_replay,0.12,0.742603550295858,0.7692307692307693,0.9230769230769231,0.5769230769230769,0.006959012945646679,1.0,0.5,0.5833333333333334,0.0,1.0
20270009,n12_c15,random_replay,0.24,0.7633136094674556,0.6153846153846154,0.9230769230769231,0.5769230769230769,0.006959012945646679,1.0,0.5,0.5833333333333334,0.0,1.0
20270009,n12_c15,random_replay,0.48,0.7633136094674556,0.6153846153846154,0.9230769230769231,0.5769230769230769,0.006959012945646679,1.0,0.5,0.5833333333333334,0.0,1.0
20270009,n12_c35,high_energy,0.12,0.7011834319526628,0.7307692307692307,0.7692307692307693,0.23076923076923078,0.008891462189955917,1.0,0.25,0.22916666666666666,0.0,1.0
20270009,n12_c35,high_energy,0.24,0.7633136094674556,0.6153846153846154,0.7692307692307693,0.23076923076923078,0.008891462189955917,1.0,0.25,0.22916666666666666,0.0,1.0
20270009,n12_c35,high_energy,0.48,0.7633136094674556,0.6153846153846154,0.7692307692307693,0.23076923076923078,0.008891462189955917,1.0,0.25,0.22916666666666666,0.0,1.0
20270009,n12_c35,low_energy,0.12,0.7071005917159764,0.7692307692307693,0.9230769230769231,0.15384615384615385,0.009881476675754954,1.0,0.0,0.16666666666666666,0.0,1.0
20270009,n12_c35,low_energy,0.24,0.7544378698224852,0.6153846153846154,0.9230769230769231,0.15384615384615385,0.009881476675754954,1.0,0.0,0.16666666666666666,0.0,1.0
20270009,n12_c35,low_energy,0.48,0.7633136094674556,0.6153846153846154,0.9230769230769231,0.15384615384615385,0.009881476675754954,1.0,0.0,0.16666666666666666,0.0,1.0
20270009,n12_c35,no_replay,0.12,0.7100591715976332,0.6153846153846154,0.9230769230769231,0.09615384615384616,0.010364559931688899,1.0,0.25,0.08333333333333333,0.0,1.0
20270009,n12_c35,no_replay,0.24,0.9881656804733727,0.038461538461538464,0.9230769230769231,0.09615384615384616,0.010364559931688899,1.0,0.25,0.08333333333333333,0.0,1.0
20270009,n12_c35,no_replay,0.48,1.0,0.0,0.9230769230769231,0.09615384615384616,0.010364559931688899,1.0,0.25,0.08333333333333333,0.0,1.0
20270009,n12_c35,random_replay,0.12,0.7011834319526628,0.7692307692307693,0.7692307692307693,0.23076923076923078,0.008891462189955917,1.0,0.25,0.22916666666666666,0.0,1.0
20270009,n12_c35,random_replay,0.24,0.7633136094674556,0.6153846153846154,0.7692307692307693,0.23076923076923078,0.008891462189955917,1.0,0.25,0.22916666666666666,0.0,1.0
20270009,n12_c35,random_replay,0.48,0.7633136094674556,0.6153846153846154,0.7692307692307693,0.23076923076923078,0.008891462189955917,1.0,0.25,0.22916666666666666,0.0,1.0
20270009,n12_c65,high_energy,0.12,0.6775147928994083,0.7307692307692307,0.8461538461538461,0.09615384615384616,0.006449287395553791,1.0,0.25,0.08333333333333333,0.0,1.0
20270009,n12_c65,high_energy,0.24,0.7218934911242603,0.6153846153846154,0.8461538461538461,0.09615384615384616,0.006449287395553791,1.0,0.25,0.08333333333333333,0.0,1.0
20270009,n12_c65,high_energy,0.48,0.9763313609467456,0.07692307692307693,0.8461538461538461,0.09615384615384616,0.006449287395553791,1.0,0.25,0.08333333333333333,0.0,1.0
20270009,n12_c65,low_energy,0.12,0.6952662721893491,0.7692307692307693,0.9230769230769231,0.07692307692307693,0.006877068150668043,1.0,0.0,0.08333333333333333,0.0,0.9230769230769231
20270009,n12_c65,low_energy,0.24,0.7396449704142012,0.6153846153846154,0.9230769230769231,0.07692307692307693,0.006877068150668043,1.0,0.0,0.08333333333333333,0.0,0.9230769230769231
20270009,n12_c65,low_energy,0.48,0.9230769230769231,0.11538461538461539,0.9230769230769231,0.07692307692307693,0.006877068150668043,1.0,0.0,0.08333333333333333,0.0,0.9230769230769231
20270009,n12_c65,no_replay,0.12,0.6775147928994083,0.6538461538461539,0.9230769230769231,0.07692307692307693,0.0074676666958092405,1.0,0.0,0.08333333333333333,0.0,0.9230769230769231
20270009,n12_c65,no_replay,0.24,0.8964497041420119,0.23076923076923078,0.9230769230769231,0.07692307692307693,0.0074676666958092405,1.0,0.0,0.08333333333333333,0.0,0.9230769230769231
20270009,n12_c65,no_replay,0.48,0.9881656804733727,0.0,0.9230769230769231,0.07692307692307693,0.0074676666958092405,1.0,0.0,0.08333333333333333,0.0,0.9230769230769231
20270009,n12_c65,random_replay,0.12,0.6952662721893491,0.7692307692307693,0.9230769230769231,0.07692307692307693,0.006877068150668043,1.0,0.0,0.08333333333333333,0.0,0.9230769230769231
20270009,n12_c65,random_replay,0.24,0.7396449704142012,0.6153846153846154,0.9230769230769231,0.07692307692307693,0.006877068150668043,1.0,0.0,0.08333333333333333,0.0,0.9230769230769231
20270009,n12_c65,random_replay,0.48,0.9230769230769231,0.11538461538461539,0.9230769230769231,0.07692307692307693,0.006877068150668043,1.0,0.0,0.08333333333333333,0.0,0.9230769230769231
20270009,n24_c15,high_energy,0.12,0.6864,0.66,0.92,0.21,0.011029855323586149,1.0,0.75,0.1875,0.0,1.0
20270009,n24_c15,high_energy,0.24,0.7792,0.32,0.92,0.21,0.011029855323586149,1.0,0.75,0.1875,0.0,1.0
20270009,n24_c15,high_energy,0.48,0.7824,0.32,0.92,0.21,0.011029855323586149,1.0,0.75,0.1875,0.0,1.0
20270009,n24_c15,low_energy,0.12,0.6848,0.7,0.96,0.17,0.01177453741898361,1.0,0.0,0.17708333333333334,0.0,1.0
20270009,n24_c15,low_energy,0.24,0.7792,0.34,0.96,0.17,0.01177453741898361,1.0,0.0,0.17708333333333334,0.0,1.0
20270009,n24_c15,low_energy,0.48,0.7824,0.32,0.96,0.17,0.01177453741898361,1.0,0.0,0.17708333333333334,0.0,1.0
20270009,n24_c15,no_replay,0.12,0.7648,0.66,0.92,0.04,0.013166944683366788,1.0,0.0,0.041666666666666664,0.0,1.0
20270009,n24_c15,no_replay,0.24,0.9872,0.1,0.92,0.04,0.013166944683366788,1.0,0.0,0.041666666666666664,0.0,1.0
20270009,n24_c15,no_replay,0.48,1.0,0.0,0.92,0.04,0.013166944683366788,1.0,0.0,0.041666666666666664,0.0,1.0
20270009,n24_c15,random_replay,0.12,0.6848,0.7,0.96,0.17,0.01177453741898361,1.0,0.0,0.17708333333333334,0.0,1.0
20270009,n24_c15,random_replay,0.24,0.7792,0.34,0.96,0.17,0.01177453741898361,1.0,0.0,0.17708333333333334,0.0,1.0
20270009,n24_c15,random_replay,0.48,0.7824,0.32,0.96,0.17,0.01177453741898361,1.0,0.0,0.17708333333333334,0.0,1.0
20270009,n24_c35,high_energy,0.12,0.6584,0.8,0.96,0.04,0.010461464420465161,1.0,0.0,0.041666666666666664,0.0,1.0
20270009,n24_c35,high_energy,0.24,0.7776000000000001,0.36,0.96,0.04,0.010461464420465161,1.0,0.0,0.041666666666666664,0.0,1.0
20270009,n24_c35,high_energy,0.48,0.7824,0.32,0.96,0.04,0.010461464420465161,1.0,0.0,0.041666666666666664,0.0,1.0
20270009,n24_c35,low_energy,0.12,0.6536000000000001,0.86,0.92,0.04,0.010462022172274215,1.0,0.0,0.041666666666666664,0.0,1.0
20270009,n24_c35,low_energy,0.24,0.7535999999999999,0.38,0.92,0.04,0.010462022172274215,1.0,0.0,0.041666666666666664,0.0,1.0
20270009,n24_c35,low_energy,0.48,0.7824,0.32,0.92,0.04,0.010462022172274215,1.0,0.0,0.041666666666666664,0.0,1.0
20270009,n24_c35,no_replay,0.12,0.7384,0.82,0.96,0.04,0.01047446787155073,1.0,0.0,0.041666666666666664,0.0,1.0
20270009,n24_c35,no_replay,0.24,0.968,0.16,0.96,0.04,0.01047446787155073,1.0,0.0,0.041666666666666664,0.0,1.0
20270009,n24_c35,no_replay,0.48,1.0,0.0,0.96,0.04,0.01047446787155073,1.0,0.0,0.041666666666666664,0.0,1.0
20270009,n24_c35,random_replay,0.12,0.6536000000000001,0.86,0.92,0.04,0.010462022172274215,1.0,0.0,0.041666666666666664,0.0,1.0
20270009,n24_c35,random_replay,0.24,0.7535999999999999,0.38,0.92,0.04,0.010462022172274215,1.0,0.0,0.041666666666666664,0.0,1.0
20270009,n24_c35,random_replay,0.48,0.7824,0.32,0.92,0.04,0.010462022172274215,1.0,0.0,0.041666666666666664,0.0,1.0
20270009,n24_c65,high_energy,0.12,0.6040000000000001,0.74,1.0,0.06,0.005851128116509746,1.0,0.5,0.041666666666666664,0.0,0.96
20270009,n24_c65,high_energy,0.24,0.7567999999999999,0.44,1.0,0.06,0.005851128116509746,1.0,0.5,0.041666666666666664,0.0,0.96
20270009,n24_c65,high_energy,0.48,1.0,0.0,1.0,0.06,0.005851128116509746,1.0,0.5,0.041666666666666664,0.0,0.96
20270009,n24_c65,low_energy,0.12,0.592,0.78,0.96,0.04,0.006332605815990403,1.0,0.0,0.041666666666666664,0.0,0.96
20270009,n24_c65,low_energy,0.24,0.7256,0.5,0.96,0.04,0.006332605815990403,1.0,0.0,0.041666666666666664,0.0,0.96
20270009,n24_c65,low_energy,0.48,0.9535999999999999,0.02,0.96,0.04,0.006332605815990403,1.0,0.0,0.041666666666666664,0.0,0.96
20270009,n24_c65,no_replay,0.12,0.6064,0.76,0.96,0.05,0.006549776077402133,1.0,0.25,0.041666666666666664,0.0,0.96
20270009,n24_c65,no_replay,0.24,0.8375999999999999,0.42,0.96,0.05,0.006549776077402133,1.0,0.25,0.041666666666666664,0.0,0.96
20270009,n24_c65,no_replay,0.48,0.964,0.0,0.96,0.05,0.006549776077402133,1.0,0.25,0.041666666666666664,0.0,0.96
20270009,n24_c65,random_replay,0.12,0.592,0.8,0.96,0.04,0.006332605815990403,1.0,0.0,0.041666666666666664,0.0,0.96
20270009,n24_c65,random_replay,0.24,0.7256,0.52,0.96,0.04,0.006332605815990403,1.0,0.0,0.041666666666666664,0.0,0.96
20270009,n24_c65,random_replay,0.48,0.9535999999999999,0.02,0.96,0.04,0.006332605815990403,1.0,0.0,0.041666666666666664,0.0,0.96
20270009,n40_c15,high_energy,0.12,0.6832242712671031,0.7195121951219512,0.8536585365853658,0.03048780487804878,0.013281892776975763,1.0,0.0,0.03125,0.0,1.0
20270009,n40_c15,high_energy,0.24,0.8387864366448543,0.2073170731707317,0.8536585365853658,0.03048780487804878,0.013281892776975763,1.0,0.0,0.03125,0.0,1.0
20270009,n40_c15,high_energy,0.48,0.8429506246281976,0.1951219512195122,0.8536585365853658,0.03048780487804878,0.013281892776975763,1.0,0.0,0.03125,0.0,1.0
20270009,n40_c15,low_energy,0.12,0.6796549672813801,0.6951219512195121,0.8536585365853658,0.03048780487804878,0.013291523364396493,1.0,0.0,0.03125,0.0,1.0
20270009,n40_c15,low_energy,0.24,0.8381915526472338,0.21951219512195122,0.8536585365853658,0.03048780487804878,0.013291523364396493,1.0,0.0,0.03125,0.0,1.0
20270009,n40_c15,low_energy,0.48,0.8429506246281976,0.1951219512195122,0.8536585365853658,0.03048780487804878,0.013291523364396493,1.0,0.0,0.03125,0.0,1.0
20270009,n40_c15,no_replay,0.12,0.755205234979179,0.6463414634146342,0.9024390243902439,0.024390243902439025,0.013311618959983097,1.0,0.0,0.025,0.0,1.0
20270009,n40_c15,no_replay,0.24,0.9955383700178465,0.024390243902439025,0.9024390243902439,0.024390243902439025,0.013311618959983097,1.0,0.0,0.025,0.0,1.0
20270009,n40_c15,no_replay,0.48,1.0,0.0,0.9024390243902439,0.024390243902439025,0.013311618959983097,1.0,0.0,0.025,0.0,1.0
20270009,n40_c15,random_replay,0.12,0.6796549672813801,0.6951219512195121,0.8780487804878049,0.03048780487804878,0.013291523364396493,1.0,0.0,0.03125,0.0,1.0
20270009,n40_c15,random_replay,0.24,0.8381915526472338,0.21951219512195122,0.8780487804878049,0.03048780487804878,0.013291523364396493,1.0,0.0,0.03125,0.0,1.0
20270009,n40_c15,random_replay,0.48,0.8429506246281976,0.1951219512195122,0.8780487804878049,0.03048780487804878,0.013291523364396493,1.0,0.0,0.03125,0.0,1.0
20270009,n40_c35,high_energy,0.12,0.665377751338489,0.6829268292682927,0.8780487804878049,0.024390243902439025,0.010547583843284244,1.0,0.0,0.025,0.0,1.0
20270009,n40_c35,high_energy,0.24,0.8271861986912552,0.24390243902439024,0.8780487804878049,0.024390243902439025,0.010547583843284244,1.0,0.0,0.025,0.0,1.0
20270009,n40_c35,high_energy,0.48,0.843545508625818,0.1951219512195122,0.8780487804878049,0.024390243902439025,0.010547583843284244,1.0,0.0,0.025,0.0,1.0
20270009,n40_c35,low_energy,0.12,0.6644854253420585,0.6951219512195121,0.9024390243902439,0.024390243902439025,0.010543402466238453,1.0,0.0,0.025,0.0,1.0
20270009,n40_c35,low_energy,0.24,0.8099345627602617,0.24390243902439024,0.9024390243902439,0.024390243902439025,0.010543402466238453,1.0,0.0,0.025,0.0,1.0
20270009,n40_c35,low_energy,0.48,0.842355740630577,0.1951219512195122,0.9024390243902439,0.024390243902439025,0.010543402466238453,1.0,0.0,0.025,0.0,1.0
20270009,n40_c35,no_replay,0.12,0.7269482450922071,0.7439024390243902,0.926829268292683,0.024390243902439025,0.010619691944964045,1.0,0.0,0.025,0.0,1.0
20270009,n40_c35,no_replay,0.24,0.9565734681737061,0.0975609756097561,0.926829268292683,0.024390243902439025,0.010619691944964045,1.0,0.0,0.025,0.0,1.0
20270009,n40_c35,no_replay,0.48,1.0,0.0,0.926829268292683,0.024390243902439025,0.010619691944964045,1.0,0.0,0.025,0.0,1.0
20270009,n40_c35,random_replay,0.12,0.6644854253420585,0.6951219512195121,0.9024390243902439,0.024390243902439025,0.010543402466238453,1.0,0.0,0.025,0.0,1.0
20270009,n40_c35,random_replay,0.24,0.8099345627602617,0.24390243902439024,0.9024390243902439,0.024390243902439025,0.010543402466238453,1.0,0.0,0.025,0.0,1.0
20270009,n40_c35,random_replay,0.48,0.842355740630577,0.1951219512195122,0.9024390243902439,0.024390243902439025,0.010543402466238453,1.0,0.0,0.025,0.0,1.0
20270009,n40_c65,high_energy,0.12,0.5984533016061868,0.7682926829268293,0.9024390243902439,0.024390243902439025,0.006351555605853267,1.0,0.0,0.025,0.0,0.975609756097561
20270009,n40_c65,high_energy,0.24,0.7650208209399166,0.4146341463414634,0.9024390243902439,0.024390243902439025,0.006351555605853267,1.0,0.0,0.025,0.0,0.975609756097561
20270009,n40_c65,high_energy,0.48,0.9818560380725758,0.036585365853658534,0.9024390243902439,0.024390243902439025,0.006351555605853267,1.0,0.0,0.025,0.0,0.975609756097561
20270009,n40_c65,low_energy,0.12,0.6005353955978584,0.7926829268292683,0.926829268292683,0.024390243902439025,0.0063027609261502235,1.0,0.0,0.025,0.0,0.975609756097561
20270009,n40_c65,low_energy,0.24,0.7572873289708506,0.4268292682926829,0.926829268292683,0.024390243902439025,0.0063027609261502235,1.0,0.0,0.025,0.0,0.975609756097561
20270009,n40_c65,low_energy,0.48,0.9643069601427721,0.024390243902439025,0.926829268292683,0.024390243902439025,0.0063027609261502235,1.0,0.0,0.025,0.0,0.975609756097561
20270009,n40_c65,no_replay,0.12,0.6008328375966686,0.8292682926829268,0.926829268292683,0.024390243902439025,0.00671669550382767,1.0,0.0,0.025,0.0,0.975609756097561
20270009,n40_c65,no_replay,0.24,0.8146936347412255,0.4878048780487805,0.926829268292683,0.024390243902439025,0.00671669550382767,1.0,0.0,0.025,0.0,0.975609756097561
20270009,n40_c65,no_replay,0.48,0.9735276621058894,0.024390243902439025,0.926829268292683,0.024390243902439025,0.00671669550382767,1.0,0.0,0.025,0.0,0.975609756097561
20270009,n40_c65,random_replay,0.12,0.6005353955978584,0.8048780487804879,0.926829268292683,0.024390243902439025,0.0063027609261502235,1.0,0.0,0.025,0.0,0.975609756097561
20270009,n40_c65,random_replay,0.24,0.7572873289708506,0.4634146341463415,0.926829268292683,0.024390243902439025,0.0063027609261502235,1.0,0.0,0.025,0.0,0.975609756097561
20270009,n40_c65,random_replay,0.48,0.9643069601427721,0.04878048780487805,0.926829268292683,0.024390243902439025,0.0063027609261502235,1.0,0.0,0.025,0.0,0.975609756097561
20270010,n12_c15,high_energy,0.12,0.7218934911242604,0.6923076923076923,0.8461538461538461,0.5576923076923077,0.007859905563920685,1.0,1.0,0.5208333333333334,0.0,1.0
20270010,n12_c15,high_energy,0.24,0.7573964497041421,0.6153846153846154,0.8461538461538461,0.5576923076923077,0.007859905563920685,1.0,1.0,0.5208333333333334,0.0,1.0
20270010,n12_c15,high_energy,0.48,0.7633136094674556,0.6153846153846154,0.8461538461538461,0.5576923076923077,0.007859905563920685,1.0,1.0,0.5208333333333334,0.0,1.0
20270010,n12_c15,low_energy,0.12,0.7189349112426036,0.7307692307692307,0.8461538461538461,0.5384615384615384,0.007287364264176753,1.0,0.0,0.5833333333333334,0.0,1.0
20270010,n12_c15,low_energy,0.24,0.7573964497041421,0.6153846153846154,0.8461538461538461,0.5384615384615384,0.007287364264176753,1.0,0.0,0.5833333333333334,0.0,1.0
20270010,n12_c15,low_energy,0.48,0.7633136094674556,0.6153846153846154,0.8461538461538461,0.5384615384615384,0.007287364264176753,1.0,0.0,0.5833333333333334,0.0,1.0
20270010,n12_c15,no_replay,0.12,0.7633136094674556,0.6923076923076923,0.9230769230769231,0.4230769230769231,0.008502426825453192,1.0,0.5,0.4166666666666667,0.0,1.0
20270010,n12_c15,no_replay,0.24,0.9940828402366865,0.0,0.9230769230769231,0.4230769230769231,0.008502426825453192,1.0,0.5,0.4166666666666667,0.0,1.0
20270010,n12_c15,no_replay,0.48,1.0,0.0,0.9230769230769231,0.4230769230769231,0.008502426825453192,1.0,0.5,0.4166666666666667,0.0,1.0
20270010,n12_c15,random_replay,0.12,0.7218934911242604,0.6923076923076923,0.8461538461538461,0.5576923076923077,0.007859905563920685,1.0,1.0,0.5208333333333334,0.0,1.0
20270010,n12_c15,random_replay,0.24,0.7573964497041421,0.6153846153846154,0.8461538461538461,0.5576923076923077,0.007859905563920685,1.0,1.0,0.5208333333333334,0.0,1.0
20270010,n12_c15,random_replay,0.48,0.7633136094674556,0.6153846153846154,0.8461538461538461,0.5576923076923077,0.007859905563920685,1.0,1.0,0.5208333333333334,0.0,1.0
20270010,n12_c35,high_energy,0.12,0.6893491124260356,0.7307692307692307,0.7692307692307693,0.19230769230769232,0.009029223978918626,1.0,0.25,0.1875,0.0,1.0
20270010,n12_c35,high_energy,0.24,0.7514792899408285,0.6153846153846154,0.7692307692307693,0.19230769230769232,0.009029223978918626,1.0,0.25,0.1875,0.0,1.0
20270010,n12_c35,high_energy,0.48,0.7633136094674556,0.6153846153846154,0.7692307692307693,0.19230769230769232,0.009029223978918626,1.0,0.25,0.1875,0.0,1.0
20270010,n12_c35,low_energy,0.12,0.7189349112426036,0.6923076923076923,0.8461538461538461,0.15384615384615385,0.009881220070975414,1.0,0.0,0.16666666666666666,0.0,1.0
20270010,n12_c35,low_energy,0.24,0.7366863905325445,0.6538461538461539,0.8461538461538461,0.15384615384615385,0.009881220070975414,1.0,0.0,0.16666666666666666,0.0,1.0
20270010,n12_c35,low_energy,0.48,0.7633136094674556,0.6153846153846154,0.8461538461538461,0.15384615384615385,0.009881220070975414,1.0,0.0,0.16666666666666666,0.0,1.0
20270010,n12_c35,no_replay,0.12,0.6834319526627219,0.5384615384615384,0.7692307692307693,0.09615384615384616,0.01038528289708937,1.0,0.25,0.08333333333333333,0.0,1.0
20270010,n12_c35,no_replay,0.24,0.9497041420118343,0.07692307692307693,0.7692307692307693,0.09615384615384616,0.01038528289708937,1.0,0.25,0.08333333333333333,0.0,1.0
20270010,n12_c35,no_replay,0.48,1.0,0.0,0.7692307692307693,0.09615384615384616,0.01038528289708937,1.0,0.25,0.08333333333333333,0.0,1.0
20270010,n12_c35,random_replay,0.12,0.7189349112426036,0.6923076923076923,0.6923076923076923,0.15384615384615385,0.009881220070975414,1.0,0.0,0.16666666666666666,0.0,1.0
20270010,n12_c35,random_replay,0.24,0.7366863905325445,0.6538461538461539,0.6923076923076923,0.15384615384615385,0.009881220070975414,1.0,0.0,0.16666666666666666,0.0,1.0
20270010,n12_c35,random_replay,0.48,0.7633136094674556,0.6153846153846154,0.6923076923076923,0.15384615384615385,0.009881220070975414,1.0,0.0,0.16666666666666666,0.0,1.0
20270010,n12_c65,high_energy,0.12,0.636094674556213,0.8076923076923077,0.7692307692307693,0.09615384615384616,0.006420164167249024,1.0,0.25,0.08333333333333333,0.0,1.0
20270010,n12_c65,high_energy,0.24,0.7130177514792899,0.6153846153846154,0.7692307692307693,0.09615384615384616,0.006420164167249024,1.0,0.25,0.08333333333333333,0.0,1.0
20270010,n12_c65,high_energy,0.48,0.9852071005917159,0.038461538461538464,0.7692307692307693,0.09615384615384616,0.006420164167249024,1.0,0.25,0.08333333333333333,0.0,1.0
20270010,n12_c65,low_energy,0.12,0.6775147928994083,0.8076923076923077,0.8461538461538461,0.07692307692307693,0.006853781252766453,1.0,0.0,0.08333333333333333,0.0,0.9230769230769231
20270010,n12_c65,low_energy,0.24,0.7307692307692308,0.6923076923076923,0.8461538461538461,0.07692307692307693,0.006853781252766453,1.0,0.0,0.08333333333333333,0.0,0.9230769230769231
20270010,n12_c65,low_energy,0.48,0.9142011834319527,0.11538461538461539,0.8461538461538461,0.07692307692307693,0.006853781252766453,1.0,0.0,0.08333333333333333,0.0,0.9230769230769231
20270010,n12_c65,no_replay,0.12,0.6272189349112427,0.7307692307692307,0.9230769230769231,0.07692307692307693,0.007378483631793385,1.0,0.0,0.08333333333333333,0.0,0.9230769230769231
20270010,n12_c65,no_replay,0.24,0.8461538461538463,0.2692307692307692,0.9230769230769231,0.07692307692307693,0.007378483631793385,1.0,0.0,0.08333333333333333,0.0,0.9230769230769231
20270010,n12_c65,no_replay,0.48,0.9911242603550295,0.0,0.9230769230769231,0.07692307692307693,0.007378483631793385,1.0,0.0,0.08333333333333333,0.0,0.9230769230769231
20270010,n12_c65,random_replay,0.12,0.636094674556213,0.8076923076923077,0.7692307692307693,0.09615384615384616,0.006420164167249023,1.0,0.25,0.08333333333333333,0.0,1.0
20270010,n12_c65,random_replay,0.24,0.7130177514792899,0.6153846153846154,0.7692307692307693,0.09615384615384616,0.006420164167249023,1.0,0.25,0.08333333333333333,0.0,1.0
20270010,n12_c65,random_replay,0.48,0.9852071005917159,0.038461538461538464,0.7692307692307693,0.09615384615384616,0.006420164167249023,1.0,0.25,0.08333333333333333,0.0,1.0
20270010,n24_c15,high_energy,0.12,0.656,0.68,0.84,0.22,0.01089913638902583,1.0,0.5,0.20833333333333334,0.0,1.0
20270010,n24_c15,high_energy,0.24,0.7752,0.34,0.84,0.22,0.01089913638902583,1.0,0.5,0.20833333333333334,0.0,1.0
20270010,n24_c15,high_energy,0.48,0.7824,0.32,0.84,0.22,0.01089913638902583,1.0,0.5,0.20833333333333334,0.0,1.0
20270010,n24_c15,low_energy,0.12,0.6616,0.7,0.88,0.2,0.011333104994139925,1.0,0.0,0.20833333333333334,0.0,1.0
20270010,n24_c15,low_energy,0.24,0.7776000000000001,0.34,0.88,0.2,0.011333104994139925,1.0,0.0,0.20833333333333334,0.0,1.0
20270010,n24_c15,low_energy,0.48,0.7824,0.32,0.88,0.2,0.011333104994139925,1.0,0.0,0.20833333333333334,0.0,1.0
20270010,n24_c15,no_replay,0.12,0.7352,0.76,0.92,0.04,0.01317581576048372,1.0,0.0,0.041666666666666664,0.0,1.0
20270010,n24_c15,no_replay,0.24,0.992,0.04,0.92,0.04,0.01317581576048372,1.0,0.0,0.041666666666666664,0.0,1.0
20270010,n24_c15,no_replay,0.48,1.0,0.0,0.92,0.04,0.01317581576048372,1.0,0.0,0.041666666666666664,0.0,1.0
20270010,n24_c15,random_replay,0.12,0.656,0.72,0.88,0.22,0.01089913638902583,1.0,0.5,0.20833333333333334,0.0,1.0
20270010,n24_c15,random_replay,0.24,0.7752,0.34,0.88,0.22,0.01089913638902583,1.0,0.5,0.20833333333333334,0.0,1.0
20270010,n24_c15,random_replay,0.48,0.7824,0.32,0.88,0.22,0.01089913638902583,1.0,0.5,0.20833333333333334,0.0,1.0
20270010,n24_c35,high_energy,0.12,0.636,0.62,0.84,0.06,0.010189669820198382,1.0,0.5,0.041666666666666664,0.0,1.0
20270010,n24_c35,high_energy,0.24,0.7791999999999999,0.32,0.84,0.06,0.010189669820198382,1.0,0.5,0.041666666666666664,0.0,1.0
20270010,n24_c35,high_energy,0.48,0.7824,0.32,0.84,0.06,0.010189669820198382,1.0,0.5,0.041666666666666664,0.0,1.0
20270010,n24_c35,low_energy,0.12,0.6328,0.72,0.8,0.04,0.010593576349269329,1.0,0.0,0.041666666666666664,0.0,1.0
20270010,n24_c35,low_energy,0.24,0.7568,0.34,0.8,0.04,0.010593576349269329,1.0,0.0,0.041666666666666664,0.0,1.0
20270010,n24_c35,low_energy,0.48,0.7824,0.32,0.8,0.04,0.010593576349269329,1.0,0.0,0.041666666666666664,0.0,1.0
20270010,n24_c35,no_replay,0.12,0.6983999999999999,0.64,0.84,0.04,0.010623444140525793,1.0,0.0,0.041666666666666664,0.0,1.0
20270010,n24_c35,no_replay,0.24,0.9576,0.06,0.84,0.04,0.010623444140525793,1.0,0.0,0.041666666666666664,0.0,1.0
20270010,n24_c35,no_replay,0.48,1.0,0.0,0.84,0.04,0.010623444140525793,1.0,0.0,0.041666666666666664,0.0,1.0
20270010,n24_c35,random_replay,0.12,0.6328,0.72,0.8,0.04,0.010593576349269329,1.0,0.0,0.041666666666666664,0.0,1.0
20270010,n24_c35,random_replay,0.24,0.7568,0.34,0.8,0.04,0.010593576349269329,1.0,0.0,0.041666666666666664,0.0,1.0
20270010,n24_c35,random_replay,0.48,0.7824,0.32,0.8,0.04,0.010593576349269329,1.0,0.0,0.041666666666666664,0.0,1.0
20270010,n24_c65,high_energy,0.12,0.6008,0.52,0.72,0.04,0.00658090516552973,1.0,0.0,0.041666666666666664,0.0,0.96
20270010,n24_c65,high_energy,0.24,0.728,0.36,0.72,0.04,0.00658090516552973,1.0,0.0,0.041666666666666664,0.0,0.96
20270010,n24_c65,high_energy,0.48,0.9848,0.0,0.72,0.04,0.00658090516552973,1.0,0.0,0.041666666666666664,0.0,0.96
20270010,n24_c65,low_energy,0.12,0.5896,0.56,0.76,0.04,0.0065440886207801885,1.0,0.0,0.041666666666666664,0.0,0.96
20270010,n24_c65,low_energy,0.24,0.6967999999999999,0.4,0.76,0.04,0.0065440886207801885,1.0,0.0,0.041666666666666664,0.0,0.96
20270010,n24_c65,low_energy,0.48,0.9440000000000001,0.04,0.76,0.04,0.0065440886207801885,1.0,0.0,0.041666666666666664,0.0,0.96
20270010,n24_c65,no_replay,0.12,0.6032000000000001,0.5,0.64,0.04,0.007228678512234268,1.0,0.0,0.041666666666666664,0.0,0.96
20270010,n24_c65,no_replay,0.24,0.8096,0.2,0.64,0.04,0.007228678512234268,1.0,0.0,0.041666666666666664,0.0,0.96
20270010,n24_c65,no_replay,0.48,0.968,0.0,0.64,0.04,0.007228678512234268,1.0,0.0,0.041666666666666664,0.0,0.96
20270010,n24_c65,random_replay,0.12,0.5896,0.62,0.76,0.04,0.0065440886207801885,1.0,0.0,0.041666666666666664,0.0,0.96
20270010,n24_c65,random_replay,0.24,0.6967999999999999,0.42,0.76,0.04,0.0065440886207801885,1.0,0.0,0.041666666666666664,0.0,0.96
20270010,n24_c65,random_replay,0.48,0.9440000000000001,0.04,0.76,0.04,0.0065440886207801885,1.0,0.0,0.041666666666666664,0.0,0.96
20270010,n40_c15,high_energy,0.12,0.6748958953004164,0.7682926829268293,0.926829268292683,0.024390243902439025,0.013303450221575527,1.0,0.0,0.025,0.0,1.0
20270010,n40_c15,high_energy,0.24,0.8361094586555622,0.25609756097560976,0.926829268292683,0.024390243902439025,0.013303450221575527,1.0,0.0,0.025,0.0,1.0
20270010,n40_c15,high_energy,0.48,0.8429506246281976,0.1951219512195122,0.926829268292683,0.024390243902439025,0.013303450221575527,1.0,0.0,0.025,0.0,1.0
20270010,n40_c15,low_energy,0.12,0.6731112433075551,0.7682926829268293,0.9512195121951219,0.03048780487804878,0.013219853842854859,1.0,0.0,0.03125,0.0,1.0
20270010,n40_c15,low_energy,0.24,0.8370017846519928,0.24390243902439024,0.9512195121951219,0.03048780487804878,0.013219853842854859,1.0,0.0,0.03125,0.0,1.0
20270010,n40_c15,low_energy,0.48,0.8429506246281976,0.1951219512195122,0.9512195121951219,0.03048780487804878,0.013219853842854859,1.0,0.0,0.03125,0.0,1.0
20270010,n40_c15,no_replay,0.12,0.7260559190957763,0.7317073170731707,0.926829268292683,0.024390243902439025,0.013216951394762779,1.0,0.0,0.025,0.0,1.0
20270010,n40_c15,no_replay,0.24,0.9854253420582987,0.0975609756097561,0.926829268292683,0.024390243902439025,0.013216951394762779,1.0,0.0,0.025,0.0,1.0
20270010,n40_c15,no_replay,0.48,1.0,0.0,0.926829268292683,0.024390243902439025,0.013216951394762779,1.0,0.0,0.025,0.0,1.0
20270010,n40_c15,random_replay,0.12,0.6748958953004164,0.7682926829268293,0.9512195121951219,0.024390243902439025,0.013303450221575527,1.0,0.0,0.025,0.0,1.0
20270010,n40_c15,random_replay,0.24,0.8361094586555622,0.25609756097560976,0.9512195121951219,0.024390243902439025,0.013303450221575527,1.0,0.0,0.025,0.0,1.0
20270010,n40_c15,random_replay,0.48,0.8429506246281976,0.1951219512195122,0.9512195121951219,0.024390243902439025,0.013303450221575527,1.0,0.0,0.025,0.0,1.0
20270010,n40_c35,high_energy,0.12,0.6397977394408091,0.6951219512195121,0.9512195121951219,0.024390243902439025,0.010527788732367541,1.0,0.0,0.025,0.0,1.0
20270010,n40_c35,high_energy,0.24,0.8060678167757287,0.3048780487804878,0.9512195121951219,0.024390243902439025,0.010527788732367541,1.0,0.0,0.025,0.0,1.0
20270010,n40_c35,high_energy,0.48,0.8429506246281976,0.1951219512195122,0.9512195121951219,0.024390243902439025,0.010527788732367541,1.0,0.0,0.025,0.0,1.0
20270010,n40_c35,low_energy,0.12,0.6338488994646044,0.7195121951219512,0.926829268292683,0.024390243902439025,0.010519937801171105,1.0,0.0,0.025,0.0,1.0
20270010,n40_c35,low_energy,0.24,0.7923854848304581,0.3170731707317073,0.926829268292683,0.024390243902439025,0.010519937801171105,1.0,0.0,0.025,0.0,1.0
20270010,n40_c35,low_energy,0.48,0.8429506246281976,0.1951219512195122,0.926829268292683,0.024390243902439025,0.010519937801171105,1.0,0.0,0.025,0.0,1.0
20270010,n40_c35,no_replay,0.12,0.6829268292682927,0.7560975609756098,0.926829268292683,0.024390243902439025,0.010640906226692512,1.0,0.0,0.025,0.0,1.0
20270010,n40_c35,no_replay,0.24,0.9440809042236763,0.13414634146341464,0.926829268292683,0.024390243902439025,0.010640906226692512,1.0,0.0,0.025,0.0,1.0
20270010,n40_c35,no_replay,0.48,1.0,0.0,0.926829268292683,0.024390243902439025,0.010640906226692512,1.0,0.0,0.025,0.0,1.0
20270010,n40_c35,random_replay,0.12,0.6397977394408091,0.6951219512195121,0.926829268292683,0.024390243902439025,0.010527788732367541,1.0,0.0,0.025,0.0,1.0
20270010,n40_c35,random_replay,0.24,0.8060678167757287,0.3048780487804878,0.926829268292683,0.024390243902439025,0.010527788732367541,1.0,0.0,0.025,0.0,1.0
20270010,n40_c35,random_replay,0.48,0.8429506246281976,0.1951219512195122,0.926829268292683,0.024390243902439025,0.010527788732367541,1.0,0.0,0.025,0.0,1.0
20270010,n40_c65,high_energy,0.12,0.5951814396192743,0.8658536585365854,0.975609756097561,0.024390243902439025,0.006212947247989982,1.0,0.0,0.025,0.0,0.975609756097561
20270010,n40_c65,high_energy,0.24,0.7638310529446758,0.573170731707317,0.975609756097561,0.024390243902439025,0.006212947247989982,1.0,0.0,0.025,0.0,0.975609756097561
20270010,n40_c65,high_energy,0.48,0.9958358120166568,0.012195121951219513,0.975609756097561,0.024390243902439025,0.006212947247989982,1.0,0.0,0.025,0.0,0.975609756097561
20270010,n40_c65,low_energy,0.12,0.5954788816180845,0.8658536585365854,0.975609756097561,0.024390243902439025,0.006190047454053075,1.0,0.0,0.025,0.0,0.975609756097561
20270010,n40_c65,low_energy,0.24,0.7578822129684712,0.5609756097560976,0.975609756097561,0.024390243902439025,0.006190047454053075,1.0,0.0,0.025,0.0,0.975609756097561
20270010,n40_c65,low_energy,0.48,0.970553242117787,0.024390243902439025,0.975609756097561,0.024390243902439025,0.006190047454053075,1.0,0.0,0.025,0.0,0.975609756097561
20270010,n40_c65,no_replay,0.12,0.6249256395002974,0.9024390243902439,0.975609756097561,0.024390243902439025,0.006443321195760188,1.0,0.0,0.025,0.0,0.975609756097561
20270010,n40_c65,no_replay,0.24,0.850089232599643,0.6219512195121951,0.975609756097561,0.024390243902439025,0.006443321195760188,1.0,0.0,0.025,0.0,0.975609756097561
20270010,n40_c65,no_replay,0.48,0.9762046400951814,0.0,0.975609756097561,0.024390243902439025,0.006443321195760188,1.0,0.0,0.025,0.0,0.975609756097561
20270010,n40_c65,random_replay,0.12,0.5954788816180845,0.8902439024390244,0.975609756097561,0.024390243902439025,0.006190047454053075,1.0,0.0,0.025,0.0,0.975609756097561
20270010,n40_c65,random_replay,0.24,0.7578822129684712,0.5975609756097561,0.975609756097561,0.024390243902439025,0.006190047454053075,1.0,0.0,0.025,0.0,0.975609756097561
20270010,n40_c65,random_replay,0.48,0.970553242117787,0.024390243902439025,0.975609756097561,0.024390243902439025,0.006190047454053075,1.0,0.0,0.025,0.0,0.975609756097561
20270011,n12_c15,high_energy,0.12,0.7218934911242605,0.6923076923076923,0.7692307692307693,0.5961538461538461,0.010829537533329665,1.0,0.75,0.5833333333333334,0.0,1.0
20270011,n12_c15,high_energy,0.24,0.7603550295857988,0.6153846153846154,0.7692307692307693,0.5961538461538461,0.010829537533329665,1.0,0.75,0.5833333333333334,0.0,1.0
20270011,n12_c15,high_energy,0.48,0.7633136094674556,0.6153846153846154,0.7692307692307693,0.5961538461538461,0.010829537533329665,1.0,0.75,0.5833333333333334,0.0,1.0
20270011,n12_c15,low_energy,0.12,0.7130177514792899,0.7692307692307693,0.8461538461538461,0.5961538461538461,0.011125376204375603,1.0,0.0,0.6458333333333334,0.0,1.0
20270011,n12_c15,low_energy,0.24,0.7603550295857988,0.6153846153846154,0.8461538461538461,0.5961538461538461,0.011125376204375603,1.0,0.0,0.6458333333333334,0.0,1.0
20270011,n12_c15,low_energy,0.48,0.7633136094674556,0.6153846153846154,0.8461538461538461,0.5961538461538461,0.011125376204375603,1.0,0.0,0.6458333333333334,0.0,1.0
20270011,n12_c15,no_replay,0.12,0.8106508875739644,0.5384615384615384,0.8461538461538461,0.5384615384615384,0.006944549972366452,1.0,0.5,0.5416666666666666,0.0,1.0
20270011,n12_c15,no_replay,0.24,0.9911242603550295,0.0,0.8461538461538461,0.5384615384615384,0.006944549972366452,1.0,0.5,0.5416666666666666,0.0,1.0
20270011,n12_c15,no_replay,0.48,1.0,0.0,0.8461538461538461,0.5384615384615384,0.006944549972366452,1.0,0.5,0.5416666666666666,0.0,1.0
20270011,n12_c15,random_replay,0.12,0.7218934911242605,0.6923076923076923,0.7692307692307693,0.5961538461538461,0.010829537533329665,1.0,0.75,0.5833333333333334,0.0,1.0
20270011,n12_c15,random_replay,0.24,0.7603550295857988,0.6153846153846154,0.7692307692307693,0.5961538461538461,0.010829537533329665,1.0,0.75,0.5833333333333334,0.0,1.0
20270011,n12_c15,random_replay,0.48,0.7633136094674556,0.6153846153846154,0.7692307692307693,0.5961538461538461,0.010829537533329665,1.0,0.75,0.5833333333333334,0.0,1.0
20270011,n12_c35,high_energy,0.12,0.7189349112426036,0.8846153846153846,1.0,0.23076923076923078,0.00877898611987648,1.0,0.5,0.20833333333333334,0.0,1.0
20270011,n12_c35,high_energy,0.24,0.7633136094674556,0.6153846153846154,1.0,0.23076923076923078,0.00877898611987648,1.0,0.5,0.20833333333333334,0.0,1.0
20270011,n12_c35,high_energy,0.48,0.7633136094674556,0.6153846153846154,1.0,0.23076923076923078,0.00877898611987648,1.0,0.5,0.20833333333333334,0.0,1.0
20270011,n12_c35,low_energy,0.12,0.7218934911242604,0.8461538461538461,0.9230769230769231,0.11538461538461539,0.010216808982503246,1.0,0.0,0.125,0.0,1.0
20270011,n12_c35,low_energy,0.24,0.7544378698224852,0.6538461538461539,0.9230769230769231,0.11538461538461539,0.010216808982503246,1.0,0.0,0.125,0.0,1.0
20270011,n12_c35,low_energy,0.48,0.7633136094674556,0.6153846153846154,0.9230769230769231,0.11538461538461539,0.010216808982503246,1.0,0.0,0.125,0.0,1.0
20270011,n12_c35,no_replay,0.12,0.7544378698224853,0.6538461538461539,0.8461538461538461,0.11538461538461539,0.009955040040905631,1.0,0.5,0.08333333333333333,0.0,1.0
20270011,n12_c35,no_replay,0.24,0.9911242603550297,0.038461538461538464,0.8461538461538461,0.11538461538461539,0.009955040040905631,1.0,0.5,0.08333333333333333,0.0,1.0
20270011,n12_c35,no_replay,0.48,1.0,0.0,0.8461538461538461,0.11538461538461539,0.009955040040905631,1.0,0.5,0.08333333333333333,0.0,1.0
20270011,n12_c35,random_replay,0.12,0.7189349112426036,0.9230769230769231,1.0,0.23076923076923078,0.00877898611987648,1.0,0.5,0.20833333333333334,0.0,1.0
20270011,n12_c35,random_replay,0.24,0.7633136094674556,0.6538461538461539,1.0,0.23076923076923078,0.00877898611987648,1.0,0.5,0.20833333333333334,0.0,1.0
20270011,n12_c35,random_replay,0.48,0.7633136094674556,0.6153846153846154,1.0,0.23076923076923078,0.00877898611987648,1.0,0.5,0.20833333333333334,0.0,1.0
20270011,n12_c65,high_energy,0.12,0.6923076923076923,0.6923076923076923,0.9230769230769231,0.07692307692307693,0.006933261873922195,1.0,0.0,0.08333333333333333,0.0,1.0
20270011,n12_c65,high_energy,0.24,0.7337278106508875,0.6153846153846154,0.9230769230769231,0.07692307692307693,0.006933261873922195,1.0,0.0,0.08333333333333333,0.0,1.0
20270011,n12_c65,high_energy,0.48,0.9822485207100592,0.07692307692307693,0.9230769230769231,0.07692307692307693,0.006933261873922195,1.0,0.0,0.08333333333333333,0.0,1.0
20270011,n12_c65,low_energy,0.12,0.7189349112426036,0.8461538461538461,0.9230769230769231,0.07692307692307693,0.006872493110973776,1.0,0.0,0.08333333333333333,0.0,0.9230769230769231
20270011,n12_c65,low_energy,0.24,0.7396449704142012,0.6923076923076923,0.9230769230769231,0.07692307692307693,0.006872493110973776,1.0,0.0,0.08333333333333333,0.0,0.9230769230769231
20270011,n12_c65,low_energy,0.48,0.9142011834319528,0.11538461538461539,0.9230769230769231,0.07692307692307693,0.006872493110973776,1.0,0.0,0.08333333333333333,0.0,0.9230769230769231
20270011,n12_c65,no_replay,0.12,0.727810650887574,0.8461538461538461,0.9230769230769231,0.07692307692307693,0.007476554741334522,1.0,0.0,0.08333333333333333,0.0,0.9230769230769231
20270011,n12_c65,no_replay,0.24,0.9230769230769231,0.19230769230769232,0.9230769230769231,0.07692307692307693,0.007476554741334522,1.0,0.0,0.08333333333333333,0.0,0.9230769230769231
20270011,n12_c65,no_replay,0.48,0.9911242603550295,0.0,0.9230769230769231,0.07692307692307693,0.007476554741334522,1.0,0.0,0.08333333333333333,0.0,0.9230769230769231
20270011,n12_c65,random_replay,0.12,0.6923076923076923,0.6923076923076923,0.9230769230769231,0.07692307692307693,0.006933261873922195,1.0,0.0,0.08333333333333333,0.0,1.0
20270011,n12_c65,random_replay,0.24,0.7337278106508875,0.6153846153846154,0.9230769230769231,0.07692307692307693,0.006933261873922195,1.0,0.0,0.08333333333333333,0.0,1.0
20270011,n12_c65,random_replay,0.48,0.9822485207100592,0.07692307692307693,0.9230769230769231,0.07692307692307693,0.006933261873922195,1.0,0.0,0.08333333333333333,0.0,1.0
20270011,n24_c15,high_energy,0.12,0.6744,0.62,0.96,0.21,0.010855056655392846,1.0,0.25,0.20833333333333334,0.0,1.0
20270011,n24_c15,high_energy,0.24,0.7807999999999999,0.34,0.96,0.21,0.010855056655392846,1.0,0.25,0.20833333333333334,0.0,1.0
20270011,n24_c15,high_energy,0.48,0.7824,0.32,0.96,0.21,0.010855056655392846,1.0,0.25,0.20833333333333334,0.0,1.0
20270011,n24_c15,low_energy,0.12,0.672,0.66,0.96,0.22,0.010847518162524135,1.0,0.0,0.22916666666666666,0.0,1.0
20270011,n24_c15,low_energy,0.24,0.7807999999999999,0.34,0.96,0.22,0.010847518162524135,1.0,0.0,0.22916666666666666,0.0,1.0
20270011,n24_c15,low_energy,0.48,0.7824,0.32,0.96,0.22,0.010847518162524135,1.0,0.0,0.22916666666666666,0.0,1.0
20270011,n24_c15,no_replay,0.12,0.748,0.66,0.92,0.04,0.013178058913615428,1.0,0.0,0.041666666666666664,0.0,1.0
20270011,n24_c15,no_replay,0.24,0.98,0.04,0.92,0.04,0.013178058913615428,1.0,0.0,0.041666666666666664,0.0,1.0
20270011,n24_c15,no_replay,0.48,1.0,0.0,0.92,0.04,0.013178058913615428,1.0,0.0,0.041666666666666664,0.0,1.0
20270011,n24_c15,random_replay,0.12,0.672,0.66,0.96,0.22,0.010847518162524135,1.0,0.0,0.22916666666666666,0.0,1.0
20270011,n24_c15,random_replay,0.24,0.7807999999999999,0.34,0.96,0.22,0.010847518162524135,1.0,0.0,0.22916666666666666,0.0,1.0
20270011,n24_c15,random_replay,0.48,0.7824,0.32,0.96,0.22,0.010847518162524135,1.0,0.0,0.22916666666666666,0.0,1.0
20270011,n24_c35,high_energy,0.12,0.6568,0.64,0.88,0.04,0.010539689332516044,1.0,0.0,0.041666666666666664,0.0,1.0
20270011,n24_c35,high_energy,0.24,0.7727999999999999,0.34,0.88,0.04,0.010539689332516044,1.0,0.0,0.041666666666666664,0.0,1.0
20270011,n24_c35,high_energy,0.48,0.7824,0.32,0.88,0.04,0.010539689332516044,1.0,0.0,0.041666666666666664,0.0,1.0
20270011,n24_c35,low_energy,0.12,0.6584,0.68,0.92,0.04,0.010518053145578488,1.0,0.0,0.041666666666666664,0.0,1.0
20270011,n24_c35,low_energy,0.24,0.7512,0.36,0.92,0.04,0.010518053145578488,1.0,0.0,0.041666666666666664,0.0,1.0
20270011,n24_c35,low_energy,0.48,0.7824,0.32,0.92,0.04,0.010518053145578488,1.0,0.0,0.041666666666666664,0.0,1.0
20270011,n24_c35,no_replay,0.12,0.7568,0.56,0.88,0.04,0.010627866245257703,1.0,0.0,0.041666666666666664,0.0,1.0
20270011,n24_c35,no_replay,0.24,0.9664,0.04,0.88,0.04,0.010627866245257703,1.0,0.0,0.041666666666666664,0.0,1.0
20270011,n24_c35,no_replay,0.48,1.0,0.0,0.88,0.04,0.010627866245257703,1.0,0.0,0.041666666666666664,0.0,1.0
20270011,n24_c35,random_replay,0.12,0.6584,0.68,0.92,0.04,0.010518053145578488,1.0,0.0,0.041666666666666664,0.0,1.0
20270011,n24_c35,random_replay,0.24,0.7512,0.36,0.92,0.04,0.010518053145578488,1.0,0.0,0.041666666666666664,0.0,1.0
20270011,n24_c35,random_replay,0.48,0.7824,0.32,0.92,0.04,0.010518053145578488,1.0,0.0,0.041666666666666664,0.0,1.0
20270011,n24_c65,high_energy,0.12,0.6328,0.64,0.84,0.04,0.006445481458426564,1.0,0.0,0.041666666666666664,0.0,0.96
20270011,n24_c65,high_energy,0.24,0.7688,0.36,0.84,0.04,0.006445481458426564,1.0,0.0,0.041666666666666664,0.0,0.96
20270011,n24_c65,high_energy,0.48,0.9888,0.02,0.84,0.04,0.006445481458426564,1.0,0.0,0.041666666666666664,0.0,0.96
20270011,n24_c65,low_energy,0.12,0.6208,0.66,0.88,0.04,0.006421896364506891,1.0,0.0,0.041666666666666664,0.0,0.96
20270011,n24_c65,low_energy,0.24,0.736,0.42,0.88,0.04,0.006421896364506891,1.0,0.0,0.041666666666666664,0.0,0.96
20270011,n24_c65,low_energy,0.48,0.9496,0.04,0.88,0.04,0.006421896364506891,1.0,0.0,0.041666666666666664,0.0,0.96
20270011,n24_c65,no_replay,0.12,0.64,0.7,0.84,0.04,0.0069650709438704135,1.0,0.0,0.041666666666666664,0.0,0.96
20270011,n24_c65,no_replay,0.24,0.8488,0.2,0.84,0.04,0.0069650709438704135,1.0,0.0,0.041666666666666664,0.0,0.96
20270011,n24_c65,no_replay,0.48,0.964,0.0,0.84,0.04,0.0069650709438704135,1.0,0.0,0.041666666666666664,0.0,0.96
20270011,n24_c65,random_replay,0.12,0.6208,0.72,0.88,0.04,0.006421896364506891,1.0,0.0,0.041666666666666664,0.0,0.96
20270011,n24_c65,random_replay,0.24,0.736,0.44,0.88,0.04,0.006421896364506891,1.0,0.0,0.041666666666666664,0.0,0.96
20270011,n24_c65,random_replay,0.48,0.9496,0.04,0.88,0.04,0.006421896364506891,1.0,0.0,0.041666666666666664,0.0,0.96
20270011,n40_c15,high_energy,0.12,0.6891731112433076,0.5121951219512195,0.8292682926829268,0.04878048780487805,0.013070395834259757,1.0,0.5,0.0375,0.0,1.0
20270011,n40_c15,high_energy,0.24,0.828078524687686,0.2073170731707317,0.8292682926829268,0.04878048780487805,0.013070395834259757,1.0,0.5,0.0375,0.0,1.0
20270011,n40_c15,high_energy,0.48,0.8429506246281976,0.1951219512195122,0.8292682926829268,0.04878048780487805,0.013070395834259757,1.0,0.5,0.0375,0.0,1.0
20270011,n40_c15,low_energy,0.12,0.6832242712671031,0.524390243902439,0.8048780487804879,0.036585365853658534,0.013314537677707815,1.0,0.0,0.0375,0.0,1.0
20270011,n40_c15,low_energy,0.24,0.828078524687686,0.2073170731707317,0.8048780487804879,0.036585365853658534,0.013314537677707815,1.0,0.0,0.0375,0.0,1.0
20270011,n40_c15,low_energy,0.48,0.8429506246281976,0.1951219512195122,0.8048780487804879,0.036585365853658534,0.013314537677707815,1.0,0.0,0.0375,0.0,1.0
20270011,n40_c15,no_replay,0.12,0.7623438429506246,0.4634146341463415,0.8292682926829268,0.024390243902439025,0.013365254667783705,1.0,0.0,0.025,0.0,1.0
20270011,n40_c15,no_replay,0.24,0.9797739440809041,0.012195121951219513,0.8292682926829268,0.024390243902439025,0.013365254667783705,1.0,0.0,0.025,0.0,1.0
20270011,n40_c15,no_replay,0.48,1.0,0.0,0.8292682926829268,0.024390243902439025,0.013365254667783705,1.0,0.0,0.025,0.0,1.0
20270011,n40_c15,random_replay,0.12,0.6832242712671031,0.524390243902439,0.8048780487804879,0.036585365853658534,0.013314537677707815,1.0,0.0,0.0375,0.0,1.0
20270011,n40_c15,random_replay,0.24,0.828078524687686,0.2073170731707317,0.8048780487804879,0.036585365853658534,0.013314537677707815,1.0,0.0,0.0375,0.0,1.0
20270011,n40_c15,random_replay,0.48,0.8429506246281976,0.1951219512195122,0.8048780487804879,0.036585365853658534,0.013314537677707815,1.0,0.0,0.0375,0.0,1.0
20270011,n40_c35,high_energy,0.12,0.6546698393813207,0.7439024390243902,0.9512195121951219,0.024390243902439025,0.010555763871577688,1.0,0.0,0.025,0.0,1.0
20270011,n40_c35,high_energy,0.24,0.8289708506841166,0.2926829268292683,0.9512195121951219,0.024390243902439025,0.010555763871577688,1.0,0.0,0.025,0.0,1.0
20270011,n40_c35,high_energy,0.48,0.8429506246281976,0.1951219512195122,0.9512195121951219,0.024390243902439025,0.010555763871577688,1.0,0.0,0.025,0.0,1.0
20270011,n40_c35,low_energy,0.12,0.6439619274241524,0.7317073170731707,0.926829268292683,0.024390243902439025,0.010539975638257905,1.0,0.0,0.025,0.0,1.0
20270011,n40_c35,low_energy,0.24,0.8099345627602617,0.3048780487804878,0.926829268292683,0.024390243902439025,0.010539975638257905,1.0,0.0,0.025,0.0,1.0
20270011,n40_c35,low_energy,0.48,0.8426531826293873,0.1951219512195122,0.926829268292683,0.024390243902439025,0.010539975638257905,1.0,0.0,0.025,0.0,1.0
20270011,n40_c35,no_replay,0.12,0.7016656751933372,0.7804878048780488,0.9512195121951219,0.024390243902439025,0.010560457108853014,1.0,0.0,0.025,0.0,1.0
20270011,n40_c35,no_replay,0.24,0.9619274241522903,0.1951219512195122,0.9512195121951219,0.024390243902439025,0.010560457108853014,1.0,0.0,0.025,0.0,1.0
20270011,n40_c35,no_replay,0.48,1.0,0.0,0.9512195121951219,0.024390243902439025,0.010560457108853014,1.0,0.0,0.025,0.0,1.0
20270011,n40_c35,random_replay,0.12,0.6439619274241524,0.7317073170731707,0.9512195121951219,0.024390243902439025,0.010539975638257905,1.0,0.0,0.025,0.0,1.0
20270011,n40_c35,random_replay,0.24,0.8099345627602617,0.3170731707317073,0.9512195121951219,0.024390243902439025,0.010539975638257905,1.0,0.0,0.025,0.0,1.0
20270011,n40_c35,random_replay,0.48,0.8426531826293873,0.1951219512195122,0.9512195121951219,0.024390243902439025,0.010539975638257905,1.0,0.0,0.025,0.0,1.0
20270011,n40_c65,high_energy,0.12,0.6252230814991077,0.7560975609756098,0.9024390243902439,0.024390243902439025,0.006301445022784283,1.0,0.0,0.025,0.0,0.975609756097561
20270011,n40_c65,high_energy,0.24,0.7801903628792386,0.3902439024390244,0.9024390243902439,0.024390243902439025,0.006301445022784283,1.0,0.0,0.025,0.0,0.975609756097561
20270011,n40_c65,high_energy,0.48,0.9881023200475907,0.024390243902439025,0.9024390243902439,0.024390243902439025,0.006301445022784283,1.0,0.0,0.025,0.0,0.975609756097561
20270011,n40_c65,low_energy,0.12,0.6228435455086259,0.7804878048780488,0.9024390243902439,0.024390243902439025,0.006262903994419707,1.0,0.0,0.025,0.0,0.975609756097561
20270011,n40_c65,low_energy,0.24,0.766805472932778,0.4024390243902439,0.9024390243902439,0.024390243902439025,0.006262903994419707,1.0,0.0,0.025,0.0,0.975609756097561
20270011,n40_c65,low_energy,0.48,0.9681737061273051,0.024390243902439025,0.9024390243902439,0.024390243902439025,0.006262903994419707,1.0,0.0,0.025,0.0,0.975609756097561
20270011,n40_c65,no_replay,0.12,0.6258179654967282,0.8048780487804879,0.9024390243902439,0.024390243902439025,0.006684316275292508,1.0,0.0,0.025,0.0,0.975609756097561
20270011,n40_c65,no_replay,0.24,0.843545508625818,0.4268292682926829,0.9024390243902439,0.024390243902439025,0.006684316275292508,1.0,0.0,0.025,0.0,0.975609756097561
20270011,n40_c65,no_replay,0.48,0.9753123140987507,0.0,0.9024390243902439,0.024390243902439025,0.006684316275292508,1.0,0.0,0.025,0.0,0.975609756097561
20270011,n40_c65,random_replay,0.12,0.6252230814991077,0.6585365853658537,0.8536585365853658,0.024390243902439025,0.006301445022784283,1.0,0.0,0.025,0.0,0.975609756097561
20270011,n40_c65,random_replay,0.24,0.7801903628792386,0.3048780487804878,0.8536585365853658,0.024390243902439025,0.006301445022784283,1.0,0.0,0.025,0.0,0.975609756097561
20270011,n40_c65,random_replay,0.48,0.9881023200475907,0.012195121951219513,0.8536585365853658,0.024390243902439025,0.006301445022784283,1.0,0.0,0.025,0.0,0.975609756097561
20270012,n12_c15,high_energy,0.12,0.727810650887574,0.8461538461538461,0.9230769230769231,0.5961538461538461,0.010772401419169035,1.0,0.75,0.5833333333333334,0.0,1.0
20270012,n12_c15,high_energy,0.24,0.7633136094674556,0.6153846153846154,0.9230769230769231,0.5961538461538461,0.010772401419169035,1.0,0.75,0.5833333333333334,0.0,1.0
20270012,n12_c15,high_energy,0.48,0.7633136094674556,0.6153846153846154,0.9230769230769231,0.5961538461538461,0.010772401419169035,1.0,0.75,0.5833333333333334,0.0,1.0
20270012,n12_c15,low_energy,0.12,0.7130177514792899,0.8461538461538461,0.8461538461538461,0.5961538461538461,0.006169355530466205,1.0,0.0,0.6458333333333334,0.0,1.0
20270012,n12_c15,low_energy,0.24,0.7514792899408284,0.6153846153846154,0.8461538461538461,0.5961538461538461,0.006169355530466205,1.0,0.0,0.6458333333333334,0.0,1.0
20270012,n12_c15,low_energy,0.48,0.7633136094674556,0.6153846153846154,0.8461538461538461,0.5961538461538461,0.006169355530466205,1.0,0.0,0.6458333333333334,0.0,1.0
20270012,n12_c15,no_replay,0.12,0.7159763313609467,0.5384615384615384,0.7692307692307693,0.5576923076923077,0.006885322428475258,1.0,0.5,0.5625,0.0,1.0
20270012,n12_c15,no_replay,0.24,0.985207100591716,0.0,0.7692307692307693,0.5576923076923077,0.006885322428475258,1.0,0.5,0.5625,0.0,1.0
20270012,n12_c15,no_replay,0.48,1.0,0.0,0.7692307692307693,0.5576923076923077,0.006885322428475258,1.0,0.5,0.5625,0.0,1.0
20270012,n12_c15,random_replay,0.12,0.727810650887574,0.8461538461538461,0.9230769230769231,0.5961538461538461,0.010772401419169035,1.0,0.75,0.5833333333333334,0.0,1.0
20270012,n12_c15,random_replay,0.24,0.7633136094674556,0.6153846153846154,0.9230769230769231,0.5961538461538461,0.010772401419169035,1.0,0.75,0.5833333333333334,0.0,1.0
20270012,n12_c15,random_replay,0.48,0.7633136094674556,0.6153846153846154,0.9230769230769231,0.5961538461538461,0.010772401419169035,1.0,0.75,0.5833333333333334,0.0,1.0
20270012,n12_c35,high_energy,0.12,0.7159763313609467,0.8076923076923077,1.0,0.19230769230769232,0.009204936839866631,1.0,0.25,0.1875,0.0,1.0
20270012,n12_c35,high_energy,0.24,0.7633136094674556,0.6153846153846154,1.0,0.19230769230769232,0.009204936839866631,1.0,0.25,0.1875,0.0,1.0
20270012,n12_c35,high_energy,0.48,0.7633136094674556,0.6153846153846154,1.0,0.19230769230769232,0.009204936839866631,1.0,0.25,0.1875,0.0,1.0
20270012,n12_c35,low_energy,0.12,0.7396449704142012,0.8846153846153846,0.9230769230769231,0.11538461538461539,0.010056604699898674,1.0,0.0,0.125,0.0,1.0
20270012,n12_c35,low_energy,0.24,0.7514792899408284,0.6153846153846154,0.9230769230769231,0.11538461538461539,0.010056604699898674,1.0,0.0,0.125,0.0,1.0
20270012,n12_c35,low_energy,0.48,0.7633136094674556,0.6153846153846154,0.9230769230769231,0.11538461538461539,0.010056604699898674,1.0,0.0,0.125,0.0,1.0
20270012,n12_c35,no_replay,0.12,0.7544378698224852,0.8076923076923077,0.9230769230769231,0.09615384615384616,0.010244922417699698,1.0,0.25,0.08333333333333333,0.0,1.0
20270012,n12_c35,no_replay,0.24,0.9792899408284024,0.19230769230769232,0.9230769230769231,0.09615384615384616,0.010244922417699698,1.0,0.25,0.08333333333333333,0.0,1.0
20270012,n12_c35,no_replay,0.48,1.0,0.0,0.9230769230769231,0.09615384615384616,0.010244922417699698,1.0,0.25,0.08333333333333333,0.0,1.0
20270012,n12_c35,random_replay,0.12,0.7159763313609467,0.8076923076923077,1.0,0.19230769230769232,0.009204936839866631,1.0,0.25,0.1875,0.0,1.0
20270012,n12_c35,random_replay,0.24,0.7633136094674556,0.6153846153846154,1.0,0.19230769230769232,0.009204936839866631,1.0,0.25,0.1875,0.0,1.0
20270012,n12_c35,random_replay,0.48,0.7633136094674556,0.6153846153846154,1.0,0.19230769230769232,0.009204936839866631,1.0,0.25,0.1875,0.0,1.0
20270012,n12_c65,high_energy,0.12,0.6568047337278107,0.7692307692307693,0.9230769230769231,0.09615384615384616,0.006416290877914104,1.0,0.25,0.08333333333333333,0.0,1.0
20270012,n12_c65,high_energy,0.24,0.7278106508875739,0.6153846153846154,0.9230769230769231,0.09615384615384616,0.006416290877914104,1.0,0.25,0.08333333333333333,0.0,1.0
20270012,n12_c65,high_energy,0.48,0.9763313609467457,0.07692307692307693,0.9230769230769231,0.09615384615384616,0.006416290877914104,1.0,0.25,0.08333333333333333,0.0,1.0
20270012,n12_c65,low_energy,0.12,0.6804733727810651,0.7692307692307693,0.9230769230769231,0.07692307692307693,0.0068659877708581556,1.0,0.0,0.08333333333333333,0.0,0.9230769230769231
20270012,n12_c65,low_energy,0.24,0.7396449704142012,0.6923076923076923,0.9230769230769231,0.07692307692307693,0.0068659877708581556,1.0,0.0,0.08333333333333333,0.0,0.9230769230769231
20270012,n12_c65,low_energy,0.48,0.9142011834319528,0.07692307692307693,0.9230769230769231,0.07692307692307693,0.0068659877708581556,1.0,0.0,0.08333333333333333,0.0,0.9230769230769231
20270012,n12_c65,no_replay,0.12,0.6390532544378699,0.8076923076923077,0.9230769230769231,0.09615384615384616,0.006750998098122144,1.0,0.25,0.08333333333333333,0.0,0.9230769230769231
20270012,n12_c65,no_replay,0.24,0.8698224852071006,0.4230769230769231,0.9230769230769231,0.09615384615384616,0.006750998098122144,1.0,0.25,0.08333333333333333,0.0,0.9230769230769231
20270012,n12_c65,no_replay,0.48,0.9881656804733727,0.0,0.9230769230769231,0.09615384615384616,0.006750998098122144,1.0,0.25,0.08333333333333333,0.0,0.9230769230769231
20270012,n12_c65,random_replay,0.12,0.6804733727810651,0.8076923076923077,0.9230769230769231,0.07692307692307693,0.0068659877708581556,1.0,0.0,0.08333333333333333,0.0,0.9230769230769231
20270012,n12_c65,random_replay,0.24,0.7396449704142012,0.6923076923076923,0.9230769230769231,0.07692307692307693,0.0068659877708581556,1.0,0.0,0.08333333333333333,0.0,0.9230769230769231
20270012,n12_c65,random_replay,0.48,0.9142011834319528,0.07692307692307693,0.9230769230769231,0.07692307692307693,0.0068659877708581556,1.0,0.0,0.08333333333333333,0.0,0.9230769230769231
20270012,n24_c15,high_energy,0.12,0.6759999999999999,0.62,0.92,0.2,0.010969094286579072,1.0,0.75,0.17708333333333334,0.0,1.0
20270012,n24_c15,high_energy,0.24,0.7807999999999999,0.32,0.92,0.2,0.010969094286579072,1.0,0.75,0.17708333333333334,0.0,1.0
20270012,n24_c15,high_energy,0.48,0.7824,0.32,0.92,0.2,0.010969094286579072,1.0,0.75,0.17708333333333334,0.0,1.0
20270012,n24_c15,low_energy,0.12,0.6712,0.62,0.96,0.16,0.011567168538775242,1.0,0.0,0.16666666666666666,0.0,1.0
20270012,n24_c15,low_energy,0.24,0.7807999999999999,0.32,0.96,0.16,0.011567168538775242,1.0,0.0,0.16666666666666666,0.0,1.0
20270012,n24_c15,low_energy,0.48,0.7824,0.32,0.96,0.16,0.011567168538775242,1.0,0.0,0.16666666666666666,0.0,1.0
20270012,n24_c15,no_replay,0.12,0.7664,0.7,0.96,0.05,0.013049932663961117,1.0,0.0,0.052083333333333336,0.0,1.0
20270012,n24_c15,no_replay,0.24,0.996,0.02,0.96,0.05,0.013049932663961117,1.0,0.0,0.052083333333333336,0.0,1.0
20270012,n24_c15,no_replay,0.48,1.0,0.0,0.96,0.05,0.013049932663961117,1.0,0.0,0.052083333333333336,0.0,1.0
20270012,n24_c15,random_replay,0.12,0.6712,0.62,0.96,0.16,0.011567168538775242,1.0,0.0,0.16666666666666666,0.0,1.0
20270012,n24_c15,random_replay,0.24,0.7807999999999999,0.32,0.96,0.16,0.011567168538775242,1.0,0.0,0.16666666666666666,0.0,1.0
20270012,n24_c15,random_replay,0.48,0.7824,0.32,0.96,0.16,0.011567168538775242,1.0,0.0,0.16666666666666666,0.0,1.0
20270012,n24_c35,high_energy,0.12,0.6304,0.64,0.8,0.05,0.010352196413695607,1.0,0.25,0.041666666666666664,0.0,1.0
20270012,n24_c35,high_energy,0.24,0.7712,0.34,0.8,0.05,0.010352196413695607,1.0,0.25,0.041666666666666664,0.0,1.0
20270012,n24_c35,high_energy,0.48,0.7824,0.32,0.8,0.05,0.010352196413695607,1.0,0.25,0.041666666666666664,0.0,1.0
20270012,n24_c35,low_energy,0.12,0.6168,0.7,0.8,0.04,0.010541208736933991,1.0,0.0,0.041666666666666664,0.0,1.0
20270012,n24_c35,low_energy,0.24,0.7592,0.36,0.8,0.04,0.010541208736933991,1.0,0.0,0.041666666666666664,0.0,1.0
20270012,n24_c35,low_energy,0.48,0.7824,0.32,0.8,0.04,0.010541208736933991,1.0,0.0,0.041666666666666664,0.0,1.0
20270012,n24_c35,no_replay,0.12,0.7144,0.64,0.88,0.04,0.010654579378291656,1.0,0.0,0.041666666666666664,0.0,1.0
20270012,n24_c35,no_replay,0.24,0.9856,0.06,0.88,0.04,0.010654579378291656,1.0,0.0,0.041666666666666664,0.0,1.0
20270012,n24_c35,no_replay,0.48,1.0,0.0,0.88,0.04,0.010654579378291656,1.0,0.0,0.041666666666666664,0.0,1.0
20270012,n24_c35,random_replay,0.12,0.6168,0.7,0.8,0.04,0.010541208736933991,1.0,0.0,0.041666666666666664,0.0,1.0
20270012,n24_c35,random_replay,0.24,0.7592,0.36,0.8,0.04,0.010541208736933991,1.0,0.0,0.041666666666666664,0.0,1.0
20270012,n24_c35,random_replay,0.48,0.7824,0.32,0.8,0.04,0.010541208736933991,1.0,0.0,0.041666666666666664,0.0,1.0
20270012,n24_c65,high_energy,0.12,0.6255999999999999,0.7,0.88,0.04,0.006414975095581226,1.0,0.0,0.041666666666666664,0.0,0.96
20270012,n24_c65,high_energy,0.24,0.7464,0.36,0.88,0.04,0.006414975095581226,1.0,0.0,0.041666666666666664,0.0,0.96
20270012,n24_c65,high_energy,0.48,0.9952,0.02,0.88,0.04,0.006414975095581226,1.0,0.0,0.041666666666666664,0.0,0.96
20270012,n24_c65,low_energy,0.12,0.6136,0.78,0.92,0.04,0.0063613855226426555,1.0,0.0,0.041666666666666664,0.0,0.96
20270012,n24_c65,low_energy,0.24,0.7183999999999999,0.46,0.92,0.04,0.0063613855226426555,1.0,0.0,0.041666666666666664,0.0,0.96
20270012,n24_c65,low_energy,0.48,0.9599999999999999,0.02,0.92,0.04,0.0063613855226426555,1.0,0.0,0.041666666666666664,0.0,0.96
20270012,n24_c65,no_replay,0.12,0.6272000000000001,0.78,0.88,0.04,0.006834560796045349,1.0,0.0,0.041666666666666664,0.0,0.96
20270012,n24_c65,no_replay,0.24,0.8503999999999998,0.32,0.88,0.04,0.006834560796045349,1.0,0.0,0.041666666666666664,0.0,0.96
20270012,n24_c65,no_replay,0.48,0.9607999999999999,0.0,0.88,0.04,0.006834560796045349,1.0,0.0,0.041666666666666664,0.0,0.96
20270012,n24_c65,random_replay,0.12,0.6255999999999999,0.66,0.88,0.04,0.006414975095581226,1.0,0.0,0.041666666666666664,0.0,0.96
20270012,n24_c65,random_replay,0.24,0.7464,0.36,0.88,0.04,0.006414975095581226,1.0,0.0,0.041666666666666664,0.0,0.96
20270012,n24_c65,random_replay,0.48,0.9952,0.02,0.88,0.04,0.006414975095581226,1.0,0.0,0.041666666666666664,0.0,0.96
20270012,n40_c15,high_energy,0.12,0.7052349791790602,0.6829268292682927,0.926829268292683,0.04878048780487805,0.01299238843098299,1.0,0.25,0.04375,0.0,1.0
20270012,n40_c15,high_energy,0.24,0.8408685306365259,0.1951219512195122,0.926829268292683,0.04878048780487805,0.01299238843098299,1.0,0.25,0.04375,0.0,1.0
20270012,n40_c15,high_energy,0.48,0.8429506246281976,0.1951219512195122,0.926829268292683,0.04878048780487805,0.01299238843098299,1.0,0.25,0.04375,0.0,1.0
20270012,n40_c15,low_energy,0.12,0.7046400951814397,0.6829268292682927,0.9024390243902439,0.042682926829268296,0.013132113378485884,1.0,0.0,0.04375,0.0,1.0
20270012,n40_c15,low_energy,0.24,0.8405710886377157,0.1951219512195122,0.9024390243902439,0.042682926829268296,0.013132113378485884,1.0,0.0,0.04375,0.0,1.0
20270012,n40_c15,low_energy,0.48,0.8429506246281976,0.1951219512195122,0.9024390243902439,0.042682926829268296,0.013132113378485884,1.0,0.0,0.04375,0.0,1.0
20270012,n40_c15,no_replay,0.12,0.7676977989292088,0.6097560975609756,0.9024390243902439,0.024390243902439025,0.013262692039558356,1.0,0.0,0.025,0.0,1.0
20270012,n40_c15,no_replay,0.24,0.996133254015467,0.0,0.9024390243902439,0.024390243902439025,0.013262692039558356,1.0,0.0,0.025,0.0,1.0
20270012,n40_c15,no_replay,0.48,1.0,0.0,0.9024390243902439,0.024390243902439025,0.013262692039558356,1.0,0.0,0.025,0.0,1.0
20270012,n40_c15,random_replay,0.12,0.7046400951814397,0.6829268292682927,0.9024390243902439,0.042682926829268296,0.013132113378485884,1.0,0.0,0.04375,0.0,1.0
20270012,n40_c15,random_replay,0.24,0.8405710886377157,0.1951219512195122,0.9024390243902439,0.042682926829268296,0.013132113378485884,1.0,0.0,0.04375,0.0,1.0
20270012,n40_c15,random_replay,0.48,0.8429506246281976,0.1951219512195122,0.9024390243902439,0.042682926829268296,0.013132113378485884,1.0,0.0,0.04375,0.0,1.0
20270012,n40_c35,high_energy,0.12,0.6451516954193932,0.8902439024390244,1.0,0.024390243902439025,0.010474951172939376,1.0,0.0,0.025,0.0,1.0
20270012,n40_c35,high_energy,0.24,0.8298631766805472,0.4146341463414634,1.0,0.024390243902439025,0.010474951172939376,1.0,0.0,0.025,0.0,1.0
20270012,n40_c35,high_energy,0.48,0.8429506246281976,0.1951219512195122,1.0,0.024390243902439025,0.010474951172939376,1.0,0.0,0.025,0.0,1.0
20270012,n40_c35,low_energy,0.12,0.6451516954193932,0.8902439024390244,0.975609756097561,0.024390243902439025,0.010459089904309292,1.0,0.0,0.025,0.0,1.0
20270012,n40_c35,low_energy,0.24,0.8152885187388459,0.4268292682926829,0.975609756097561,0.024390243902439025,0.010459089904309292,1.0,0.0,0.025,0.0,1.0
20270012,n40_c35,low_energy,0.48,0.8426531826293873,0.1951219512195122,0.975609756097561,0.024390243902439025,0.010459089904309292,1.0,0.0,0.025,0.0,1.0
20270012,n40_c35,no_replay,0.12,0.6915526472337894,0.8902439024390244,0.975609756097561,0.024390243902439025,0.010500510534030914,1.0,0.0,0.025,0.0,1.0
20270012,n40_c35,no_replay,0.24,0.9649018441403925,0.3048780487804878,0.975609756097561,0.024390243902439025,0.010500510534030914,1.0,0.0,0.025,0.0,1.0
20270012,n40_c35,no_replay,0.48,1.0,0.0,0.975609756097561,0.024390243902439025,0.010500510534030914,1.0,0.0,0.025,0.0,1.0
20270012,n40_c35,random_replay,0.12,0.6451516954193932,0.8902439024390244,1.0,0.024390243902439025,0.010474951172939376,1.0,0.0,0.025,0.0,1.0
20270012,n40_c35,random_replay,0.24,0.8298631766805472,0.4146341463414634,1.0,0.024390243902439025,0.010474951172939376,1.0,0.0,0.025,0.0,1.0
20270012,n40_c35,random_replay,0.48,0.8429506246281976,0.1951219512195122,1.0,0.024390243902439025,0.010474951172939376,1.0,0.0,0.025,0.0,1.0
20270012,n40_c65,high_energy,0.12,0.6064842355740631,0.9024390243902439,0.9512195121951219,0.024390243902439025,0.006172439652044948,1.0,0.0,0.025,0.0,0.975609756097561
20270012,n40_c65,high_energy,0.24,0.7668054729327781,0.5487804878048781,0.9512195121951219,0.024390243902439025,0.006172439652044948,1.0,0.0,0.025,0.0,0.975609756097561
20270012,n40_c65,high_energy,0.48,0.9946460440214159,0.036585365853658534,0.9512195121951219,0.024390243902439025,0.006172439652044948,1.0,0.0,0.025,0.0,0.975609756097561
20270012,n40_c65,low_energy,0.12,0.6106484235574063,0.9146341463414634,0.975609756097561,0.024390243902439025,0.006130215532569231,1.0,0.0,0.025,0.0,0.975609756097561
20270012,n40_c65,low_energy,0.24,0.7596668649613325,0.5853658536585366,0.975609756097561,0.024390243902439025,0.006130215532569231,1.0,0.0,0.025,0.0,0.975609756097561
20270012,n40_c65,low_energy,0.48,0.9741225461035098,0.024390243902439025,0.975609756097561,0.024390243902439025,0.006130215532569231,1.0,0.0,0.025,0.0,0.975609756097561
20270012,n40_c65,no_replay,0.12,0.6225461035098157,0.9512195121951219,0.975609756097561,0.024390243902439025,0.006427011096865317,1.0,0.0,0.025,0.0,0.975609756097561
20270012,n40_c65,no_replay,0.24,0.8402736466389055,0.5609756097560976,0.975609756097561,0.024390243902439025,0.006427011096865317,1.0,0.0,0.025,0.0,0.975609756097561
20270012,n40_c65,no_replay,0.48,0.9753123140987507,0.012195121951219513,0.975609756097561,0.024390243902439025,0.006427011096865317,1.0,0.0,0.025,0.0,0.975609756097561
20270012,n40_c65,random_replay,0.12,0.6106484235574063,0.9390243902439024,0.975609756097561,0.024390243902439025,0.006130215532569231,1.0,0.0,0.025,0.0,0.975609756097561
20270012,n40_c65,random_replay,0.24,0.7596668649613325,0.5975609756097561,0.975609756097561,0.024390243902439025,0.006130215532569231,1.0,0.0,0.025,0.0,0.975609756097561
20270012,n40_c65,random_replay,0.48,0.9741225461035098,0.036585365853658534,0.975609756097561,0.024390243902439025,0.006130215532569231,1.0,0.0,0.025,0.0,0.975609756097561
20270013,n12_c15,high_energy,0.12,0.7366863905325444,0.8076923076923077,1.0,0.5769230769230769,0.007210818207012821,1.0,0.5,0.5833333333333334,0.0,1.0
20270013,n12_c15,high_energy,0.24,0.7633136094674556,0.6153846153846154,1.0,0.5769230769230769,0.007210818207012821,1.0,0.5,0.5833333333333334,0.0,1.0
20270013,n12_c15,high_energy,0.48,0.7633136094674556,0.6153846153846154,1.0,0.5769230769230769,0.007210818207012821,1.0,0.5,0.5833333333333334,0.0,1.0
20270013,n12_c15,low_energy,0.12,0.7159763313609467,0.8076923076923077,0.9230769230769231,0.6346153846153846,0.005795907167724699,1.0,0.25,0.6666666666666666,0.0,1.0
20270013,n12_c15,low_energy,0.24,0.7603550295857988,0.6153846153846154,0.9230769230769231,0.6346153846153846,0.005795907167724699,1.0,0.25,0.6666666666666666,0.0,1.0
20270013,n12_c15,low_energy,0.48,0.7633136094674556,0.6153846153846154,0.9230769230769231,0.6346153846153846,0.005795907167724699,1.0,0.25,0.6666666666666666,0.0,1.0
20270013,n12_c15,no_replay,0.12,0.7840236686390532,0.6923076923076923,0.9230769230769231,0.5961538461538461,0.006312518894870846,1.0,0.25,0.625,0.0,1.0
20270013,n12_c15,no_replay,0.24,0.9940828402366864,0.038461538461538464,0.9230769230769231,0.5961538461538461,0.006312518894870846,1.0,0.25,0.625,0.0,1.0
20270013,n12_c15,no_replay,0.48,1.0,0.0,0.9230769230769231,0.5961538461538461,0.006312518894870846,1.0,0.25,0.625,0.0,1.0
20270013,n12_c15,random_replay,0.12,0.7366863905325444,0.8076923076923077,1.0,0.5769230769230769,0.007210818207012821,1.0,0.5,0.5833333333333334,0.0,1.0
20270013,n12_c15,random_replay,0.24,0.7633136094674556,0.6153846153846154,1.0,0.5769230769230769,0.007210818207012821,1.0,0.5,0.5833333333333334,0.0,1.0
20270013,n12_c15,random_replay,0.48,0.7633136094674556,0.6153846153846154,1.0,0.5769230769230769,0.007210818207012821,1.0,0.5,0.5833333333333334,0.0,1.0
20270013,n12_c35,high_energy,0.12,0.6952662721893492,0.6923076923076923,0.8461538461538461,0.21153846153846154,0.008832132820799197,1.0,0.5,0.1875,0.0,1.0
20270013,n12_c35,high_energy,0.24,0.7633136094674556,0.6153846153846154,0.8461538461538461,0.21153846153846154,0.008832132820799197,1.0,0.5,0.1875,0.0,1.0
20270013,n12_c35,high_energy,0.48,0.7633136094674556,0.6153846153846154,0.8461538461538461,0.21153846153846154,0.008832132820799197,1.0,0.5,0.1875,0.0,1.0
20270013,n12_c35,low_energy,0.12,0.7189349112426036,0.8076923076923077,0.8461538461538461,0.15384615384615385,0.00972817674777167,1.0,0.0,0.16666666666666666,0.0,1.0
20270013,n12_c35,low_energy,0.24,0.742603550295858,0.6153846153846154,0.8461538461538461,0.15384615384615385,0.00972817674777167,1.0,0.0,0.16666666666666666,0.0,1.0
20270013,n12_c35,low_energy,0.48,0.7633136094674556,0.6153846153846154,0.8461538461538461,0.15384615384615385,0.00972817674777167,1.0,0.0,0.16666666666666666,0.0,1.0
20270013,n12_c35,no_replay,0.12,0.7633136094674556,0.6538461538461539,0.8461538461538461,0.1346153846153846,0.009813234305794945,1.0,0.5,0.10416666666666667,0.0,1.0
20270013,n12_c35,no_replay,0.24,0.985207100591716,0.0,0.8461538461538461,0.1346153846153846,0.009813234305794945,1.0,0.5,0.10416666666666667,0.0,1.0
20270013,n12_c35,no_replay,0.48,1.0,0.0,0.8461538461538461,0.1346153846153846,0.009813234305794945,1.0,0.5,0.10416666666666667,0.0,1.0
20270013,n12_c35,random_replay,0.12,0.7189349112426036,0.7692307692307693,0.8461538461538461,0.15384615384615385,0.00972817674777167,1.0,0.0,0.16666666666666666,0.0,1.0
20270013,n12_c35,random_replay,0.24,0.742603550295858,0.6153846153846154,0.8461538461538461,0.15384615384615385,0.00972817674777167,1.0,0.0,0.16666666666666666,0.0,1.0
20270013,n12_c35,random_replay,0.48,0.7633136094674556,0.6153846153846154,0.8461538461538461,0.15384615384615385,0.00972817674777167,1.0,0.0,0.16666666666666666,0.0,1.0
20270013,n12_c65,high_energy,0.12,0.6124260355029586,0.7307692307692307,0.8461538461538461,0.07692307692307693,0.006924950139875098,1.0,0.0,0.08333333333333333,0.0,1.0
20270013,n12_c65,high_energy,0.24,0.7159763313609468,0.6153846153846154,0.8461538461538461,0.07692307692307693,0.006924950139875098,1.0,0.0,0.08333333333333333,0.0,1.0
20270013,n12_c65,high_energy,0.48,0.9674556213017751,0.11538461538461539,0.8461538461538461,0.07692307692307693,0.006924950139875098,1.0,0.0,0.08333333333333333,0.0,1.0
20270013,n12_c65,low_energy,0.12,0.6331360946745562,0.7692307692307693,0.8461538461538461,0.07692307692307693,0.006884497854722915,1.0,0.0,0.08333333333333333,0.0,0.9230769230769231
20270013,n12_c65,low_energy,0.24,0.7307692307692308,0.6538461538461539,0.8461538461538461,0.07692307692307693,0.006884497854722915,1.0,0.0,0.08333333333333333,0.0,0.9230769230769231
20270013,n12_c65,low_energy,0.48,0.9023668639053255,0.15384615384615385,0.8461538461538461,0.07692307692307693,0.006884497854722915,1.0,0.0,0.08333333333333333,0.0,0.9230769230769231
20270013,n12_c65,no_replay,0.12,0.6301775147928994,0.5769230769230769,0.8461538461538461,0.07692307692307693,0.0074806620917612565,1.0,0.0,0.08333333333333333,0.0,0.9230769230769231
20270013,n12_c65,no_replay,0.24,0.8224852071005917,0.3076923076923077,0.8461538461538461,0.07692307692307693,0.0074806620917612565,1.0,0.0,0.08333333333333333,0.0,0.9230769230769231
20270013,n12_c65,no_replay,0.48,0.9911242603550295,0.0,0.8461538461538461,0.07692307692307693,0.0074806620917612565,1.0,0.0,0.08333333333333333,0.0,0.9230769230769231
20270013,n12_c65,random_replay,0.12,0.6124260355029586,0.7307692307692307,0.8461538461538461,0.07692307692307693,0.006924950139875098,1.0,0.0,0.08333333333333333,0.0,1.0
20270013,n12_c65,random_replay,0.24,0.7159763313609468,0.6153846153846154,0.8461538461538461,0.07692307692307693,0.006924950139875098,1.0,0.0,0.08333333333333333,0.0,1.0
20270013,n12_c65,random_replay,0.48,0.9674556213017751,0.11538461538461539,0.8461538461538461,0.07692307692307693,0.006924950139875098,1.0,0.0,0.08333333333333333,0.0,1.0
20270013,n24_c15,high_energy,0.12,0.6408,0.62,0.76,0.22,0.01088681393889828,1.0,0.5,0.20833333333333334,0.0,1.0
20270013,n24_c15,high_energy,0.24,0.772,0.34,0.76,0.22,0.01088681393889828,1.0,0.5,0.20833333333333334,0.0,1.0
20270013,n24_c15,high_energy,0.48,0.7824,0.32,0.76,0.22,0.01088681393889828,1.0,0.5,0.20833333333333334,0.0,1.0
20270013,n24_c15,low_energy,0.12,0.6464,0.6,0.8,0.18,0.011452592690827561,1.0,0.0,0.1875,0.0,1.0
20270013,n24_c15,low_energy,0.24,0.7712,0.34,0.8,0.18,0.011452592690827561,1.0,0.0,0.1875,0.0,1.0
20270013,n24_c15,low_energy,0.48,0.7824,0.32,0.8,0.18,0.011452592690827561,1.0,0.0,0.1875,0.0,1.0
20270013,n24_c15,no_replay,0.12,0.7128,0.54,0.88,0.04,0.013158781425419082,1.0,0.0,0.041666666666666664,0.0,1.0
20270013,n24_c15,no_replay,0.24,0.9767999999999999,0.02,0.88,0.04,0.013158781425419082,1.0,0.0,0.041666666666666664,0.0,1.0
20270013,n24_c15,no_replay,0.48,1.0,0.0,0.88,0.04,0.013158781425419082,1.0,0.0,0.041666666666666664,0.0,1.0
20270013,n24_c15,random_replay,0.12,0.6408,0.64,0.8,0.22,0.01088681393889828,1.0,0.5,0.20833333333333334,0.0,1.0
20270013,n24_c15,random_replay,0.24,0.772,0.34,0.8,0.22,0.01088681393889828,1.0,0.5,0.20833333333333334,0.0,1.0
20270013,n24_c15,random_replay,0.48,0.7824,0.32,0.8,0.22,0.01088681393889828,1.0,0.5,0.20833333333333334,0.0,1.0
20270013,n24_c35,high_energy,0.12,0.664,0.76,1.0,0.04,0.010494125222388578,1.0,0.0,0.041666666666666664,0.0,1.0
20270013,n24_c35,high_energy,0.24,0.7792,0.38,1.0,0.04,0.010494125222388578,1.0,0.0,0.041666666666666664,0.0,1.0
20270013,n24_c35,high_energy,0.48,0.7824,0.32,1.0,0.04,0.010494125222388578,1.0,0.0,0.041666666666666664,0.0,1.0
20270013,n24_c35,low_energy,0.12,0.6624,0.84,0.96,0.04,0.010480194844317755,1.0,0.0,0.041666666666666664,0.0,1.0
20270013,n24_c35,low_energy,0.24,0.7552,0.4,0.96,0.04,0.010480194844317755,1.0,0.0,0.041666666666666664,0.0,1.0
20270013,n24_c35,low_energy,0.48,0.7824,0.32,0.96,0.04,0.010480194844317755,1.0,0.0,0.041666666666666664,0.0,1.0
20270013,n24_c35,no_replay,0.12,0.7496,0.92,0.96,0.04,0.010489269302204727,1.0,0.0,0.041666666666666664,0.0,1.0
20270013,n24_c35,no_replay,0.24,0.9655999999999999,0.08,0.96,0.04,0.010489269302204727,1.0,0.0,0.041666666666666664,0.0,1.0
20270013,n24_c35,no_replay,0.48,1.0,0.0,0.96,0.04,0.010489269302204727,1.0,0.0,0.041666666666666664,0.0,1.0
20270013,n24_c35,random_replay,0.12,0.6624,0.84,0.96,0.04,0.010480194844317755,1.0,0.0,0.041666666666666664,0.0,1.0
20270013,n24_c35,random_replay,0.24,0.7552,0.4,0.96,0.04,0.010480194844317755,1.0,0.0,0.041666666666666664,0.0,1.0
20270013,n24_c35,random_replay,0.48,0.7824,0.32,0.96,0.04,0.010480194844317755,1.0,0.0,0.041666666666666664,0.0,1.0
20270013,n24_c65,high_energy,0.12,0.5952,0.64,0.8,0.05,0.006248709105877246,1.0,0.25,0.041666666666666664,0.0,0.96
20270013,n24_c65,high_energy,0.24,0.7416,0.38,0.8,0.05,0.006248709105877246,1.0,0.25,0.041666666666666664,0.0,0.96
20270013,n24_c65,high_energy,0.48,0.996,0.0,0.8,0.05,0.006248709105877246,1.0,0.25,0.041666666666666664,0.0,0.96
20270013,n24_c65,low_energy,0.12,0.5824,0.7,0.84,0.04,0.006462960770434679,1.0,0.0,0.041666666666666664,0.0,0.96
20270013,n24_c65,low_energy,0.24,0.7112,0.46,0.84,0.04,0.006462960770434679,1.0,0.0,0.041666666666666664,0.0,0.96
20270013,n24_c65,low_energy,0.48,0.9591999999999999,0.0,0.84,0.04,0.006462960770434679,1.0,0.0,0.041666666666666664,0.0,0.96
20270013,n24_c65,no_replay,0.12,0.6048,0.7,0.8,0.04,0.007022235839137661,1.0,0.0,0.041666666666666664,0.0,0.96
20270013,n24_c65,no_replay,0.24,0.812,0.26,0.8,0.04,0.007022235839137661,1.0,0.0,0.041666666666666664,0.0,0.96
20270013,n24_c65,no_replay,0.48,0.9648,0.0,0.8,0.04,0.007022235839137661,1.0,0.0,0.041666666666666664,0.0,0.96
20270013,n24_c65,random_replay,0.12,0.5952,0.58,0.68,0.05,0.006248709105877246,1.0,0.25,0.041666666666666664,0.0,0.96
20270013,n24_c65,random_replay,0.24,0.7416,0.36,0.68,0.05,0.006248709105877246,1.0,0.25,0.041666666666666664,0.0,0.96
20270013,n24_c65,random_replay,0.48,0.996,0.0,0.68,0.05,0.006248709105877246,1.0,0.25,0.041666666666666664,0.0,0.96
20270013,n40_c15,high_energy,0.12,0.7117787031528852,0.6585365853658537,0.975609756097561,0.04878048780487805,0.013032364997380575,1.0,0.0,0.05,0.0,1.0
20270013,n40_c15,high_energy,0.24,0.8405710886377157,0.2073170731707317,0.975609756097561,0.04878048780487805,0.013032364997380575,1.0,0.0,0.05,0.0,1.0
20270013,n40_c15,high_energy,0.48,0.8429506246281976,0.1951219512195122,0.975609756097561,0.04878048780487805,0.013032364997380575,1.0,0.0,0.05,0.0,1.0
20270013,n40_c15,low_energy,0.12,0.7144556811421773,0.6585365853658537,0.975609756097561,0.042682926829268296,0.013104885705603564,1.0,0.0,0.04375,0.0,1.0
20270013,n40_c15,low_energy,0.24,0.8408685306365259,0.2073170731707317,0.975609756097561,0.042682926829268296,0.013104885705603564,1.0,0.0,0.04375,0.0,1.0
20270013,n40_c15,low_energy,0.48,0.8429506246281976,0.1951219512195122,0.975609756097561,0.042682926829268296,0.013104885705603564,1.0,0.0,0.04375,0.0,1.0
20270013,n40_c15,no_replay,0.12,0.8004164187983343,0.6219512195121951,0.975609756097561,0.024390243902439025,0.013229505730158991,1.0,0.0,0.025,0.0,1.0
20270013,n40_c15,no_replay,0.24,0.9976204640095181,0.012195121951219513,0.975609756097561,0.024390243902439025,0.013229505730158991,1.0,0.0,0.025,0.0,1.0
20270013,n40_c15,no_replay,0.48,1.0,0.0,0.975609756097561,0.024390243902439025,0.013229505730158991,1.0,0.0,0.025,0.0,1.0
20270013,n40_c15,random_replay,0.12,0.7117787031528852,0.6707317073170732,0.975609756097561,0.04878048780487805,0.013032364997380575,1.0,0.0,0.05,0.0,1.0
20270013,n40_c15,random_replay,0.24,0.8405710886377157,0.2073170731707317,0.975609756097561,0.04878048780487805,0.013032364997380575,1.0,0.0,0.05,0.0,1.0
20270013,n40_c15,random_replay,0.48,0.8429506246281976,0.1951219512195122,0.975609756097561,0.04878048780487805,0.013032364997380575,1.0,0.0,0.05,0.0,1.0
20270013,n40_c35,high_energy,0.12,0.6650803093396789,0.8292682926829268,0.926829268292683,0.024390243902439025,0.010517518954602909,1.0,0.0,0.025,0.0,1.0
20270013,n40_c35,high_energy,0.24,0.8277810826888756,0.25609756097560976,0.926829268292683,0.024390243902439025,0.010517518954602909,1.0,0.0,0.025,0.0,1.0
20270013,n40_c35,high_energy,0.48,0.843545508625818,0.1951219512195122,0.926829268292683,0.024390243902439025,0.010517518954602909,1.0,0.0,0.025,0.0,1.0
20270013,n40_c35,low_energy,0.12,0.6600237953599049,0.8536585365853658,0.9512195121951219,0.024390243902439025,0.01049716942328021,1.0,0.0,0.025,0.0,1.0
20270013,n40_c35,low_energy,0.24,0.8108268887566923,0.2682926829268293,0.9512195121951219,0.024390243902439025,0.01049716942328021,1.0,0.0,0.025,0.0,1.0
20270013,n40_c35,low_energy,0.48,0.8429506246281976,0.1951219512195122,0.9512195121951219,0.024390243902439025,0.01049716942328021,1.0,0.0,0.025,0.0,1.0
20270013,n40_c35,no_replay,0.12,0.7215942891136229,0.8536585365853658,0.9512195121951219,0.024390243902439025,0.01056694384369257,1.0,0.0,0.025,0.0,1.0
20270013,n40_c35,no_replay,0.24,0.9574657941701367,0.15853658536585366,0.9512195121951219,0.024390243902439025,0.01056694384369257,1.0,0.0,0.025,0.0,1.0
20270013,n40_c35,no_replay,0.48,1.0,0.0,0.9512195121951219,0.024390243902439025,0.01056694384369257,1.0,0.0,0.025,0.0,1.0
20270013,n40_c35,random_replay,0.12,0.6600237953599049,0.8658536585365854,0.9512195121951219,0.024390243902439025,0.01049716942328021,1.0,0.0,0.025,0.0,1.0
20270013,n40_c35,random_replay,0.24,0.8108268887566923,0.2682926829268293,0.9512195121951219,0.024390243902439025,0.01049716942328021,1.0,0.0,0.025,0.0,1.0
20270013,n40_c35,random_replay,0.48,0.8429506246281976,0.1951219512195122,0.9512195121951219,0.024390243902439025,0.01049716942328021,1.0,0.0,0.025,0.0,1.0
20270013,n40_c65,high_energy,0.12,0.5856632956573469,0.8658536585365854,0.9024390243902439,0.024390243902439025,0.006252513878432847,1.0,0.0,0.025,0.0,0.975609756097561
20270013,n40_c65,high_energy,0.24,0.7436049970255799,0.43902439024390244,0.9024390243902439,0.024390243902439025,0.006252513878432847,1.0,0.0,0.025,0.0,0.975609756097561
20270013,n40_c65,high_energy,0.48,0.9907792980368828,0.036585365853658534,0.9024390243902439,0.024390243902439025,0.006252513878432847,1.0,0.0,0.025,0.0,0.975609756097561
20270013,n40_c65,low_energy,0.12,0.5868530636525877,0.8536585365853658,0.9024390243902439,0.024390243902439025,0.006245132318811365,1.0,0.0,0.025,0.0,0.975609756097561
20270013,n40_c65,low_energy,0.24,0.7328970850684117,0.43902439024390244,0.9024390243902439,0.024390243902439025,0.006245132318811365,1.0,0.0,0.025,0.0,0.975609756097561
20270013,n40_c65,low_energy,0.48,0.9699583581201665,0.024390243902439025,0.9024390243902439,0.024390243902439025,0.006245132318811365,1.0,0.0,0.025,0.0,0.975609756097561
20270013,n40_c65,no_replay,0.12,0.5966686496133254,0.9024390243902439,0.9512195121951219,0.024390243902439025,0.006574535903687781,1.0,0.0,0.025,0.0,0.975609756097561
20270013,n40_c65,no_replay,0.24,0.800118976799524,0.4268292682926829,0.9512195121951219,0.024390243902439025,0.006574535903687781,1.0,0.0,0.025,0.0,0.975609756097561
20270013,n40_c65,no_replay,0.48,0.9672813801308745,0.024390243902439025,0.9512195121951219,0.024390243902439025,0.006574535903687781,1.0,0.0,0.025,0.0,0.975609756097561
20270013,n40_c65,random_replay,0.12,0.5868530636525877,0.8780487804878049,0.9512195121951219,0.024390243902439025,0.006245132318811365,1.0,0.0,0.025,0.0,0.975609756097561
20270013,n40_c65,random_replay,0.24,0.7328970850684117,0.5,0.9512195121951219,0.024390243902439025,0.006245132318811365,1.0,0.0,0.025,0.0,0.975609756097561
20270013,n40_c65,random_replay,0.48,0.9699583581201665,0.036585365853658534,0.9512195121951219,0.024390243902439025,0.006245132318811365,1.0,0.0,0.025,0.0,0.975609756097561
20270014,n12_c15,high_energy,0.12,0.7307692307692308,0.7307692307692307,0.9230769230769231,0.5769230769230769,0.01139017660378701,1.0,0.5,0.5833333333333334,0.0,1.0
20270014,n12_c15,high_energy,0.24,0.7633136094674556,0.6153846153846154,0.9230769230769231,0.5769230769230769,0.01139017660378701,1.0,0.5,0.5833333333333334,0.0,1.0
20270014,n12_c15,high_energy,0.48,0.7633136094674556,0.6153846153846154,0.9230769230769231,0.5769230769230769,0.01139017660378701,1.0,0.5,0.5833333333333334,0.0,1.0
20270014,n12_c15,low_energy,0.12,0.7396449704142012,0.7307692307692307,0.8461538461538461,0.5961538461538461,0.006399082241652443,1.0,0.0,0.6458333333333334,0.0,1.0
20270014,n12_c15,low_energy,0.24,0.7633136094674556,0.6153846153846154,0.8461538461538461,0.5961538461538461,0.006399082241652443,1.0,0.0,0.6458333333333334,0.0,1.0
20270014,n12_c15,low_energy,0.48,0.7633136094674556,0.6153846153846154,0.8461538461538461,0.5961538461538461,0.006399082241652443,1.0,0.0,0.6458333333333334,0.0,1.0
20270014,n12_c15,no_replay,0.12,0.8106508875739645,0.5769230769230769,1.0,0.5,0.007378805381121859,1.0,0.25,0.5208333333333334,0.0,1.0
20270014,n12_c15,no_replay,0.24,1.0,0.0,1.0,0.5,0.007378805381121859,1.0,0.25,0.5208333333333334,0.0,1.0
20270014,n12_c15,no_replay,0.48,1.0,0.0,1.0,0.5,0.007378805381121859,1.0,0.25,0.5208333333333334,0.0,1.0
20270014,n12_c15,random_replay,0.12,0.7307692307692308,0.7307692307692307,0.9230769230769231,0.5769230769230769,0.01139017660378701,1.0,0.5,0.5833333333333334,0.0,1.0
20270014,n12_c15,random_replay,0.24,0.7633136094674556,0.6153846153846154,0.9230769230769231,0.5769230769230769,0.01139017660378701,1.0,0.5,0.5833333333333334,0.0,1.0
20270014,n12_c15,random_replay,0.48,0.7633136094674556,0.6153846153846154,0.9230769230769231,0.5769230769230769,0.01139017660378701,1.0,0.5,0.5833333333333334,0.0,1.0
20270014,n12_c35,high_energy,0.12,0.7041420118343196,0.8076923076923077,0.9230769230769231,0.21153846153846154,0.008482462822956014,1.0,0.5,0.1875,0.0,1.0
20270014,n12_c35,high_energy,0.24,0.7544378698224852,0.6538461538461539,0.9230769230769231,0.21153846153846154,0.008482462822956014,1.0,0.5,0.1875,0.0,1.0
20270014,n12_c35,high_energy,0.48,0.7633136094674556,0.6153846153846154,0.9230769230769231,0.21153846153846154,0.008482462822956014,1.0,0.5,0.1875,0.0,1.0
20270014,n12_c35,low_energy,0.12,0.7100591715976331,0.7692307692307693,0.8461538461538461,0.11538461538461539,0.009893135291211283,1.0,0.0,0.125,0.0,1.0
20270014,n12_c35,low_energy,0.24,0.7514792899408285,0.6538461538461539,0.8461538461538461,0.11538461538461539,0.009893135291211283,1.0,0.0,0.125,0.0,1.0
20270014,n12_c35,low_energy,0.48,0.7633136094674556,0.6153846153846154,0.8461538461538461,0.11538461538461539,0.009893135291211283,1.0,0.0,0.125,0.0,1.0
20270014,n12_c35,no_replay,0.12,0.7100591715976331,0.46153846153846156,0.8461538461538461,0.09615384615384616,0.010211324326423087,1.0,0.25,0.08333333333333333,0.0,1.0
20270014,n12_c35,no_replay,0.24,0.9615384615384616,0.07692307692307693,0.8461538461538461,0.09615384615384616,0.010211324326423087,1.0,0.25,0.08333333333333333,0.0,1.0
20270014,n12_c35,no_replay,0.48,1.0,0.0,0.8461538461538461,0.09615384615384616,0.010211324326423087,1.0,0.25,0.08333333333333333,0.0,1.0
20270014,n12_c35,random_replay,0.12,0.7041420118343196,0.8076923076923077,0.9230769230769231,0.21153846153846154,0.008482462822956014,1.0,0.5,0.1875,0.0,1.0
20270014,n12_c35,random_replay,0.24,0.7544378698224852,0.6538461538461539,0.9230769230769231,0.21153846153846154,0.008482462822956014,1.0,0.5,0.1875,0.0,1.0
20270014,n12_c35,random_replay,0.48,0.7633136094674556,0.6153846153846154,0.9230769230769231,0.21153846153846154,0.008482462822956014,1.0,0.5,0.1875,0.0,1.0
20270014,n12_c65,high_energy,0.12,0.6893491124260355,0.9230769230769231,1.0,0.11538461538461539,0.005839698006296365,1.0,0.5,0.08333333333333333,0.0,1.0
20270014,n12_c65,high_energy,0.24,0.742603550295858,0.6153846153846154,1.0,0.11538461538461539,0.005839698006296365,1.0,0.5,0.08333333333333333,0.0,1.0
20270014,n12_c65,high_energy,0.48,0.9970414201183432,0.038461538461538464,1.0,0.11538461538461539,0.005839698006296365,1.0,0.5,0.08333333333333333,0.0,1.0
20270014,n12_c65,low_energy,0.12,0.7218934911242605,0.9230769230769231,0.9230769230769231,0.07692307692307693,0.006796335273875972,1.0,0.0,0.08333333333333333,0.0,0.9230769230769231
20270014,n12_c65,low_energy,0.24,0.7396449704142012,0.6153846153846154,0.9230769230769231,0.07692307692307693,0.006796335273875972,1.0,0.0,0.08333333333333333,0.0,0.9230769230769231
20270014,n12_c65,low_energy,0.48,0.9289940828402368,0.11538461538461539,0.9230769230769231,0.07692307692307693,0.006796335273875972,1.0,0.0,0.08333333333333333,0.0,0.9230769230769231
20270014,n12_c65,no_replay,0.12,0.6893491124260356,0.9230769230769231,0.9230769230769231,0.09615384615384616,0.006633111515819024,1.0,0.25,0.08333333333333333,0.0,0.9230769230769231
20270014,n12_c65,no_replay,0.24,0.9201183431952663,0.6153846153846154,0.9230769230769231,0.09615384615384616,0.006633111515819024,1.0,0.25,0.08333333333333333,0.0,0.9230769230769231
20270014,n12_c65,no_replay,0.48,0.9911242603550295,0.0,0.9230769230769231,0.09615384615384616,0.006633111515819024,1.0,0.25,0.08333333333333333,0.0,0.9230769230769231
20270014,n12_c65,random_replay,0.12,0.6893491124260355,0.9230769230769231,1.0,0.11538461538461539,0.005839698006296365,1.0,0.5,0.08333333333333333,0.0,1.0
20270014,n12_c65,random_replay,0.24,0.742603550295858,0.6153846153846154,1.0,0.11538461538461539,0.005839698006296365,1.0,0.5,0.08333333333333333,0.0,1.0
20270014,n12_c65,random_replay,0.48,0.9970414201183432,0.038461538461538464,1.0,0.11538461538461539,0.005839698006296365,1.0,0.5,0.08333333333333333,0.0,1.0
20270014,n24_c15,high_energy,0.12,0.668,0.68,0.92,0.2,0.011198038128301044,1.0,0.25,0.19791666666666666,0.0,1.0
20270014,n24_c15,high_energy,0.24,0.7792,0.34,0.92,0.2,0.011198038128301044,1.0,0.25,0.19791666666666666,0.0,1.0
20270014,n24_c15,high_energy,0.48,0.7824,0.32,0.92,0.2,0.011198038128301044,1.0,0.25,0.19791666666666666,0.0,1.0
20270014,n24_c15,low_energy,0.12,0.6688,0.8,0.92,0.2,0.011313233624208252,1.0,0.0,0.20833333333333334,0.0,1.0
20270014,n24_c15,low_energy,0.24,0.7792,0.34,0.92,0.2,0.011313233624208252,1.0,0.0,0.20833333333333334,0.0,1.0
20270014,n24_c15,low_energy,0.48,0.7824,0.32,0.92,0.2,0.011313233624208252,1.0,0.0,0.20833333333333334,0.0,1.0
20270014,n24_c15,no_replay,0.12,0.7248,0.72,0.92,0.04,0.013172440988671643,1.0,0.0,0.041666666666666664,0.0,1.0
20270014,n24_c15,no_replay,0.24,0.984,0.06,0.92,0.04,0.013172440988671643,1.0,0.0,0.041666666666666664,0.0,1.0
20270014,n24_c15,no_replay,0.48,1.0,0.0,0.92,0.04,0.013172440988671643,1.0,0.0,0.041666666666666664,0.0,1.0
20270014,n24_c15,random_replay,0.12,0.668,0.74,0.92,0.2,0.011198038128301042,1.0,0.25,0.19791666666666666,0.0,1.0
20270014,n24_c15,random_replay,0.24,0.7792,0.34,0.92,0.2,0.011198038128301042,1.0,0.25,0.19791666666666666,0.0,1.0
20270014,n24_c15,random_replay,0.48,0.7824,0.32,0.92,0.2,0.011198038128301042,1.0,0.25,0.19791666666666666,0.0,1.0
20270014,n24_c35,high_energy,0.12,0.6544,0.66,0.84,0.05,0.010332875110025428,1.0,0.25,0.041666666666666664,0.0,1.0
20270014,n24_c35,high_energy,0.24,0.7736000000000001,0.32,0.84,0.05,0.010332875110025428,1.0,0.25,0.041666666666666664,0.0,1.0
20270014,n24_c35,high_energy,0.48,0.7824,0.32,0.84,0.05,0.010332875110025428,1.0,0.25,0.041666666666666664,0.0,1.0
20270014,n24_c35,low_energy,0.12,0.644,0.7,0.84,0.04,0.010530793649121146,1.0,0.0,0.041666666666666664,0.0,1.0
20270014,n24_c35,low_energy,0.24,0.7535999999999999,0.32,0.84,0.04,0.010530793649121146,1.0,0.0,0.041666666666666664,0.0,1.0
20270014,n24_c35,low_energy,0.48,0.7824,0.32,0.84,0.04,0.010530793649121146,1.0,0.0,0.041666666666666664,0.0,1.0
20270014,n24_c35,no_replay,0.12,0.744,0.62,0.88,0.04,0.010706388670883062,1.0,0.0,0.041666666666666664,0.0,1.0
20270014,n24_c35,no_replay,0.24,0.9752,0.0,0.88,0.04,0.010706388670883062,1.0,0.0,0.041666666666666664,0.0,1.0
20270014,n24_c35,no_replay,0.48,1.0,0.0,0.88,0.04,0.010706388670883062,1.0,0.0,0.041666666666666664,0.0,1.0
20270014,n24_c35,random_replay,0.12,0.644,0.7,0.84,0.04,0.010530793649121146,1.0,0.0,0.041666666666666664,0.0,1.0
20270014,n24_c35,random_replay,0.24,0.7535999999999999,0.32,0.84,0.04,0.010530793649121146,1.0,0.0,0.041666666666666664,0.0,1.0
20270014,n24_c35,random_replay,0.48,0.7824,0.32,0.84,0.04,0.010530793649121146,1.0,0.0,0.041666666666666664,0.0,1.0
20270014,n24_c65,high_energy,0.12,0.612,0.58,0.72,0.05,0.006240044490375892,1.0,0.25,0.041666666666666664,0.0,1.0
20270014,n24_c65,high_energy,0.24,0.748,0.36,0.72,0.05,0.006240044490375892,1.0,0.25,0.041666666666666664,0.0,1.0
20270014,n24_c65,high_energy,0.48,0.9872,0.02,0.72,0.05,0.006240044490375892,1.0,0.25,0.041666666666666664,0.0,1.0
20270014,n24_c65,low_energy,0.12,0.6032,0.66,0.76,0.04,0.006455246137427209,1.0,0.0,0.041666666666666664,0.0,0.96
20270014,n24_c65,low_energy,0.24,0.7103999999999999,0.4,0.76,0.04,0.006455246137427209,1.0,0.0,0.041666666666666664,0.0,0.96
20270014,n24_c65,low_energy,0.48,0.952,0.04,0.76,0.04,0.006455246137427209,1.0,0.0,0.041666666666666664,0.0,0.96
20270014,n24_c65,no_replay,0.12,0.6135999999999999,0.5,0.72,0.04,0.007111127121428889,1.0,0.0,0.041666666666666664,0.0,0.96
20270014,n24_c65,no_replay,0.24,0.8048000000000001,0.24,0.72,0.04,0.007111127121428889,1.0,0.0,0.041666666666666664,0.0,0.96
20270014,n24_c65,no_replay,0.48,0.9735999999999999,0.0,0.72,0.04,0.007111127121428889,1.0,0.0,0.041666666666666664,0.0,0.96
20270014,n24_c65,random_replay,0.12,0.6032,0.66,0.8,0.04,0.006455246137427209,1.0,0.0,0.041666666666666664,0.0,0.96
20270014,n24_c65,random_replay,0.24,0.7103999999999999,0.4,0.8,0.04,0.006455246137427209,1.0,0.0,0.041666666666666664,0.0,0.96
20270014,n24_c65,random_replay,0.48,0.952,0.04,0.8,0.04,0.006455246137427209,1.0,0.0,0.041666666666666664,0.0,0.96
20270014,n40_c15,high_energy,0.12,0.6632956573468174,0.6097560975609756,0.8536585365853658,0.03048780487804878,0.013302478267563802,1.0,0.25,0.025,0.0,1.0
20270014,n40_c15,high_energy,0.24,0.8236168947055323,0.24390243902439024,0.8536585365853658,0.03048780487804878,0.013302478267563802,1.0,0.25,0.025,0.0,1.0
20270014,n40_c15,high_energy,0.48,0.8429506246281976,0.1951219512195122,0.8536585365853658,0.03048780487804878,0.013302478267563802,1.0,0.25,0.025,0.0,1.0
20270014,n40_c15,low_energy,0.12,0.6638905413444379,0.6219512195121951,0.8536585365853658,0.03048780487804878,0.013343486154796703,1.0,0.0,0.03125,0.0,1.0
20270014,n40_c15,low_energy,0.24,0.8239143367043426,0.24390243902439024,0.8536585365853658,0.03048780487804878,0.013343486154796703,1.0,0.0,0.03125,0.0,1.0
20270014,n40_c15,low_energy,0.48,0.8429506246281976,0.1951219512195122,0.8536585365853658,0.03048780487804878,0.013343486154796703,1.0,0.0,0.03125,0.0,1.0
20270014,n40_c15,no_replay,0.12,0.7227840571088637,0.6219512195121951,0.8536585365853658,0.024390243902439025,0.013319935155608354,1.0,0.0,0.025,0.0,1.0
20270014,n40_c15,no_replay,0.24,0.9750148720999405,0.06097560975609756,0.8536585365853658,0.024390243902439025,0.013319935155608354,1.0,0.0,0.025,0.0,1.0
20270014,n40_c15,no_replay,0.48,1.0,0.0,0.8536585365853658,0.024390243902439025,0.013319935155608354,1.0,0.0,0.025,0.0,1.0
20270014,n40_c15,random_replay,0.12,0.6638905413444379,0.6219512195121951,0.8536585365853658,0.03048780487804878,0.013343486154796703,1.0,0.0,0.03125,0.0,1.0
20270014,n40_c15,random_replay,0.24,0.8239143367043426,0.24390243902439024,0.8536585365853658,0.03048780487804878,0.013343486154796703,1.0,0.0,0.03125,0.0,1.0
20270014,n40_c15,random_replay,0.48,0.8429506246281976,0.1951219512195122,0.8536585365853658,0.03048780487804878,0.013343486154796703,1.0,0.0,0.03125,0.0,1.0
20270014,n40_c35,high_energy,0.12,0.6347412254610351,0.6097560975609756,0.8780487804878049,0.024390243902439025,0.010498848359592814,1.0,0.0,0.025,0.0,1.0
20270014,n40_c35,high_energy,0.24,0.8167757287328972,0.23170731707317074,0.8780487804878049,0.024390243902439025,0.010498848359592814,1.0,0.0,0.025,0.0,1.0
20270014,n40_c35,high_energy,0.48,0.8429506246281976,0.1951219512195122,0.8780487804878049,0.024390243902439025,0.010498848359592814,1.0,0.0,0.025,0.0,1.0
20270014,n40_c35,low_energy,0.12,0.6293872694824509,0.6463414634146342,0.8536585365853658,0.024390243902439025,0.010488192470720257,1.0,0.0,0.025,0.0,1.0
20270014,n40_c35,low_energy,0.24,0.8001189767995242,0.23170731707317074,0.8536585365853658,0.024390243902439025,0.010488192470720257,1.0,0.0,0.025,0.0,1.0
20270014,n40_c35,low_energy,0.48,0.8429506246281976,0.1951219512195122,0.8536585365853658,0.024390243902439025,0.010488192470720257,1.0,0.0,0.025,0.0,1.0
20270014,n40_c35,no_replay,0.12,0.7070196311719215,0.6585365853658537,0.8780487804878049,0.024390243902439025,0.010659071326274413,1.0,0.0,0.025,0.0,1.0
20270014,n40_c35,no_replay,0.24,0.9604402141582392,0.08536585365853659,0.8780487804878049,0.024390243902439025,0.010659071326274413,1.0,0.0,0.025,0.0,1.0
20270014,n40_c35,no_replay,0.48,1.0,0.0,0.8780487804878049,0.024390243902439025,0.010659071326274413,1.0,0.0,0.025,0.0,1.0
20270014,n40_c35,random_replay,0.12,0.6293872694824509,0.6463414634146342,0.8536585365853658,0.024390243902439025,0.010488192470720257,1.0,0.0,0.025,0.0,1.0
20270014,n40_c35,random_replay,0.24,0.8001189767995242,0.23170731707317074,0.8536585365853658,0.024390243902439025,0.010488192470720257,1.0,0.0,0.025,0.0,1.0
20270014,n40_c35,random_replay,0.48,0.8429506246281976,0.1951219512195122,0.8536585365853658,0.024390243902439025,0.010488192470720257,1.0,0.0,0.025,0.0,1.0
20270014,n40_c65,high_energy,0.12,0.5996430696014278,0.8414634146341463,0.9024390243902439,0.024390243902439025,0.006250938143082914,1.0,0.0,0.025,0.0,0.975609756097561
20270014,n40_c65,high_energy,0.24,0.7632361689470554,0.524390243902439,0.9024390243902439,0.024390243902439025,0.006250938143082914,1.0,0.0,0.025,0.0,0.975609756097561
20270014,n40_c65,high_energy,0.48,0.9931588340273647,0.036585365853658534,0.9024390243902439,0.024390243902439025,0.006250938143082914,1.0,0.0,0.025,0.0,0.975609756097561
20270014,n40_c65,low_energy,0.12,0.5990481856038073,0.8536585365853658,0.9024390243902439,0.024390243902439025,0.006215391553221519,1.0,0.0,0.025,0.0,0.975609756097561
20270014,n40_c65,low_energy,0.24,0.7522308149910767,0.524390243902439,0.9024390243902439,0.024390243902439025,0.006215391553221519,1.0,0.0,0.025,0.0,0.975609756097561
20270014,n40_c65,low_energy,0.48,0.9720404521118381,0.036585365853658534,0.9024390243902439,0.024390243902439025,0.006215391553221519,1.0,0.0,0.025,0.0,0.975609756097561
20270014,n40_c65,no_replay,0.12,0.61540749553837,0.9146341463414634,0.926829268292683,0.024390243902439025,0.006479022918679609,1.0,0.0,0.025,0.0,0.975609756097561
20270014,n40_c65,no_replay,0.24,0.8236168947055325,0.5853658536585366,0.926829268292683,0.024390243902439025,0.006479022918679609,1.0,0.0,0.025,0.0,0.975609756097561
20270014,n40_c65,no_replay,0.48,0.9759071980963713,0.0,0.926829268292683,0.024390243902439025,0.006479022918679609,1.0,0.0,0.025,0.0,0.975609756097561
20270014,n40_c65,random_replay,0.12,0.5990481856038073,0.8902439024390244,0.926829268292683,0.024390243902439025,0.006215391553221519,1.0,0.0,0.025,0.0,0.975609756097561
20270014,n40_c65,random_replay,0.24,0.7522308149910767,0.5609756097560976,0.926829268292683,0.024390243902439025,0.006215391553221519,1.0,0.0,0.025,0.0,0.975609756097561
20270014,n40_c65,random_replay,0.48,0.9720404521118381,0.036585365853658534,0.926829268292683,0.024390243902439025,0.006215391553221519,1.0,0.0,0.025,0.0,0.975609756097561
20270015,n12_c15,high_energy,0.12,0.7218934911242604,0.7692307692307693,0.8461538461538461,0.5961538461538461,0.0107600665252843,1.0,0.75,0.5833333333333334,0.0,1.0
20270015,n12_c15,high_energy,0.24,0.7633136094674556,0.6153846153846154,0.8461538461538461,0.5961538461538461,0.0107600665252843,1.0,0.75,0.5833333333333334,0.0,1.0
20270015,n12_c15,high_energy,0.48,0.7633136094674556,0.6153846153846154,0.8461538461538461,0.5961538461538461,0.0107600665252843,1.0,0.75,0.5833333333333334,0.0,1.0
20270015,n12_c15,low_energy,0.12,0.7159763313609467,0.7692307692307693,0.8461538461538461,0.5961538461538461,0.006169065272041924,1.0,0.0,0.6458333333333334,0.0,1.0
20270015,n12_c15,low_energy,0.24,0.7633136094674556,0.6153846153846154,0.8461538461538461,0.5961538461538461,0.006169065272041924,1.0,0.0,0.6458333333333334,0.0,1.0
20270015,n12_c15,low_energy,0.48,0.7633136094674556,0.6153846153846154,0.8461538461538461,0.5961538461538461,0.006169065272041924,1.0,0.0,0.6458333333333334,0.0,1.0
20270015,n12_c15,no_replay,0.12,0.7485207100591715,0.4230769230769231,0.6153846153846154,0.5192307692307693,0.0076489496580533145,1.0,0.5,0.5208333333333334,0.0,1.0
20270015,n12_c15,no_replay,0.24,0.9940828402366865,0.0,0.6153846153846154,0.5192307692307693,0.0076489496580533145,1.0,0.5,0.5208333333333334,0.0,1.0
20270015,n12_c15,no_replay,0.48,1.0,0.0,0.6153846153846154,0.5192307692307693,0.0076489496580533145,1.0,0.5,0.5208333333333334,0.0,1.0
20270015,n12_c15,random_replay,0.12,0.7159763313609467,0.7692307692307693,0.8461538461538461,0.5961538461538461,0.006169065272041924,1.0,0.0,0.6458333333333334,0.0,1.0
20270015,n12_c15,random_replay,0.24,0.7633136094674556,0.6153846153846154,0.8461538461538461,0.5961538461538461,0.006169065272041924,1.0,0.0,0.6458333333333334,0.0,1.0
20270015,n12_c15,random_replay,0.48,0.7633136094674556,0.6153846153846154,0.8461538461538461,0.5961538461538461,0.006169065272041924,1.0,0.0,0.6458333333333334,0.0,1.0
20270015,n12_c35,high_energy,0.12,0.7485207100591716,1.0,1.0,0.19230769230769232,0.008747778059657287,1.0,0.5,0.16666666666666666,0.0,1.0
20270015,n12_c35,high_energy,0.24,0.7633136094674556,0.6153846153846154,1.0,0.19230769230769232,0.008747778059657287,1.0,0.5,0.16666666666666666,0.0,1.0
20270015,n12_c35,high_energy,0.48,0.7633136094674556,0.6153846153846154,1.0,0.19230769230769232,0.008747778059657287,1.0,0.5,0.16666666666666666,0.0,1.0
20270015,n12_c35,low_energy,0.12,0.7307692307692308,0.9230769230769231,0.9230769230769231,0.11538461538461539,0.010001918203009452,1.0,0.0,0.125,0.0,1.0
20270015,n12_c35,low_energy,0.24,0.7485207100591716,0.6538461538461539,0.9230769230769231,0.11538461538461539,0.010001918203009452,1.0,0.0,0.125,0.0,1.0
20270015,n12_c35,low_energy,0.48,0.7633136094674556,0.6153846153846154,0.9230769230769231,0.11538461538461539,0.010001918203009452,1.0,0.0,0.125,0.0,1.0
20270015,n12_c35,no_replay,0.12,0.7781065088757396,0.9615384615384616,1.0,0.11538461538461539,0.009794036259423204,1.0,0.5,0.08333333333333333,0.0,1.0
20270015,n12_c35,no_replay,0.24,1.0,0.07692307692307693,1.0,0.11538461538461539,0.009794036259423204,1.0,0.5,0.08333333333333333,0.0,1.0
20270015,n12_c35,no_replay,0.48,1.0,0.0,1.0,0.11538461538461539,0.009794036259423204,1.0,0.5,0.08333333333333333,0.0,1.0
20270015,n12_c35,random_replay,0.12,0.7307692307692308,0.9230769230769231,0.9230769230769231,0.11538461538461539,0.010001918203009452,1.0,0.0,0.125,0.0,1.0
20270015,n12_c35,random_replay,0.24,0.7485207100591716,0.6153846153846154,0.9230769230769231,0.11538461538461539,0.010001918203009452,1.0,0.0,0.125,0.0,1.0
20270015,n12_c35,random_replay,0.48,0.7633136094674556,0.6153846153846154,0.9230769230769231,0.11538461538461539,0.010001918203009452,1.0,0.0,0.125,0.0,1.0
20270015,n12_c65,high_energy,0.12,0.6715976331360947,0.7307692307692307,0.9230769230769231,0.09615384615384616,0.006409668072478567,1.0,0.25,0.08333333333333333,0.0,1.0
20270015,n12_c65,high_energy,0.24,0.7189349112426036,0.6538461538461539,0.9230769230769231,0.09615384615384616,0.006409668072478567,1.0,0.25,0.08333333333333333,0.0,1.0
20270015,n12_c65,high_energy,0.48,0.985207100591716,0.038461538461538464,0.9230769230769231,0.09615384615384616,0.006409668072478567,1.0,0.25,0.08333333333333333,0.0,1.0
20270015,n12_c65,low_energy,0.12,0.7100591715976332,0.7692307692307693,0.9230769230769231,0.07692307692307693,0.006849018759843336,1.0,0.0,0.08333333333333333,0.0,0.9230769230769231
20270015,n12_c65,low_energy,0.24,0.7396449704142012,0.6538461538461539,0.9230769230769231,0.07692307692307693,0.006849018759843336,1.0,0.0,0.08333333333333333,0.0,0.9230769230769231
20270015,n12_c65,low_energy,0.48,0.9171597633136095,0.07692307692307693,0.9230769230769231,0.07692307692307693,0.006849018759843336,1.0,0.0,0.08333333333333333,0.0,0.9230769230769231
20270015,n12_c65,no_replay,0.12,0.7544378698224852,0.8461538461538461,0.9230769230769231,0.07692307692307693,0.007405904489885392,1.0,0.0,0.08333333333333333,0.0,0.9230769230769231
20270015,n12_c65,no_replay,0.24,0.9289940828402368,0.23076923076923078,0.9230769230769231,0.07692307692307693,0.007405904489885392,1.0,0.0,0.08333333333333333,0.0,0.9230769230769231
20270015,n12_c65,no_replay,0.48,0.9822485207100591,0.0,0.9230769230769231,0.07692307692307693,0.007405904489885392,1.0,0.0,0.08333333333333333,0.0,0.9230769230769231
20270015,n12_c65,random_replay,0.12,0.6715976331360947,0.7307692307692307,0.9230769230769231,0.09615384615384616,0.006409668072478567,1.0,0.25,0.08333333333333333,0.0,1.0
20270015,n12_c65,random_replay,0.24,0.7189349112426036,0.6538461538461539,0.9230769230769231,0.09615384615384616,0.006409668072478567,1.0,0.25,0.08333333333333333,0.0,1.0
20270015,n12_c65,random_replay,0.48,0.985207100591716,0.038461538461538464,0.9230769230769231,0.09615384615384616,0.006409668072478567,1.0,0.25,0.08333333333333333,0.0,1.0
20270015,n24_c15,high_energy,0.12,0.6392,0.62,0.8,0.17,0.011441319046244453,1.0,0.0,0.17708333333333334,0.0,1.0
20270015,n24_c15,high_energy,0.24,0.7624,0.36,0.8,0.17,0.011441319046244453,1.0,0.0,0.17708333333333334,0.0,1.0
20270015,n24_c15,high_energy,0.48,0.7824,0.32,0.8,0.17,0.011441319046244453,1.0,0.0,0.17708333333333334,0.0,1.0
20270015,n24_c15,low_energy,0.12,0.636,0.68,0.8,0.16,0.0116124922888457,1.0,0.0,0.16666666666666666,0.0,1.0
20270015,n24_c15,low_energy,0.24,0.7624,0.36,0.8,0.16,0.0116124922888457,1.0,0.0,0.16666666666666666,0.0,1.0
20270015,n24_c15,low_energy,0.48,0.7824,0.32,0.8,0.16,0.0116124922888457,1.0,0.0,0.16666666666666666,0.0,1.0
20270015,n24_c15,no_replay,0.12,0.7040000000000001,0.62,0.8,0.05,0.013090407418896057,1.0,0.0,0.052083333333333336,0.0,1.0
20270015,n24_c15,no_replay,0.24,0.968,0.04,0.8,0.05,0.013090407418896057,1.0,0.0,0.052083333333333336,0.0,1.0
20270015,n24_c15,no_replay,0.48,1.0,0.0,0.8,0.05,0.013090407418896057,1.0,0.0,0.052083333333333336,0.0,1.0
20270015,n24_c15,random_replay,0.12,0.636,0.68,0.8,0.16,0.0116124922888457,1.0,0.0,0.16666666666666666,0.0,1.0
20270015,n24_c15,random_replay,0.24,0.7624,0.36,0.8,0.16,0.0116124922888457,1.0,0.0,0.16666666666666666,0.0,1.0
20270015,n24_c15,random_replay,0.48,0.7824,0.32,0.8,0.16,0.0116124922888457,1.0,0.0,0.16666666666666666,0.0,1.0
20270015,n24_c35,high_energy,0.12,0.6824,0.64,0.84,0.05,0.01040895052016205,1.0,0.25,0.041666666666666664,0.0,1.0
20270015,n24_c35,high_energy,0.24,0.78,0.32,0.84,0.05,0.01040895052016205,1.0,0.25,0.041666666666666664,0.0,1.0
20270015,n24_c35,high_energy,0.48,0.7824,0.32,0.84,0.05,0.01040895052016205,1.0,0.25,0.041666666666666664,0.0,1.0
20270015,n24_c35,low_energy,0.12,0.6768000000000001,0.66,0.88,0.04,0.010609371303974137,1.0,0.0,0.041666666666666664,0.0,1.0
20270015,n24_c35,low_energy,0.24,0.7568,0.32,0.88,0.04,0.010609371303974137,1.0,0.0,0.041666666666666664,0.0,1.0
20270015,n24_c35,low_energy,0.48,0.7824,0.32,0.88,0.04,0.010609371303974137,1.0,0.0,0.041666666666666664,0.0,1.0
20270015,n24_c35,no_replay,0.12,0.7552,0.6,0.84,0.04,0.010756563562878614,1.0,0.0,0.041666666666666664,0.0,1.0
20270015,n24_c35,no_replay,0.24,0.972,0.0,0.84,0.04,0.010756563562878614,1.0,0.0,0.041666666666666664,0.0,1.0
20270015,n24_c35,no_replay,0.48,1.0,0.0,0.84,0.04,0.010756563562878614,1.0,0.0,0.041666666666666664,0.0,1.0
20270015,n24_c35,random_replay,0.12,0.6768000000000001,0.66,0.88,0.04,0.010609371303974137,1.0,0.0,0.041666666666666664,0.0,1.0
20270015,n24_c35,random_replay,0.24,0.7568,0.32,0.88,0.04,0.010609371303974137,1.0,0.0,0.041666666666666664,0.0,1.0
20270015,n24_c35,random_replay,0.48,0.7824,0.32,0.88,0.04,0.010609371303974137,1.0,0.0,0.041666666666666664,0.0,1.0
20270015,n24_c65,high_energy,0.12,0.608,0.48,0.68,0.06,0.006064374767333382,1.0,0.5,0.041666666666666664,0.0,0.96
20270015,n24_c65,high_energy,0.24,0.7464,0.34,0.68,0.06,0.006064374767333382,1.0,0.5,0.041666666666666664,0.0,0.96
20270015,n24_c65,high_energy,0.48,0.9792000000000001,0.02,0.68,0.06,0.006064374767333382,1.0,0.5,0.041666666666666664,0.0,0.96
20270015,n24_c65,low_energy,0.12,0.6,0.54,0.68,0.04,0.0065391861663579905,1.0,0.0,0.041666666666666664,0.0,0.96
20270015,n24_c65,low_energy,0.24,0.7103999999999999,0.4,0.68,0.04,0.0065391861663579905,1.0,0.0,0.041666666666666664,0.0,0.96
20270015,n24_c65,low_energy,0.48,0.9456,0.02,0.68,0.04,0.0065391861663579905,1.0,0.0,0.041666666666666664,0.0,0.96
20270015,n24_c65,no_replay,0.12,0.5976,0.54,0.6,0.04,0.007200361241410987,1.0,0.0,0.041666666666666664,0.0,0.96
20270015,n24_c65,no_replay,0.24,0.7968000000000001,0.24,0.6,0.04,0.007200361241410987,1.0,0.0,0.041666666666666664,0.0,0.96
20270015,n24_c65,no_replay,0.48,0.9656,0.0,0.6,0.04,0.007200361241410987,1.0,0.0,0.041666666666666664,0.0,0.96
20270015,n24_c65,random_replay,0.12,0.6,0.56,0.72,0.04,0.0065391861663579905,1.0,0.0,0.041666666666666664,0.0,0.96
20270015,n24_c65,random_replay,0.24,0.7103999999999999,0.44,0.72,0.04,0.0065391861663579905,1.0,0.0,0.041666666666666664,0.0,0.96
20270015,n24_c65,random_replay,0.48,0.9456,0.02,0.72,0.04,0.0065391861663579905,1.0,0.0,0.041666666666666664,0.0,0.96
20270015,n40_c15,high_energy,0.12,0.6885782272456871,0.7682926829268293,0.975609756097561,0.024390243902439025,0.013387582126030908,1.0,0.0,0.025,0.0,1.0
20270015,n40_c15,high_energy,0.24,0.838488994646044,0.21951219512195122,0.975609756097561,0.024390243902439025,0.013387582126030908,1.0,0.0,0.025,0.0,1.0
20270015,n40_c15,high_energy,0.48,0.8429506246281976,0.1951219512195122,0.975609756097561,0.024390243902439025,0.013387582126030908,1.0,0.0,0.025,0.0,1.0
20270015,n40_c15,low_energy,0.12,0.6778703152885187,0.7804878048780488,0.9512195121951219,0.03048780487804878,0.013305737101715646,1.0,0.0,0.03125,0.0,1.0
20270015,n40_c15,low_energy,0.24,0.8370017846519928,0.21951219512195122,0.9512195121951219,0.03048780487804878,0.013305737101715646,1.0,0.0,0.03125,0.0,1.0
20270015,n40_c15,low_energy,0.48,0.8429506246281976,0.1951219512195122,0.9512195121951219,0.03048780487804878,0.013305737101715646,1.0,0.0,0.03125,0.0,1.0
20270015,n40_c15,no_replay,0.12,0.747471743010113,0.7073170731707317,0.9024390243902439,0.024390243902439025,0.013256263568206392,1.0,0.0,0.025,0.0,1.0
20270015,n40_c15,no_replay,0.24,0.9818560380725758,0.024390243902439025,0.9024390243902439,0.024390243902439025,0.013256263568206392,1.0,0.0,0.025,0.0,1.0
20270015,n40_c15,no_replay,0.48,1.0,0.0,0.9024390243902439,0.024390243902439025,0.013256263568206392,1.0,0.0,0.025,0.0,1.0
20270015,n40_c15,random_replay,0.12,0.6885782272456871,0.7804878048780488,0.975609756097561,0.024390243902439025,0.013387582126030908,1.0,0.0,0.025,0.0,1.0
20270015,n40_c15,random_replay,0.24,0.838488994646044,0.21951219512195122,0.975609756097561,0.024390243902439025,0.013387582126030908,1.0,0.0,0.025,0.0,1.0
20270015,n40_c15,random_replay,0.48,0.8429506246281976,0.1951219512195122,0.975609756097561,0.024390243902439025,0.013387582126030908,1.0,0.0,0.025,0.0,1.0
20270015,n40_c35,high_energy,0.12,0.6740035693039858,0.6585365853658537,0.926829268292683,0.024390243902439025,0.010520006057729727,1.0,0.0,0.025,0.0,1.0
20270015,n40_c35,high_energy,0.24,0.8372992266508031,0.21951219512195122,0.926829268292683,0.024390243902439025,0.010520006057729727,1.0,0.0,0.025,0.0,1.0
20270015,n40_c35,high_energy,0.48,0.8429506246281976,0.1951219512195122,0.926829268292683,0.024390243902439025,0.010520006057729727,1.0,0.0,0.025,0.0,1.0
20270015,n40_c35,low_energy,0.12,0.6716240333135038,0.6829268292682927,0.926829268292683,0.024390243902439025,0.010511818032656507,1.0,0.0,0.025,0.0,1.0
20270015,n40_c35,low_energy,0.24,0.817965496728138,0.21951219512195122,0.926829268292683,0.024390243902439025,0.010511818032656507,1.0,0.0,0.025,0.0,1.0
20270015,n40_c35,low_energy,0.48,0.8426531826293873,0.1951219512195122,0.926829268292683,0.024390243902439025,0.010511818032656507,1.0,0.0,0.025,0.0,1.0
20270015,n40_c35,no_replay,0.12,0.7162403331350387,0.6463414634146342,0.926829268292683,0.024390243902439025,0.010642033762616252,1.0,0.0,0.025,0.0,1.0
20270015,n40_c35,no_replay,0.24,0.9684711481261153,0.04878048780487805,0.926829268292683,0.024390243902439025,0.010642033762616252,1.0,0.0,0.025,0.0,1.0
20270015,n40_c35,no_replay,0.48,1.0,0.0,0.926829268292683,0.024390243902439025,0.010642033762616252,1.0,0.0,0.025,0.0,1.0
20270015,n40_c35,random_replay,0.12,0.6716240333135038,0.6829268292682927,0.926829268292683,0.024390243902439025,0.010511818032656507,1.0,0.0,0.025,0.0,1.0
20270015,n40_c35,random_replay,0.24,0.817965496728138,0.21951219512195122,0.926829268292683,0.024390243902439025,0.010511818032656507,1.0,0.0,0.025,0.0,1.0
20270015,n40_c35,random_replay,0.48,0.8426531826293873,0.1951219512195122,0.926829268292683,0.024390243902439025,0.010511818032656507,1.0,0.0,0.025,0.0,1.0
20270015,n40_c65,high_energy,0.12,0.6151100535395598,0.8780487804878049,0.975609756097561,0.024390243902439025,0.0062594648871353,1.0,0.0,0.025,0.0,0.975609756097561
20270015,n40_c65,high_energy,0.24,0.7644259369422962,0.47560975609756095,0.975609756097561,0.024390243902439025,0.0062594648871353,1.0,0.0,0.025,0.0,0.975609756097561
20270015,n40_c65,high_energy,0.48,0.9901844140392624,0.024390243902439025,0.975609756097561,0.024390243902439025,0.0062594648871353,1.0,0.0,0.025,0.0,0.975609756097561
20270015,n40_c65,low_energy,0.12,0.6106484235574063,0.8658536585365854,0.975609756097561,0.024390243902439025,0.0062317155842418715,1.0,0.0,0.025,0.0,0.975609756097561
20270015,n40_c65,low_energy,0.24,0.7504461629982154,0.5,0.975609756097561,0.024390243902439025,0.0062317155842418715,1.0,0.0,0.025,0.0,0.975609756097561
20270015,n40_c65,low_energy,0.48,0.970553242117787,0.024390243902439025,0.975609756097561,0.024390243902439025,0.0062317155842418715,1.0,0.0,0.025,0.0,0.975609756097561
20270015,n40_c65,no_replay,0.12,0.61540749553837,0.9390243902439024,0.975609756097561,0.024390243902439025,0.006466537027196264,1.0,0.0,0.025,0.0,0.975609756097561
20270015,n40_c65,no_replay,0.24,0.8429506246281976,0.5853658536585366,0.975609756097561,0.024390243902439025,0.006466537027196264,1.0,0.0,0.025,0.0,0.975609756097561
20270015,n40_c65,no_replay,0.48,0.9753123140987507,0.024390243902439025,0.975609756097561,0.024390243902439025,0.006466537027196264,1.0,0.0,0.025,0.0,0.975609756097561
20270015,n40_c65,random_replay,0.12,0.6106484235574063,0.8902439024390244,0.975609756097561,0.024390243902439025,0.0062317155842418715,1.0,0.0,0.025,0.0,0.975609756097561
20270015,n40_c65,random_replay,0.24,0.7504461629982154,0.524390243902439,0.975609756097561,0.024390243902439025,0.0062317155842418715,1.0,0.0,0.025,0.0,0.975609756097561
20270015,n40_c65,random_replay,0.48,0.970553242117787,0.024390243902439025,0.975609756097561,0.024390243902439025,0.0062317155842418715,1.0,0.0,0.025,0.0,0.975609756097561
20270016,n12_c15,high_energy,0.12,0.7396449704142012,0.7307692307692307,1.0,0.5192307692307693,0.008040249430178026,1.0,0.25,0.5416666666666666,0.0,1.0
20270016,n12_c15,high_energy,0.24,0.7633136094674556,0.6153846153846154,1.0,0.5192307692307693,0.008040249430178026,1.0,0.25,0.5416666666666666,0.0,1.0
20270016,n12_c15,high_energy,0.48,0.7633136094674556,0.6153846153846154,1.0,0.5192307692307693,0.008040249430178026,1.0,0.25,0.5416666666666666,0.0,1.0
20270016,n12_c15,low_energy,0.12,0.7366863905325445,0.7692307692307693,1.0,0.5576923076923077,0.007721996824219444,1.0,0.0,0.6041666666666666,0.0,1.0
20270016,n12_c15,low_energy,0.24,0.7633136094674556,0.6153846153846154,1.0,0.5576923076923077,0.007721996824219444,1.0,0.0,0.6041666666666666,0.0,1.0
20270016,n12_c15,low_energy,0.48,0.7633136094674556,0.6153846153846154,1.0,0.5576923076923077,0.007721996824219444,1.0,0.0,0.6041666666666666,0.0,1.0
20270016,n12_c15,no_replay,0.12,0.7869822485207101,0.4230769230769231,0.8461538461538461,0.34615384615384615,0.009758821460207148,1.0,0.25,0.3541666666666667,0.0,1.0
20270016,n12_c15,no_replay,0.24,0.9881656804733728,0.0,0.8461538461538461,0.34615384615384615,0.009758821460207148,1.0,0.25,0.3541666666666667,0.0,1.0
20270016,n12_c15,no_replay,0.48,1.0,0.0,0.8461538461538461,0.34615384615384615,0.009758821460207148,1.0,0.25,0.3541666666666667,0.0,1.0
20270016,n12_c15,random_replay,0.12,0.7396449704142012,0.7307692307692307,1.0,0.5192307692307693,0.008040249430178026,1.0,0.25,0.5416666666666666,0.0,1.0
20270016,n12_c15,random_replay,0.24,0.7633136094674556,0.6153846153846154,1.0,0.5192307692307693,0.008040249430178026,1.0,0.25,0.5416666666666666,0.0,1.0
20270016,n12_c15,random_replay,0.48,0.7633136094674556,0.6153846153846154,1.0,0.5192307692307693,0.008040249430178026,1.0,0.25,0.5416666666666666,0.0,1.0
20270016,n12_c35,high_energy,0.12,0.7041420118343196,0.9230769230769231,1.0,0.2692307692307692,0.008680856969350427,1.0,0.25,0.2708333333333333,0.0,1.0
20270016,n12_c35,high_energy,0.24,0.7633136094674556,0.6153846153846154,1.0,0.2692307692307692,0.008680856969350427,1.0,0.25,0.2708333333333333,0.0,1.0
20270016,n12_c35,high_energy,0.48,0.7633136094674556,0.6153846153846154,1.0,0.2692307692307692,0.008680856969350427,1.0,0.25,0.2708333333333333,0.0,1.0
20270016,n12_c35,low_energy,0.12,0.7159763313609467,0.9230769230769231,0.9230769230769231,0.15384615384615385,0.009853483367264385,1.0,0.0,0.16666666666666666,0.0,1.0
20270016,n12_c35,low_energy,0.24,0.7455621301775148,0.6538461538461539,0.9230769230769231,0.15384615384615385,0.009853483367264385,1.0,0.0,0.16666666666666666,0.0,1.0
20270016,n12_c35,low_energy,0.48,0.7633136094674556,0.6153846153846154,0.9230769230769231,0.15384615384615385,0.009853483367264385,1.0,0.0,0.16666666666666666,0.0,1.0
20270016,n12_c35,no_replay,0.12,0.7011834319526628,0.8076923076923077,1.0,0.07692307692307693,0.010743282725412997,1.0,0.0,0.08333333333333333,0.0,1.0
20270016,n12_c35,no_replay,0.24,0.9792899408284024,0.15384615384615385,1.0,0.07692307692307693,0.010743282725412997,1.0,0.0,0.08333333333333333,0.0,1.0
20270016,n12_c35,no_replay,0.48,1.0,0.0,1.0,0.07692307692307693,0.010743282725412997,1.0,0.0,0.08333333333333333,0.0,1.0
20270016,n12_c35,random_replay,0.12,0.7041420118343196,0.9230769230769231,1.0,0.2692307692307692,0.008680856969350427,1.0,0.25,0.2708333333333333,0.0,1.0
20270016,n12_c35,random_replay,0.24,0.7633136094674556,0.6153846153846154,1.0,0.2692307692307692,0.008680856969350427,1.0,0.25,0.2708333333333333,0.0,1.0
20270016,n12_c35,random_replay,0.48,0.7633136094674556,0.6153846153846154,1.0,0.2692307692307692,0.008680856969350427,1.0,0.25,0.2708333333333333,0.0,1.0
20270016,n12_c65,high_energy,0.12,0.6183431952662721,0.8076923076923077,0.9230769230769231,0.09615384615384616,0.006435039218971478,1.0,0.25,0.08333333333333333,0.0,1.0
20270016,n12_c65,high_energy,0.24,0.7218934911242604,0.6153846153846154,0.9230769230769231,0.09615384615384616,0.006435039218971478,1.0,0.25,0.08333333333333333,0.0,1.0
20270016,n12_c65,high_energy,0.48,0.9349112426035504,0.23076923076923078,0.9230769230769231,0.09615384615384616,0.006435039218971478,1.0,0.25,0.08333333333333333,0.0,1.0
20270016,n12_c65,low_energy,0.12,0.636094674556213,0.8461538461538461,0.9230769230769231,0.07692307692307693,0.006864616605926249,1.0,0.0,0.08333333333333333,0.0,0.9230769230769231
20270016,n12_c65,low_energy,0.24,0.7396449704142012,0.6153846153846154,0.9230769230769231,0.07692307692307693,0.006864616605926249,1.0,0.0,0.08333333333333333,0.0,0.9230769230769231
20270016,n12_c65,low_energy,0.48,0.893491124260355,0.23076923076923078,0.9230769230769231,0.07692307692307693,0.006864616605926249,1.0,0.0,0.08333333333333333,0.0,0.9230769230769231
20270016,n12_c65,no_replay,0.12,0.5650887573964498,0.7692307692307693,0.9230769230769231,0.09615384615384616,0.006978338860919624,1.0,0.25,0.08333333333333333,0.0,0.9230769230769231
20270016,n12_c65,no_replay,0.24,0.7988165680473372,0.4230769230769231,0.9230769230769231,0.09615384615384616,0.006978338860919624,1.0,0.25,0.08333333333333333,0.0,0.9230769230769231
20270016,n12_c65,no_replay,0.48,0.9763313609467456,0.0,0.9230769230769231,0.09615384615384616,0.006978338860919624,1.0,0.25,0.08333333333333333,0.0,0.9230769230769231
20270016,n12_c65,random_replay,0.12,0.6183431952662721,0.8076923076923077,0.9230769230769231,0.09615384615384616,0.006435039218971477,1.0,0.25,0.08333333333333333,0.0,1.0
20270016,n12_c65,random_replay,0.24,0.7218934911242604,0.6153846153846154,0.9230769230769231,0.09615384615384616,0.006435039218971477,1.0,0.25,0.08333333333333333,0.0,1.0
20270016,n12_c65,random_replay,0.48,0.9349112426035504,0.23076923076923078,0.9230769230769231,0.09615384615384616,0.006435039218971477,1.0,0.25,0.08333333333333333,0.0,1.0
20270016,n24_c15,high_energy,0.12,0.6696,0.72,0.88,0.22,0.0107279943094613,1.0,0.5,0.20833333333333334,0.0,1.0
20270016,n24_c15,high_energy,0.24,0.7712,0.32,0.88,0.22,0.0107279943094613,1.0,0.5,0.20833333333333334,0.0,1.0
20270016,n24_c15,high_energy,0.48,0.7824,0.32,0.88,0.22,0.0107279943094613,1.0,0.5,0.20833333333333334,0.0,1.0
20270016,n24_c15,low_energy,0.12,0.6751999999999999,0.72,0.92,0.21,0.01114793888577317,1.0,0.0,0.21875,0.0,1.0
20270016,n24_c15,low_energy,0.24,0.772,0.32,0.92,0.21,0.01114793888577317,1.0,0.0,0.21875,0.0,1.0
20270016,n24_c15,low_energy,0.48,0.7824,0.32,0.92,0.21,0.01114793888577317,1.0,0.0,0.21875,0.0,1.0
20270016,n24_c15,no_replay,0.12,0.752,0.68,0.92,0.08,0.012721058039829886,1.0,0.0,0.08333333333333333,0.0,1.0
20270016,n24_c15,no_replay,0.24,0.9816,0.0,0.92,0.08,0.012721058039829886,1.0,0.0,0.08333333333333333,0.0,1.0
20270016,n24_c15,no_replay,0.48,1.0,0.0,0.92,0.08,0.012721058039829886,1.0,0.0,0.08333333333333333,0.0,1.0
20270016,n24_c15,random_replay,0.12,0.6751999999999999,0.72,0.92,0.21,0.01114793888577317,1.0,0.0,0.21875,0.0,1.0
20270016,n24_c15,random_replay,0.24,0.772,0.32,0.92,0.21,0.01114793888577317,1.0,0.0,0.21875,0.0,1.0
20270016,n24_c15,random_replay,0.48,0.7824,0.32,0.92,0.21,0.01114793888577317,1.0,0.0,0.21875,0.0,1.0
20270016,n24_c35,high_energy,0.12,0.6392,0.58,0.8,0.04,0.010632122739929079,1.0,0.0,0.041666666666666664,0.0,1.0
20270016,n24_c35,high_energy,0.24,0.7792,0.32,0.8,0.04,0.010632122739929079,1.0,0.0,0.041666666666666664,0.0,1.0
20270016,n24_c35,high_energy,0.48,0.7824,0.32,0.8,0.04,0.010632122739929079,1.0,0.0,0.041666666666666664,0.0,1.0
20270016,n24_c35,low_energy,0.12,0.6335999999999999,0.6,0.8,0.04,0.01058690866713783,1.0,0.0,0.041666666666666664,0.0,1.0
20270016,n24_c35,low_energy,0.24,0.7664,0.32,0.8,0.04,0.01058690866713783,1.0,0.0,0.041666666666666664,0.0,1.0
20270016,n24_c35,low_energy,0.48,0.7824,0.32,0.8,0.04,0.01058690866713783,1.0,0.0,0.041666666666666664,0.0,1.0
20270016,n24_c35,no_replay,0.12,0.6736,0.58,0.8,0.04,0.010632798962412615,1.0,0.0,0.041666666666666664,0.0,1.0
20270016,n24_c35,no_replay,0.24,0.9656,0.06,0.8,0.04,0.010632798962412615,1.0,0.0,0.041666666666666664,0.0,1.0
20270016,n24_c35,no_replay,0.48,1.0,0.0,0.8,0.04,0.010632798962412615,1.0,0.0,0.041666666666666664,0.0,1.0
20270016,n24_c35,random_replay,0.12,0.6392,0.6,0.8,0.04,0.010632122739929079,1.0,0.0,0.041666666666666664,0.0,1.0
20270016,n24_c35,random_replay,0.24,0.7792,0.32,0.8,0.04,0.010632122739929079,1.0,0.0,0.041666666666666664,0.0,1.0
20270016,n24_c35,random_replay,0.48,0.7824,0.32,0.8,0.04,0.010632122739929079,1.0,0.0,0.041666666666666664,0.0,1.0
20270016,n24_c65,high_energy,0.12,0.6056,0.78,1.0,0.04,0.006438811136078625,1.0,0.0,0.041666666666666664,0.0,0.96
20270016,n24_c65,high_energy,0.24,0.7456,0.48,1.0,0.04,0.006438811136078625,1.0,0.0,0.041666666666666664,0.0,0.96
20270016,n24_c65,high_energy,0.48,0.98,0.06,1.0,0.04,0.006438811136078625,1.0,0.0,0.041666666666666664,0.0,0.96
20270016,n24_c65,low_energy,0.12,0.5943999999999999,0.82,0.96,0.04,0.006418387420180327,1.0,0.0,0.041666666666666664,0.0,0.96
20270016,n24_c65,low_energy,0.24,0.7168,0.54,0.96,0.04,0.006418387420180327,1.0,0.0,0.041666666666666664,0.0,0.96
20270016,n24_c65,low_energy,0.48,0.944,0.08,0.96,0.04,0.006418387420180327,1.0,0.0,0.041666666666666664,0.0,0.96
20270016,n24_c65,no_replay,0.12,0.5968,0.9,0.96,0.04,0.0067256185818374,1.0,0.0,0.041666666666666664,0.0,0.96
20270016,n24_c65,no_replay,0.24,0.8144,0.48,0.96,0.04,0.0067256185818374,1.0,0.0,0.041666666666666664,0.0,0.96
20270016,n24_c65,no_replay,0.48,0.9623999999999999,0.0,0.96,0.04,0.0067256185818374,1.0,0.0,0.041666666666666664,0.0,0.96
20270016,n24_c65,random_replay,0.12,0.5943999999999999,0.86,0.96,0.04,0.006418387420180327,1.0,0.0,0.041666666666666664,0.0,0.96
20270016,n24_c65,random_replay,0.24,0.7168,0.58,0.96,0.04,0.006418387420180327,1.0,0.0,0.041666666666666664,0.0,0.96
20270016,n24_c65,random_replay,0.48,0.944,0.08,0.96,0.04,0.006418387420180327,1.0,0.0,0.041666666666666664,0.0,0.96
20270016,n40_c15,high_energy,0.12,0.7204045211183819,0.7682926829268293,0.975609756097561,0.042682926829268296,0.01308787067668813,1.0,0.25,0.0375,0.0,1.0
20270016,n40_c15,high_energy,0.24,0.8417608566329566,0.23170731707317074,0.975609756097561,0.042682926829268296,0.01308787067668813,1.0,0.25,0.0375,0.0,1.0
20270016,n40_c15,high_energy,0.48,0.8429506246281976,0.1951219512195122,0.975609756097561,0.042682926829268296,0.01308787067668813,1.0,0.25,0.0375,0.0,1.0
20270016,n40_c15,low_energy,0.12,0.7058298631766805,0.7804878048780488,0.9512195121951219,0.036585365853658534,0.013201994523474906,1.0,0.0,0.0375,0.0,1.0
20270016,n40_c15,low_energy,0.24,0.838488994646044,0.23170731707317074,0.9512195121951219,0.036585365853658534,0.013201994523474906,1.0,0.0,0.0375,0.0,1.0
20270016,n40_c15,low_energy,0.48,0.8429506246281976,0.1951219512195122,0.9512195121951219,0.036585365853658534,0.013201994523474906,1.0,0.0,0.0375,0.0,1.0
20270016,n40_c15,no_replay,0.12,0.8033908387864367,0.7195121951219512,0.9512195121951219,0.024390243902439025,0.013205947194466447,1.0,0.0,0.025,0.0,1.0
20270016,n40_c15,no_replay,0.24,0.9955383700178466,0.036585365853658534,0.9512195121951219,0.024390243902439025,0.013205947194466447,1.0,0.0,0.025,0.0,1.0
20270016,n40_c15,no_replay,0.48,1.0,0.0,0.9512195121951219,0.024390243902439025,0.013205947194466447,1.0,0.0,0.025,0.0,1.0
20270016,n40_c15,random_replay,0.12,0.7058298631766805,0.7804878048780488,0.9512195121951219,0.036585365853658534,0.013201994523474906,1.0,0.0,0.0375,0.0,1.0
20270016,n40_c15,random_replay,0.24,0.838488994646044,0.23170731707317074,0.9512195121951219,0.036585365853658534,0.013201994523474906,1.0,0.0,0.0375,0.0,1.0
20270016,n40_c15,random_replay,0.48,0.8429506246281976,0.1951219512195122,0.9512195121951219,0.036585365853658534,0.013201994523474906,1.0,0.0,0.0375,0.0,1.0
20270016,n40_c35,high_energy,0.12,0.6493158834027365,0.7195121951219512,0.8292682926829268,0.024390243902439025,0.010506138364420386,1.0,0.0,0.025,0.0,1.0
20270016,n40_c35,high_energy,0.24,0.8280785246876858,0.24390243902439024,0.8292682926829268,0.024390243902439025,0.010506138364420386,1.0,0.0,0.025,0.0,1.0
20270016,n40_c35,high_energy,0.48,0.8459250446162999,0.1951219512195122,0.8292682926829268,0.024390243902439025,0.010506138364420386,1.0,0.0,0.025,0.0,1.0
20270016,n40_c35,low_energy,0.12,0.6484235574063058,0.7195121951219512,0.8780487804878049,0.024390243902439025,0.010484666563649391,1.0,0.0,0.025,0.0,1.0
20270016,n40_c35,low_energy,0.24,0.8105294467578822,0.25609756097560976,0.8780487804878049,0.024390243902439025,0.010484666563649391,1.0,0.0,0.025,0.0,1.0
20270016,n40_c35,low_energy,0.48,0.8426531826293873,0.1951219512195122,0.8780487804878049,0.024390243902439025,0.010484666563649391,1.0,0.0,0.025,0.0,1.0
20270016,n40_c35,no_replay,0.12,0.6867935752528257,0.7317073170731707,0.975609756097561,0.024390243902439025,0.01065598983094706,1.0,0.0,0.025,0.0,1.0
20270016,n40_c35,no_replay,0.24,0.9559785841760857,0.08536585365853659,0.975609756097561,0.024390243902439025,0.01065598983094706,1.0,0.0,0.025,0.0,1.0
20270016,n40_c35,no_replay,0.48,1.0,0.0,0.975609756097561,0.024390243902439025,0.01065598983094706,1.0,0.0,0.025,0.0,1.0
20270016,n40_c35,random_replay,0.12,0.6484235574063058,0.7195121951219512,0.9024390243902439,0.024390243902439025,0.010484666563649391,1.0,0.0,0.025,0.0,1.0
20270016,n40_c35,random_replay,0.24,0.8105294467578822,0.25609756097560976,0.9024390243902439,0.024390243902439025,0.010484666563649391,1.0,0.0,0.025,0.0,1.0
20270016,n40_c35,random_replay,0.48,0.8426531826293873,0.1951219512195122,0.9024390243902439,0.024390243902439025,0.010484666563649391,1.0,0.0,0.025,0.0,1.0
20270016,n40_c65,high_energy,0.12,0.5701963117192147,0.7926829268292683,0.9024390243902439,0.024390243902439025,0.006345262904684758,1.0,0.0,0.025,0.0,0.975609756097561
20270016,n40_c65,high_energy,0.24,0.7168352171326592,0.5487804878048781,0.9024390243902439,0.024390243902439025,0.006345262904684758,1.0,0.0,0.025,0.0,0.975609756097561
20270016,n40_c65,high_energy,0.48,0.9869125520523498,0.036585365853658534,0.9024390243902439,0.024390243902439025,0.006345262904684758,1.0,0.0,0.025,0.0,0.975609756097561
20270016,n40_c65,low_energy,0.12,0.5696014277215943,0.7804878048780488,0.9024390243902439,0.024390243902439025,0.0063130285647754495,1.0,0.0,0.025,0.0,0.975609756097561
20270016,n40_c65,low_energy,0.24,0.7085068411659726,0.5487804878048781,0.9024390243902439,0.024390243902439025,0.0063130285647754495,1.0,0.0,0.025,0.0,0.975609756097561
20270016,n40_c65,low_energy,0.48,0.9696609161213564,0.036585365853658534,0.9024390243902439,0.024390243902439025,0.0063130285647754495,1.0,0.0,0.025,0.0,0.975609756097561
20270016,n40_c65,no_replay,0.12,0.5975609756097561,0.8658536585365854,0.9024390243902439,0.024390243902439025,0.006633588512733693,1.0,0.0,0.025,0.0,0.975609756097561
20270016,n40_c65,no_replay,0.24,0.793575252825699,0.573170731707317,0.9024390243902439,0.024390243902439025,0.006633588512733693,1.0,0.0,0.025,0.0,0.975609756097561
20270016,n40_c65,no_replay,0.48,0.9735276621058893,0.012195121951219513,0.9024390243902439,0.024390243902439025,0.006633588512733693,1.0,0.0,0.025,0.0,0.975609756097561
20270016,n40_c65,random_replay,0.12,0.5701963117192147,0.7560975609756098,0.8536585365853658,0.024390243902439025,0.006345262904684758,1.0,0.0,0.025,0.0,0.975609756097561
20270016,n40_c65,random_replay,0.24,0.7168352171326592,0.47560975609756095,0.8536585365853658,0.024390243902439025,0.006345262904684758,1.0,0.0,0.025,0.0,0.975609756097561
20270016,n40_c65,random_replay,0.48,0.9869125520523498,0.024390243902439025,0.8536585365853658,0.024390243902439025,0.006345262904684758,1.0,0.0,0.025,0.0,0.975609756097561
20270017,n12_c15,high_energy,0.12,0.742603550295858,0.7307692307692307,0.9230769230769231,0.5769230769230769,0.007341910863404936,1.0,0.75,0.5625,0.0,1.0
20270017,n12_c15,high_energy,0.24,0.7633136094674556,0.6153846153846154,0.9230769230769231,0.5769230769230769,0.007341910863404936,1.0,0.75,0.5625,0.0,1.0
20270017,n12_c15,high_energy,0.48,0.7633136094674556,0.6153846153846154,0.9230769230769231,0.5769230769230769,0.007341910863404936,1.0,0.75,0.5625,0.0,1.0
20270017,n12_c15,low_energy,0.12,0.7366863905325444,0.7692307692307693,0.9230769230769231,0.5769230769230769,0.006642587561792651,1.0,0.0,0.625,0.0,1.0
20270017,n12_c15,low_energy,0.24,0.7633136094674556,0.6153846153846154,0.9230769230769231,0.5769230769230769,0.006642587561792651,1.0,0.0,0.625,0.0,1.0
20270017,n12_c15,low_energy,0.48,0.7633136094674556,0.6153846153846154,0.9230769230769231,0.5769230769230769,0.006642587561792651,1.0,0.0,0.625,0.0,1.0
20270017,n12_c15,no_replay,0.12,0.8402366863905325,0.7692307692307693,0.9230769230769231,0.5576923076923077,0.007429698137100902,1.0,0.25,0.5833333333333334,0.0,1.0
20270017,n12_c15,no_replay,0.24,1.0,0.0,0.9230769230769231,0.5576923076923077,0.007429698137100902,1.0,0.25,0.5833333333333334,0.0,1.0
20270017,n12_c15,no_replay,0.48,1.0,0.0,0.9230769230769231,0.5576923076923077,0.007429698137100902,1.0,0.25,0.5833333333333334,0.0,1.0
20270017,n12_c15,random_replay,0.12,0.742603550295858,0.7307692307692307,0.9230769230769231,0.5769230769230769,0.007341910863404936,1.0,0.75,0.5625,0.0,1.0
20270017,n12_c15,random_replay,0.24,0.7633136094674556,0.6153846153846154,0.9230769230769231,0.5769230769230769,0.007341910863404936,1.0,0.75,0.5625,0.0,1.0
20270017,n12_c15,random_replay,0.48,0.7633136094674556,0.6153846153846154,0.9230769230769231,0.5769230769230769,0.007341910863404936,1.0,0.75,0.5625,0.0,1.0
20270017,n12_c35,high_energy,0.12,0.7278106508875739,0.6923076923076923,0.7692307692307693,0.21153846153846154,0.008949044174393505,1.0,0.5,0.1875,0.0,1.0
20270017,n12_c35,high_energy,0.24,0.7633136094674556,0.6153846153846154,0.7692307692307693,0.21153846153846154,0.008949044174393505,1.0,0.5,0.1875,0.0,1.0
20270017,n12_c35,high_energy,0.48,0.7633136094674556,0.6153846153846154,0.7692307692307693,0.21153846153846154,0.008949044174393505,1.0,0.5,0.1875,0.0,1.0
20270017,n12_c35,low_energy,0.12,0.7307692307692308,0.7307692307692307,0.9230769230769231,0.1346153846153846,0.009903894946687034,1.0,0.0,0.14583333333333334,0.0,1.0
20270017,n12_c35,low_energy,0.24,0.7603550295857988,0.6153846153846154,0.9230769230769231,0.1346153846153846,0.009903894946687034,1.0,0.0,0.14583333333333334,0.0,1.0
20270017,n12_c35,low_energy,0.48,0.7633136094674556,0.6153846153846154,0.9230769230769231,0.1346153846153846,0.009903894946687034,1.0,0.0,0.14583333333333334,0.0,1.0
20270017,n12_c35,no_replay,0.12,0.6982248520710059,0.4230769230769231,0.7692307692307693,0.09615384615384616,0.010545920769955223,1.0,0.25,0.08333333333333333,0.0,1.0
20270017,n12_c35,no_replay,0.24,0.9911242603550297,0.0,0.7692307692307693,0.09615384615384616,0.010545920769955223,1.0,0.25,0.08333333333333333,0.0,1.0
20270017,n12_c35,no_replay,0.48,1.0,0.0,0.7692307692307693,0.09615384615384616,0.010545920769955223,1.0,0.25,0.08333333333333333,0.0,1.0
20270017,n12_c35,random_replay,0.12,0.7278106508875739,0.6923076923076923,0.7692307692307693,0.21153846153846154,0.008949044174393505,1.0,0.5,0.1875,0.0,1.0
20270017,n12_c35,random_replay,0.24,0.7633136094674556,0.6153846153846154,0.7692307692307693,0.21153846153846154,0.008949044174393505,1.0,0.5,0.1875,0.0,1.0
20270017,n12_c35,random_replay,0.48,0.7633136094674556,0.6153846153846154,0.7692307692307693,0.21153846153846154,0.008949044174393505,1.0,0.5,0.1875,0.0,1.0
20270017,n12_c65,high_energy,0.12,0.6568047337278107,0.6153846153846154,0.7692307692307693,0.07692307692307693,0.006941434451098785,1.0,0.0,0.08333333333333333,0.0,1.0
20270017,n12_c65,high_energy,0.24,0.7218934911242603,0.6153846153846154,0.7692307692307693,0.07692307692307693,0.006941434451098785,1.0,0.0,0.08333333333333333,0.0,1.0
20270017,n12_c65,high_energy,0.48,0.9171597633136094,0.19230769230769232,0.7692307692307693,0.07692307692307693,0.006941434451098785,1.0,0.0,0.08333333333333333,0.0,1.0
20270017,n12_c65,low_energy,0.12,0.653846153846154,0.6153846153846154,0.8461538461538461,0.07692307692307693,0.006874193909281715,1.0,0.0,0.08333333333333333,0.0,0.9230769230769231
20270017,n12_c65,low_energy,0.24,0.7396449704142012,0.6153846153846154,0.8461538461538461,0.07692307692307693,0.006874193909281715,1.0,0.0,0.08333333333333333,0.0,0.9230769230769231
20270017,n12_c65,low_energy,0.48,0.8698224852071007,0.19230769230769232,0.8461538461538461,0.07692307692307693,0.006874193909281715,1.0,0.0,0.08333333333333333,0.0,0.9230769230769231
20270017,n12_c65,no_replay,0.12,0.6538461538461537,0.6153846153846154,0.8461538461538461,0.07692307692307693,0.007480107539429681,1.0,0.0,0.08333333333333333,0.0,0.9230769230769231
20270017,n12_c65,no_replay,0.24,0.8224852071005919,0.19230769230769232,0.8461538461538461,0.07692307692307693,0.007480107539429681,1.0,0.0,0.08333333333333333,0.0,0.9230769230769231
20270017,n12_c65,no_replay,0.48,0.9881656804733727,0.0,0.8461538461538461,0.07692307692307693,0.007480107539429681,1.0,0.0,0.08333333333333333,0.0,0.9230769230769231
20270017,n12_c65,random_replay,0.12,0.6568047337278107,0.6153846153846154,0.7692307692307693,0.07692307692307693,0.006941434451098785,1.0,0.0,0.08333333333333333,0.0,1.0
20270017,n12_c65,random_replay,0.24,0.7218934911242603,0.6153846153846154,0.7692307692307693,0.07692307692307693,0.006941434451098785,1.0,0.0,0.08333333333333333,0.0,1.0
20270017,n12_c65,random_replay,0.48,0.9171597633136094,0.19230769230769232,0.7692307692307693,0.07692307692307693,0.006941434451098785,1.0,0.0,0.08333333333333333,0.0,1.0
20270017,n24_c15,high_energy,0.12,0.6408,0.68,0.8,0.2,0.011244340760289098,1.0,0.5,0.1875,0.0,1.0
20270017,n24_c15,high_energy,0.24,0.768,0.34,0.8,0.2,0.011244340760289098,1.0,0.5,0.1875,0.0,1.0
20270017,n24_c15,high_energy,0.48,0.7824,0.32,0.8,0.2,0.011244340760289098,1.0,0.5,0.1875,0.0,1.0
20270017,n24_c15,low_energy,0.12,0.6456000000000001,0.72,0.84,0.16,0.01147794066071786,1.0,0.0,0.16666666666666666,0.0,1.0
20270017,n24_c15,low_energy,0.24,0.7704,0.36,0.84,0.16,0.01147794066071786,1.0,0.0,0.16666666666666666,0.0,1.0
20270017,n24_c15,low_energy,0.48,0.7824,0.32,0.84,0.16,0.01147794066071786,1.0,0.0,0.16666666666666666,0.0,1.0
20270017,n24_c15,no_replay,0.12,0.7104,0.68,0.8,0.04,0.013158345714133112,1.0,0.0,0.041666666666666664,0.0,1.0
20270017,n24_c15,no_replay,0.24,0.9768,0.08,0.8,0.04,0.013158345714133112,1.0,0.0,0.041666666666666664,0.0,1.0
20270017,n24_c15,no_replay,0.48,1.0,0.0,0.8,0.04,0.013158345714133112,1.0,0.0,0.041666666666666664,0.0,1.0
20270017,n24_c15,random_replay,0.12,0.6408,0.7,0.8,0.2,0.011244340760289098,1.0,0.5,0.1875,0.0,1.0
20270017,n24_c15,random_replay,0.24,0.768,0.36,0.8,0.2,0.011244340760289098,1.0,0.5,0.1875,0.0,1.0
20270017,n24_c15,random_replay,0.48,0.7824,0.32,0.8,0.2,0.011244340760289098,1.0,0.5,0.1875,0.0,1.0
20270017,n24_c35,high_energy,0.12,0.6632,0.64,0.92,0.06,0.010096161777991523,1.0,0.5,0.041666666666666664,0.0,1.0
20270017,n24_c35,high_energy,0.24,0.7792,0.34,0.92,0.06,0.010096161777991523,1.0,0.5,0.041666666666666664,0.0,1.0
20270017,n24_c35,high_energy,0.48,0.7824,0.32,0.92,0.06,0.010096161777991523,1.0,0.5,0.041666666666666664,0.0,1.0
20270017,n24_c35,low_energy,0.12,0.6608,0.68,0.92,0.04,0.010495688828087204,1.0,0.0,0.041666666666666664,0.0,1.0
20270017,n24_c35,low_energy,0.24,0.7592,0.34,0.92,0.04,0.010495688828087204,1.0,0.0,0.041666666666666664,0.0,1.0
20270017,n24_c35,low_energy,0.48,0.7824,0.32,0.92,0.04,0.010495688828087204,1.0,0.0,0.041666666666666664,0.0,1.0
20270017,n24_c35,no_replay,0.12,0.7392,0.68,0.92,0.04,0.010665043189497935,1.0,0.0,0.041666666666666664,0.0,1.0
20270017,n24_c35,no_replay,0.24,0.9808,0.04,0.92,0.04,0.010665043189497935,1.0,0.0,0.041666666666666664,0.0,1.0
20270017,n24_c35,no_replay,0.48,1.0,0.0,0.92,0.04,0.010665043189497935,1.0,0.0,0.041666666666666664,0.0,1.0
20270017,n24_c35,random_replay,0.12,0.6632,0.66,0.92,0.06,0.010096161777991523,1.0,0.5,0.041666666666666664,0.0,1.0
20270017,n24_c35,random_replay,0.24,0.7792,0.34,0.92,0.06,0.010096161777991523,1.0,0.5,0.041666666666666664,0.0,1.0
20270017,n24_c35,random_replay,0.48,0.7824,0.32,0.92,0.06,0.010096161777991523,1.0,0.5,0.041666666666666664,0.0,1.0
20270017,n24_c65,high_energy,0.12,0.6184000000000001,0.74,0.88,0.04,0.006487563442020165,1.0,0.0,0.041666666666666664,0.0,0.96
20270017,n24_c65,high_energy,0.24,0.748,0.38,0.88,0.04,0.006487563442020165,1.0,0.0,0.041666666666666664,0.0,0.96
20270017,n24_c65,high_energy,0.48,0.9784,0.04,0.88,0.04,0.006487563442020165,1.0,0.0,0.041666666666666664,0.0,0.96
20270017,n24_c65,low_energy,0.12,0.6056,0.76,0.88,0.04,0.006455689903439448,1.0,0.0,0.041666666666666664,0.0,0.96
20270017,n24_c65,low_energy,0.24,0.7183999999999999,0.42,0.88,0.04,0.006455689903439448,1.0,0.0,0.041666666666666664,0.0,0.96
20270017,n24_c65,low_energy,0.48,0.9352,0.06,0.88,0.04,0.006455689903439448,1.0,0.0,0.041666666666666664,0.0,0.96
20270017,n24_c65,no_replay,0.12,0.6176,0.84,0.92,0.04,0.0069107386660818325,1.0,0.0,0.041666666666666664,0.0,0.96
20270017,n24_c65,no_replay,0.24,0.8400000000000001,0.34,0.92,0.04,0.0069107386660818325,1.0,0.0,0.041666666666666664,0.0,0.96
20270017,n24_c65,no_replay,0.48,0.9583999999999999,0.02,0.92,0.04,0.0069107386660818325,1.0,0.0,0.041666666666666664,0.0,0.96
20270017,n24_c65,random_replay,0.12,0.6056,0.82,0.92,0.04,0.006455689903439448,1.0,0.0,0.041666666666666664,0.0,0.96
20270017,n24_c65,random_replay,0.24,0.7183999999999999,0.42,0.92,0.04,0.006455689903439448,1.0,0.0,0.041666666666666664,0.0,0.96
20270017,n24_c65,random_replay,0.48,0.9352,0.06,0.92,0.04,0.006455689903439448,1.0,0.0,0.041666666666666664,0.0,0.96
20270017,n40_c15,high_energy,0.12,0.6927424152290304,0.5609756097560976,0.8048780487804879,0.03048780487804878,0.013300922217954677,1.0,0.0,0.03125,0.0,1.0
20270017,n40_c15,high_energy,0.24,0.8325401546698393,0.23170731707317074,0.8048780487804879,0.03048780487804878,0.013300922217954677,1.0,0.0,0.03125,0.0,1.0
20270017,n40_c15,high_energy,0.48,0.8429506246281976,0.1951219512195122,0.8048780487804879,0.03048780487804878,0.013300922217954677,1.0,0.0,0.03125,0.0,1.0
20270017,n40_c15,low_energy,0.12,0.6918500892325996,0.5609756097560976,0.8292682926829268,0.024390243902439025,0.01338218955544782,1.0,0.0,0.025,0.0,1.0
20270017,n40_c15,low_energy,0.24,0.8325401546698393,0.23170731707317074,0.8292682926829268,0.024390243902439025,0.01338218955544782,1.0,0.0,0.025,0.0,1.0
20270017,n40_c15,low_energy,0.48,0.8429506246281976,0.1951219512195122,0.8292682926829268,0.024390243902439025,0.01338218955544782,1.0,0.0,0.025,0.0,1.0
20270017,n40_c15,no_replay,0.12,0.7709696609161214,0.4878048780487805,0.8048780487804879,0.024390243902439025,0.013335623900763312,1.0,0.0,0.025,0.0,1.0
20270017,n40_c15,no_replay,0.24,0.9863176680547294,0.04878048780487805,0.8048780487804879,0.024390243902439025,0.013335623900763312,1.0,0.0,0.025,0.0,1.0
20270017,n40_c15,no_replay,0.48,1.0,0.0,0.8048780487804879,0.024390243902439025,0.013335623900763312,1.0,0.0,0.025,0.0,1.0
20270017,n40_c15,random_replay,0.12,0.6918500892325996,0.5609756097560976,0.8292682926829268,0.024390243902439025,0.01338218955544782,1.0,0.0,0.025,0.0,1.0
20270017,n40_c15,random_replay,0.24,0.8325401546698393,0.23170731707317074,0.8292682926829268,0.024390243902439025,0.01338218955544782,1.0,0.0,0.025,0.0,1.0
20270017,n40_c15,random_replay,0.48,0.8429506246281976,0.1951219512195122,0.8292682926829268,0.024390243902439025,0.01338218955544782,1.0,0.0,0.025,0.0,1.0
20270017,n40_c35,high_energy,0.12,0.6496133254015467,0.7804878048780488,0.975609756097561,0.024390243902439025,0.01045678640689839,1.0,0.0,0.025,0.0,1.0
20270017,n40_c35,high_energy,0.24,0.8227245687091017,0.3170731707317073,0.975609756097561,0.024390243902439025,0.01045678640689839,1.0,0.0,0.025,0.0,1.0
20270017,n40_c35,high_energy,0.48,0.8429506246281976,0.1951219512195122,0.975609756097561,0.024390243902439025,0.01045678640689839,1.0,0.0,0.025,0.0,1.0
20270017,n40_c35,low_energy,0.12,0.6442593694229626,0.7926829268292683,0.9512195121951219,0.024390243902439025,0.010430074953516541,1.0,0.0,0.025,0.0,1.0
20270017,n40_c35,low_energy,0.24,0.8057703747769185,0.3170731707317073,0.9512195121951219,0.024390243902439025,0.010430074953516541,1.0,0.0,0.025,0.0,1.0
20270017,n40_c35,low_energy,0.48,0.8429506246281976,0.1951219512195122,0.9512195121951219,0.024390243902439025,0.010430074953516541,1.0,0.0,0.025,0.0,1.0
20270017,n40_c35,no_replay,0.12,0.6992861392028555,0.7804878048780488,0.926829268292683,0.024390243902439025,0.010569987738606762,1.0,0.0,0.025,0.0,1.0
20270017,n40_c35,no_replay,0.24,0.9619274241522903,0.2073170731707317,0.926829268292683,0.024390243902439025,0.010569987738606762,1.0,0.0,0.025,0.0,1.0
20270017,n40_c35,no_replay,0.48,1.0,0.0,0.926829268292683,0.024390243902439025,0.010569987738606762,1.0,0.0,0.025,0.0,1.0
20270017,n40_c35,random_replay,0.12,0.6442593694229626,0.8048780487804879,0.9512195121951219,0.024390243902439025,0.010430074953516541,1.0,0.0,0.025,0.0,1.0
20270017,n40_c35,random_replay,0.24,0.8057703747769185,0.3170731707317073,0.9512195121951219,0.024390243902439025,0.010430074953516541,1.0,0.0,0.025,0.0,1.0
20270017,n40_c35,random_replay,0.48,0.8429506246281976,0.1951219512195122,0.9512195121951219,0.024390243902439025,0.010430074953516541,1.0,0.0,0.025,0.0,1.0
20270017,n40_c65,high_energy,0.12,0.5844735276621059,0.8292682926829268,0.926829268292683,0.024390243902439025,0.0063101657251691794,1.0,0.0,0.025,0.0,0.975609756097561
20270017,n40_c65,high_energy,0.24,0.7415229030339084,0.5,0.926829268292683,0.024390243902439025,0.0063101657251691794,1.0,0.0,0.025,0.0,0.975609756097561
20270017,n40_c65,high_energy,0.48,0.9767995240928018,0.07317073170731707,0.926829268292683,0.024390243902439025,0.0063101657251691794,1.0,0.0,0.025,0.0,0.975609756097561
20270017,n40_c65,low_energy,0.12,0.5826888756692445,0.8292682926829268,0.926829268292683,0.024390243902439025,0.00628117192463207,1.0,0.0,0.025,0.0,0.975609756097561
20270017,n40_c65,low_energy,0.24,0.7287328970850684,0.5121951219512195,0.926829268292683,0.024390243902439025,0.00628117192463207,1.0,0.0,0.025,0.0,0.975609756097561
20270017,n40_c65,low_energy,0.48,0.9547888161808447,0.08536585365853659,0.926829268292683,0.024390243902439025,0.00628117192463207,1.0,0.0,0.025,0.0,0.975609756097561
20270017,n40_c65,no_replay,0.12,0.5814991076740036,0.8414634146341463,0.926829268292683,0.024390243902439025,0.006526845090214407,1.0,0.0,0.025,0.0,0.975609756097561
20270017,n40_c65,no_replay,0.24,0.7810826888756692,0.6341463414634146,0.926829268292683,0.024390243902439025,0.006526845090214407,1.0,0.0,0.025,0.0,0.975609756097561
20270017,n40_c65,no_replay,0.48,0.9649018441403925,0.024390243902439025,0.926829268292683,0.024390243902439025,0.006526845090214407,1.0,0.0,0.025,0.0,0.975609756097561
20270017,n40_c65,random_replay,0.12,0.5826888756692445,0.8292682926829268,0.926829268292683,0.024390243902439025,0.00628117192463207,1.0,0.0,0.025,0.0,0.975609756097561
20270017,n40_c65,random_replay,0.24,0.7287328970850684,0.5487804878048781,0.926829268292683,0.024390243902439025,0.00628117192463207,1.0,0.0,0.025,0.0,0.975609756097561
20270017,n40_c65,random_replay,0.48,0.9547888161808447,0.08536585365853659,0.926829268292683,0.024390243902439025,0.00628117192463207,1.0,0.0,0.025,0.0,0.975609756097561
20270018,n12_c15,high_energy,0.12,0.7218934911242604,0.7692307692307693,0.7692307692307693,0.5769230769230769,0.007305385887795747,1.0,0.75,0.5625,0.0,1.0
20270018,n12_c15,high_energy,0.24,0.7603550295857988,0.6153846153846154,0.7692307692307693,0.5769230769230769,0.007305385887795747,1.0,0.75,0.5625,0.0,1.0
20270018,n12_c15,high_energy,0.48,0.7633136094674556,0.6153846153846154,0.7692307692307693,0.5769230769230769,0.007305385887795747,1.0,0.75,0.5625,0.0,1.0
20270018,n12_c15,low_energy,0.12,0.7366863905325445,0.6923076923076923,0.7692307692307693,0.5769230769230769,0.006595897558551829,1.0,0.0,0.625,0.0,1.0
20270018,n12_c15,low_energy,0.24,0.7603550295857988,0.6153846153846154,0.7692307692307693,0.5769230769230769,0.006595897558551829,1.0,0.0,0.625,0.0,1.0
20270018,n12_c15,low_energy,0.48,0.7633136094674556,0.6153846153846154,0.7692307692307693,0.5769230769230769,0.006595897558551829,1.0,0.0,0.625,0.0,1.0
20270018,n12_c15,no_replay,0.12,0.7573964497041421,0.6538461538461539,0.9230769230769231,0.5,0.007355262347835467,1.0,0.25,0.5208333333333334,0.0,1.0
20270018,n12_c15,no_replay,0.24,0.9940828402366864,0.038461538461538464,0.9230769230769231,0.5,0.007355262347835467,1.0,0.25,0.5208333333333334,0.0,1.0
20270018,n12_c15,no_replay,0.48,1.0,0.0,0.9230769230769231,0.5,0.007355262347835467,1.0,0.25,0.5208333333333334,0.0,1.0
20270018,n12_c15,random_replay,0.12,0.7218934911242604,0.7692307692307693,0.7692307692307693,0.5769230769230769,0.007305385887795747,1.0,0.75,0.5625,0.0,1.0
20270018,n12_c15,random_replay,0.24,0.7603550295857988,0.6153846153846154,0.7692307692307693,0.5769230769230769,0.007305385887795747,1.0,0.75,0.5625,0.0,1.0
20270018,n12_c15,random_replay,0.48,0.7633136094674556,0.6153846153846154,0.7692307692307693,0.5769230769230769,0.007305385887795747,1.0,0.75,0.5625,0.0,1.0
20270018,n12_c35,high_energy,0.12,0.7189349112426036,0.8461538461538461,1.0,0.3076923076923077,0.007901917906751564,1.0,0.5,0.2916666666666667,0.0,1.0
20270018,n12_c35,high_energy,0.24,0.7633136094674556,0.6153846153846154,1.0,0.3076923076923077,0.007901917906751564,1.0,0.5,0.2916666666666667,0.0,1.0
20270018,n12_c35,high_energy,0.48,0.7633136094674556,0.6153846153846154,1.0,0.3076923076923077,0.007901917906751564,1.0,0.5,0.2916666666666667,0.0,1.0
20270018,n12_c35,low_energy,0.12,0.7248520710059172,0.9230769230769231,0.9230769230769231,0.19230769230769232,0.00952098613092096,1.0,0.0,0.20833333333333334,0.0,1.0
20270018,n12_c35,low_energy,0.24,0.7455621301775148,0.6153846153846154,0.9230769230769231,0.19230769230769232,0.00952098613092096,1.0,0.0,0.20833333333333334,0.0,1.0
20270018,n12_c35,low_energy,0.48,0.7633136094674556,0.6153846153846154,0.9230769230769231,0.19230769230769232,0.00952098613092096,1.0,0.0,0.20833333333333334,0.0,1.0
20270018,n12_c35,no_replay,0.12,0.7633136094674557,0.8461538461538461,0.9230769230769231,0.07692307692307693,0.0106965657956959,1.0,0.0,0.08333333333333333,0.0,1.0
20270018,n12_c35,no_replay,0.24,0.985207100591716,0.0,0.9230769230769231,0.07692307692307693,0.0106965657956959,1.0,0.0,0.08333333333333333,0.0,1.0
20270018,n12_c35,no_replay,0.48,1.0,0.0,0.9230769230769231,0.07692307692307693,0.0106965657956959,1.0,0.0,0.08333333333333333,0.0,1.0
20270018,n12_c35,random_replay,0.12,0.7248520710059172,0.8461538461538461,0.9230769230769231,0.19230769230769232,0.00952098613092096,1.0,0.0,0.20833333333333334,0.0,1.0
20270018,n12_c35,random_replay,0.24,0.7455621301775148,0.6153846153846154,0.9230769230769231,0.19230769230769232,0.00952098613092096,1.0,0.0,0.20833333333333334,0.0,1.0
20270018,n12_c35,random_replay,0.48,0.7633136094674556,0.6153846153846154,0.9230769230769231,0.19230769230769232,0.00952098613092096,1.0,0.0,0.20833333333333334,0.0,1.0
20270018,n12_c65,high_energy,0.12,0.6775147928994082,0.8461538461538461,0.9230769230769231,0.07692307692307693,0.006869204797679367,1.0,0.0,0.08333333333333333,0.0,1.0
20270018,n12_c65,high_energy,0.24,0.7455621301775148,0.6153846153846154,0.9230769230769231,0.07692307692307693,0.006869204797679367,1.0,0.0,0.08333333333333333,0.0,1.0
20270018,n12_c65,high_energy,0.48,0.9911242603550295,0.07692307692307693,0.9230769230769231,0.07692307692307693,0.006869204797679367,1.0,0.0,0.08333333333333333,0.0,1.0
20270018,n12_c65,low_energy,0.12,0.7011834319526626,0.8076923076923077,0.9230769230769231,0.07692307692307693,0.006842309415197853,1.0,0.0,0.08333333333333333,0.0,0.9230769230769231
20270018,n12_c65,low_energy,0.24,0.7396449704142012,0.6153846153846154,0.9230769230769231,0.07692307692307693,0.006842309415197853,1.0,0.0,0.08333333333333333,0.0,0.9230769230769231
20270018,n12_c65,low_energy,0.48,0.9260355029585798,0.11538461538461539,0.9230769230769231,0.07692307692307693,0.006842309415197853,1.0,0.0,0.08333333333333333,0.0,0.9230769230769231
20270018,n12_c65,no_replay,0.12,0.6804733727810651,0.8461538461538461,0.8461538461538461,0.07692307692307693,0.007439298839550961,1.0,0.0,0.08333333333333333,0.0,0.9230769230769231
20270018,n12_c65,no_replay,0.24,0.8994082840236688,0.15384615384615385,0.8461538461538461,0.07692307692307693,0.007439298839550961,1.0,0.0,0.08333333333333333,0.0,0.9230769230769231
20270018,n12_c65,no_replay,0.48,0.9881656804733727,0.0,0.8461538461538461,0.07692307692307693,0.007439298839550961,1.0,0.0,0.08333333333333333,0.0,0.9230769230769231
20270018,n12_c65,random_replay,0.12,0.6775147928994082,0.8461538461538461,0.9230769230769231,0.07692307692307693,0.006869204797679367,1.0,0.0,0.08333333333333333,0.0,1.0
20270018,n12_c65,random_replay,0.24,0.7455621301775148,0.6153846153846154,0.9230769230769231,0.07692307692307693,0.006869204797679367,1.0,0.0,0.08333333333333333,0.0,1.0
20270018,n12_c65,random_replay,0.48,0.9911242603550295,0.07692307692307693,0.9230769230769231,0.07692307692307693,0.006869204797679367,1.0,0.0,0.08333333333333333,0.0,1.0
20270018,n24_c15,high_energy,0.12,0.6759999999999999,0.62,0.92,0.16,0.011609432954432047,1.0,0.25,0.15625,0.0,1.0
20270018,n24_c15,high_energy,0.24,0.7816,0.32,0.92,0.16,0.011609432954432047,1.0,0.25,0.15625,0.0,1.0
20270018,n24_c15,high_energy,0.48,0.7824,0.32,0.92,0.16,0.011609432954432047,1.0,0.25,0.15625,0.0,1.0
20270018,n24_c15,low_energy,0.12,0.6799999999999999,0.68,0.92,0.17,0.011527848192856292,1.0,0.0,0.17708333333333334,0.0,1.0
20270018,n24_c15,low_energy,0.24,0.7816,0.32,0.92,0.17,0.011527848192856292,1.0,0.0,0.17708333333333334,0.0,1.0
20270018,n24_c15,low_energy,0.48,0.7824,0.32,0.92,0.17,0.011527848192856292,1.0,0.0,0.17708333333333334,0.0,1.0
20270018,n24_c15,no_replay,0.12,0.7832,0.68,0.96,0.04,0.013150807526898945,1.0,0.0,0.041666666666666664,0.0,1.0
20270018,n24_c15,no_replay,0.24,0.9984,0.0,0.96,0.04,0.013150807526898945,1.0,0.0,0.041666666666666664,0.0,1.0
20270018,n24_c15,no_replay,0.48,1.0,0.0,0.96,0.04,0.013150807526898945,1.0,0.0,0.041666666666666664,0.0,1.0
20270018,n24_c15,random_replay,0.12,0.6759999999999999,0.64,0.92,0.16,0.011609432954432047,1.0,0.25,0.15625,0.0,1.0
20270018,n24_c15,random_replay,0.24,0.7816,0.32,0.92,0.16,0.011609432954432047,1.0,0.25,0.15625,0.0,1.0
20270018,n24_c15,random_replay,0.48,0.7824,0.32,0.92,0.16,0.011609432954432047,1.0,0.25,0.15625,0.0,1.0
20270018,n24_c35,high_energy,0.12,0.6296,0.7,0.92,0.05,0.010310811679567503,1.0,0.25,0.041666666666666664,0.0,1.0
20270018,n24_c35,high_energy,0.24,0.7728,0.34,0.92,0.05,0.010310811679567503,1.0,0.25,0.041666666666666664,0.0,1.0
20270018,n24_c35,high_energy,0.48,0.7824,0.32,0.92,0.05,0.010310811679567503,1.0,0.25,0.041666666666666664,0.0,1.0
20270018,n24_c35,low_energy,0.12,0.6376000000000001,0.7,0.88,0.04,0.010476997161124298,1.0,0.0,0.041666666666666664,0.0,1.0
20270018,n24_c35,low_energy,0.24,0.752,0.32,0.88,0.04,0.010476997161124298,1.0,0.0,0.041666666666666664,0.0,1.0
20270018,n24_c35,low_energy,0.48,0.7824,0.32,0.88,0.04,0.010476997161124298,1.0,0.0,0.041666666666666664,0.0,1.0
20270018,n24_c35,no_replay,0.12,0.6936,0.54,0.76,0.04,0.010675988727047357,1.0,0.0,0.041666666666666664,0.0,1.0
20270018,n24_c35,no_replay,0.24,0.9703999999999999,0.02,0.76,0.04,0.010675988727047357,1.0,0.0,0.041666666666666664,0.0,1.0
20270018,n24_c35,no_replay,0.48,1.0,0.0,0.76,0.04,0.010675988727047357,1.0,0.0,0.041666666666666664,0.0,1.0
20270018,n24_c35,random_replay,0.12,0.6296,0.7,0.92,0.05,0.010310811679567499,1.0,0.25,0.041666666666666664,0.0,1.0
20270018,n24_c35,random_replay,0.24,0.7728,0.34,0.92,0.05,0.010310811679567499,1.0,0.25,0.041666666666666664,0.0,1.0
20270018,n24_c35,random_replay,0.48,0.7824,0.32,0.92,0.05,0.010310811679567499,1.0,0.25,0.041666666666666664,0.0,1.0
20270018,n24_c65,high_energy,0.12,0.5871999999999999,0.76,0.88,0.04,0.006408605169076668,1.0,0.0,0.041666666666666664,0.0,0.96
20270018,n24_c65,high_energy,0.24,0.7016,0.5,0.88,0.04,0.006408605169076668,1.0,0.0,0.041666666666666664,0.0,0.96
20270018,n24_c65,high_energy,0.48,0.988,0.02,0.88,0.04,0.006408605169076668,1.0,0.0,0.041666666666666664,0.0,0.96
20270018,n24_c65,low_energy,0.12,0.5736,0.78,0.88,0.04,0.006364940162498788,1.0,0.0,0.041666666666666664,0.0,0.96
20270018,n24_c65,low_energy,0.24,0.672,0.58,0.88,0.04,0.006364940162498788,1.0,0.0,0.041666666666666664,0.0,0.96
20270018,n24_c65,low_energy,0.48,0.9504000000000001,0.02,0.88,0.04,0.006364940162498788,1.0,0.0,0.041666666666666664,0.0,0.96
20270018,n24_c65,no_replay,0.12,0.5840000000000001,0.8,0.92,0.04,0.006791318980792998,1.0,0.0,0.041666666666666664,0.0,0.96
20270018,n24_c65,no_replay,0.24,0.7848000000000002,0.44,0.92,0.04,0.006791318980792998,1.0,0.0,0.041666666666666664,0.0,0.96
20270018,n24_c65,no_replay,0.48,0.96,0.0,0.92,0.04,0.006791318980792998,1.0,0.0,0.041666666666666664,0.0,0.96
20270018,n24_c65,random_replay,0.12,0.5736,0.78,0.92,0.04,0.006364940162498788,1.0,0.0,0.041666666666666664,0.0,0.96
20270018,n24_c65,random_replay,0.24,0.672,0.58,0.92,0.04,0.006364940162498788,1.0,0.0,0.041666666666666664,0.0,0.96
20270018,n24_c65,random_replay,0.48,0.9504000000000001,0.06,0.92,0.04,0.006364940162498788,1.0,0.0,0.041666666666666664,0.0,0.96
20270018,n40_c15,high_energy,0.12,0.7004759071980964,0.7073170731707317,0.975609756097561,0.042682926829268296,0.013074120711808947,1.0,0.25,0.0375,0.0,1.0
20270018,n40_c15,high_energy,0.24,0.8396787626412849,0.23170731707317074,0.975609756097561,0.042682926829268296,0.013074120711808947,1.0,0.25,0.0375,0.0,1.0
20270018,n40_c15,high_energy,0.48,0.8429506246281976,0.1951219512195122,0.975609756097561,0.042682926829268296,0.013074120711808947,1.0,0.25,0.0375,0.0,1.0
20270018,n40_c15,low_energy,0.12,0.6888756692444973,0.7195121951219512,0.9512195121951219,0.024390243902439025,0.013339795002437184,1.0,0.0,0.025,0.0,1.0
20270018,n40_c15,low_energy,0.24,0.8361094586555621,0.24390243902439024,0.9512195121951219,0.024390243902439025,0.013339795002437184,1.0,0.0,0.025,0.0,1.0
20270018,n40_c15,low_energy,0.48,0.8429506246281976,0.1951219512195122,0.9512195121951219,0.024390243902439025,0.013339795002437184,1.0,0.0,0.025,0.0,1.0
20270018,n40_c15,no_replay,0.12,0.7516359309934563,0.6463414634146342,0.9512195121951219,0.024390243902439025,0.013276400394446585,1.0,0.0,0.025,0.0,1.0
20270018,n40_c15,no_replay,0.24,0.9913741820345032,0.04878048780487805,0.9512195121951219,0.024390243902439025,0.013276400394446585,1.0,0.0,0.025,0.0,1.0
20270018,n40_c15,no_replay,0.48,1.0,0.0,0.9512195121951219,0.024390243902439025,0.013276400394446585,1.0,0.0,0.025,0.0,1.0
20270018,n40_c15,random_replay,0.12,0.6888756692444973,0.7195121951219512,0.9512195121951219,0.024390243902439025,0.013339795002437184,1.0,0.0,0.025,0.0,1.0
20270018,n40_c15,random_replay,0.24,0.8361094586555621,0.24390243902439024,0.9512195121951219,0.024390243902439025,0.013339795002437184,1.0,0.0,0.025,0.0,1.0
20270018,n40_c15,random_replay,0.48,0.8429506246281976,0.1951219512195122,0.9512195121951219,0.024390243902439025,0.013339795002437184,1.0,0.0,0.025,0.0,1.0
20270018,n40_c35,high_energy,0.12,0.6600237953599049,0.7317073170731707,0.926829268292683,0.024390243902439025,0.01050664193641992,1.0,0.0,0.025,0.0,1.0
20270018,n40_c35,high_energy,0.24,0.817965496728138,0.25609756097560976,0.926829268292683,0.024390243902439025,0.01050664193641992,1.0,0.0,0.025,0.0,1.0
20270018,n40_c35,high_energy,0.48,0.8429506246281976,0.1951219512195122,0.926829268292683,0.024390243902439025,0.01050664193641992,1.0,0.0,0.025,0.0,1.0
20270018,n40_c35,low_energy,0.12,0.6540749553837002,0.7560975609756098,0.9024390243902439,0.024390243902439025,0.01049031732443855,1.0,0.0,0.025,0.0,1.0
20270018,n40_c35,low_energy,0.24,0.8001189767995242,0.2682926829268293,0.9024390243902439,0.024390243902439025,0.01049031732443855,1.0,0.0,0.025,0.0,1.0
20270018,n40_c35,low_energy,0.48,0.8429506246281976,0.1951219512195122,0.9024390243902439,0.024390243902439025,0.01049031732443855,1.0,0.0,0.025,0.0,1.0
20270018,n40_c35,no_replay,0.12,0.7299226650803093,0.7560975609756098,0.9512195121951219,0.024390243902439025,0.010612832232244745,1.0,0.0,0.025,0.0,1.0
20270018,n40_c35,no_replay,0.24,0.9568709101725164,0.12195121951219512,0.9512195121951219,0.024390243902439025,0.010612832232244745,1.0,0.0,0.025,0.0,1.0
20270018,n40_c35,no_replay,0.48,1.0,0.0,0.9512195121951219,0.024390243902439025,0.010612832232244745,1.0,0.0,0.025,0.0,1.0
20270018,n40_c35,random_replay,0.12,0.6540749553837002,0.7560975609756098,0.9024390243902439,0.024390243902439025,0.01049031732443855,1.0,0.0,0.025,0.0,1.0
20270018,n40_c35,random_replay,0.24,0.8001189767995242,0.2682926829268293,0.9024390243902439,0.024390243902439025,0.01049031732443855,1.0,0.0,0.025,0.0,1.0
20270018,n40_c35,random_replay,0.48,0.8429506246281976,0.1951219512195122,0.9024390243902439,0.024390243902439025,0.01049031732443855,1.0,0.0,0.025,0.0,1.0
20270018,n40_c65,high_energy,0.12,0.5984533016061867,0.8292682926829268,0.9512195121951219,0.024390243902439025,0.0062339775194979975,1.0,0.0,0.025,0.0,0.975609756097561
20270018,n40_c65,high_energy,0.24,0.7620464009518144,0.47560975609756095,0.9512195121951219,0.024390243902439025,0.0062339775194979975,1.0,0.0,0.025,0.0,0.975609756097561
20270018,n40_c65,high_energy,0.48,0.9958358120166568,0.012195121951219513,0.9512195121951219,0.024390243902439025,0.0062339775194979975,1.0,0.0,0.025,0.0,0.975609756097561
20270018,n40_c65,low_energy,0.12,0.5972635336109459,0.8414634146341463,0.9512195121951219,0.024390243902439025,0.006194308475267793,1.0,0.0,0.025,0.0,0.975609756097561
20270018,n40_c65,low_energy,0.24,0.7540154669839381,0.5121951219512195,0.9512195121951219,0.024390243902439025,0.006194308475267793,1.0,0.0,0.025,0.0,0.975609756097561
20270018,n40_c65,low_energy,0.48,0.9747174301011303,0.012195121951219513,0.9512195121951219,0.024390243902439025,0.006194308475267793,1.0,0.0,0.025,0.0,0.975609756097561
20270018,n40_c65,no_replay,0.12,0.6160023795359905,0.9024390243902439,0.9512195121951219,0.024390243902439025,0.006514141724421541,1.0,0.0,0.025,0.0,0.975609756097561
20270018,n40_c65,no_replay,0.24,0.8301606186793575,0.573170731707317,0.9512195121951219,0.024390243902439025,0.006514141724421541,1.0,0.0,0.025,0.0,0.975609756097561
20270018,n40_c65,no_replay,0.48,0.9732302201070792,0.012195121951219513,0.9512195121951219,0.024390243902439025,0.006514141724421541,1.0,0.0,0.025,0.0,0.975609756097561
20270018,n40_c65,random_replay,0.12,0.5984533016061867,0.7439024390243902,0.926829268292683,0.024390243902439025,0.0062339775194979975,1.0,0.0,0.025,0.0,0.975609756097561
20270018,n40_c65,random_replay,0.24,0.7620464009518144,0.45121951219512196,0.926829268292683,0.024390243902439025,0.0062339775194979975,1.0,0.0,0.025,0.0,0.975609756097561
20270018,n40_c65,random_replay,0.48,0.9958358120166568,0.012195121951219513,0.926829268292683,0.024390243902439025,0.0062339775194979975,1.0,0.0,0.025,0.0,0.975609756097561
20270019,n12_c15,high_energy,0.12,0.7573964497041421,0.8846153846153846,1.0,0.5576923076923077,0.011938906528491649,1.0,0.25,0.5833333333333334,0.0,1.0
20270019,n12_c15,high_energy,0.24,0.7633136094674556,0.6153846153846154,1.0,0.5576923076923077,0.011938906528491649,1.0,0.25,0.5833333333333334,0.0,1.0
20270019,n12_c15,high_energy,0.48,0.7633136094674556,0.6153846153846154,1.0,0.5576923076923077,0.011938906528491649,1.0,0.25,0.5833333333333334,0.0,1.0
20270019,n12_c15,low_energy,0.12,0.742603550295858,0.8461538461538461,1.0,0.5769230769230769,0.006605908530536577,1.0,0.0,0.625,0.0,1.0
20270019,n12_c15,low_energy,0.24,0.7633136094674556,0.6153846153846154,1.0,0.5769230769230769,0.006605908530536577,1.0,0.0,0.625,0.0,1.0
20270019,n12_c15,low_energy,0.48,0.7633136094674556,0.6153846153846154,1.0,0.5769230769230769,0.006605908530536577,1.0,0.0,0.625,0.0,1.0
20270019,n12_c15,no_replay,0.12,0.7603550295857988,0.6538461538461539,0.9230769230769231,0.5384615384615384,0.00704402863852068,1.0,0.25,0.5625,0.0,1.0
20270019,n12_c15,no_replay,0.24,0.9911242603550297,0.07692307692307693,0.9230769230769231,0.5384615384615384,0.00704402863852068,1.0,0.25,0.5625,0.0,1.0
20270019,n12_c15,no_replay,0.48,1.0,0.0,0.9230769230769231,0.5384615384615384,0.00704402863852068,1.0,0.25,0.5625,0.0,1.0
20270019,n12_c15,random_replay,0.12,0.742603550295858,0.8461538461538461,1.0,0.5769230769230769,0.006605908530536577,1.0,0.0,0.625,0.0,1.0
20270019,n12_c15,random_replay,0.24,0.7633136094674556,0.6153846153846154,1.0,0.5769230769230769,0.006605908530536577,1.0,0.0,0.625,0.0,1.0
20270019,n12_c15,random_replay,0.48,0.7633136094674556,0.6153846153846154,1.0,0.5769230769230769,0.006605908530536577,1.0,0.0,0.625,0.0,1.0
20270019,n12_c35,high_energy,0.12,0.7218934911242604,0.6153846153846154,0.7692307692307693,0.28846153846153844,0.008135747609982525,1.0,0.5,0.2708333333333333,0.0,1.0
20270019,n12_c35,high_energy,0.24,0.7633136094674556,0.6153846153846154,0.7692307692307693,0.28846153846153844,0.008135747609982525,1.0,0.5,0.2708333333333333,0.0,1.0
20270019,n12_c35,high_energy,0.48,0.7633136094674556,0.6153846153846154,0.7692307692307693,0.28846153846153844,0.008135747609982525,1.0,0.5,0.2708333333333333,0.0,1.0
20270019,n12_c35,low_energy,0.12,0.7100591715976332,0.6923076923076923,0.8461538461538461,0.1346153846153846,0.009886156975561253,1.0,0.0,0.14583333333333334,0.0,1.0
20270019,n12_c35,low_energy,0.24,0.7633136094674556,0.6153846153846154,0.8461538461538461,0.1346153846153846,0.009886156975561253,1.0,0.0,0.14583333333333334,0.0,1.0
20270019,n12_c35,low_energy,0.48,0.7633136094674556,0.6153846153846154,0.8461538461538461,0.1346153846153846,0.009886156975561253,1.0,0.0,0.14583333333333334,0.0,1.0
20270019,n12_c35,no_replay,0.12,0.7337278106508875,0.38461538461538464,0.6923076923076923,0.09615384615384616,0.010644434302577293,1.0,0.0,0.10416666666666667,0.0,1.0
20270019,n12_c35,no_replay,0.24,0.9763313609467456,0.038461538461538464,0.6923076923076923,0.09615384615384616,0.010644434302577293,1.0,0.0,0.10416666666666667,0.0,1.0
20270019,n12_c35,no_replay,0.48,1.0,0.0,0.6923076923076923,0.09615384615384616,0.010644434302577293,1.0,0.0,0.10416666666666667,0.0,1.0
20270019,n12_c35,random_replay,0.12,0.7100591715976332,0.6538461538461539,0.8461538461538461,0.1346153846153846,0.009886156975561253,1.0,0.0,0.14583333333333334,0.0,1.0
20270019,n12_c35,random_replay,0.24,0.7633136094674556,0.6153846153846154,0.8461538461538461,0.1346153846153846,0.009886156975561253,1.0,0.0,0.14583333333333334,0.0,1.0
20270019,n12_c35,random_replay,0.48,0.7633136094674556,0.6153846153846154,0.8461538461538461,0.1346153846153846,0.009886156975561253,1.0,0.0,0.14583333333333334,0.0,1.0
20270019,n12_c65,high_energy,0.12,0.6597633136094674,0.6923076923076923,0.8461538461538461,0.09615384615384616,0.006471042124533642,1.0,0.25,0.08333333333333333,0.0,1.0
20270019,n12_c65,high_energy,0.24,0.7218934911242603,0.6153846153846154,0.8461538461538461,0.09615384615384616,0.006471042124533642,1.0,0.25,0.08333333333333333,0.0,1.0
20270019,n12_c65,high_energy,0.48,0.9615384615384616,0.07692307692307693,0.8461538461538461,0.09615384615384616,0.006471042124533642,1.0,0.25,0.08333333333333333,0.0,1.0
20270019,n12_c65,low_energy,0.12,0.6745562130177515,0.6923076923076923,0.8461538461538461,0.07692307692307693,0.006916490432533958,1.0,0.0,0.08333333333333333,0.0,0.9230769230769231
20270019,n12_c65,low_energy,0.24,0.7396449704142012,0.6153846153846154,0.8461538461538461,0.07692307692307693,0.006916490432533958,1.0,0.0,0.08333333333333333,0.0,0.9230769230769231
20270019,n12_c65,low_energy,0.48,0.9053254437869822,0.11538461538461539,0.8461538461538461,0.07692307692307693,0.006916490432533958,1.0,0.0,0.08333333333333333,0.0,0.9230769230769231
20270019,n12_c65,no_replay,0.12,0.650887573964497,0.8076923076923077,0.9230769230769231,0.09615384615384616,0.006910986440854533,1.0,0.25,0.08333333333333333,0.0,0.9230769230769231
20270019,n12_c65,no_replay,0.24,0.8431952662721895,0.2692307692307692,0.9230769230769231,0.09615384615384616,0.006910986440854533,1.0,0.25,0.08333333333333333,0.0,0.9230769230769231
20270019,n12_c65,no_replay,0.48,0.985207100591716,0.0,0.9230769230769231,0.09615384615384616,0.006910986440854533,1.0,0.25,0.08333333333333333,0.0,0.9230769230769231
20270019,n12_c65,random_replay,0.12,0.6597633136094674,0.6923076923076923,0.8461538461538461,0.09615384615384616,0.006471042124533642,1.0,0.25,0.08333333333333333,0.0,1.0
20270019,n12_c65,random_replay,0.24,0.7218934911242603,0.6153846153846154,0.8461538461538461,0.09615384615384616,0.006471042124533642,1.0,0.25,0.08333333333333333,0.0,1.0
20270019,n12_c65,random_replay,0.48,0.9615384615384616,0.07692307692307693,0.8461538461538461,0.09615384615384616,0.006471042124533642,1.0,0.25,0.08333333333333333,0.0,1.0
20270019,n24_c15,high_energy,0.12,0.6664,0.72,0.92,0.17,0.011489824008195669,1.0,0.5,0.15625,0.0,1.0
20270019,n24_c15,high_energy,0.24,0.78,0.32,0.92,0.17,0.011489824008195669,1.0,0.5,0.15625,0.0,1.0
20270019,n24_c15,high_energy,0.48,0.7824,0.32,0.92,0.17,0.011489824008195669,1.0,0.5,0.15625,0.0,1.0
20270019,n24_c15,low_energy,0.12,0.6736,0.7,0.92,0.17,0.011561748433656321,1.0,0.0,0.17708333333333334,0.0,1.0
20270019,n24_c15,low_energy,0.24,0.78,0.32,0.92,0.17,0.011561748433656321,1.0,0.0,0.17708333333333334,0.0,1.0
20270019,n24_c15,low_energy,0.48,0.7824,0.32,0.92,0.17,0.011561748433656321,1.0,0.0,0.17708333333333334,0.0,1.0
20270019,n24_c15,no_replay,0.12,0.7528,0.66,0.88,0.05,0.012980612610503513,1.0,0.25,0.041666666666666664,0.0,1.0
20270019,n24_c15,no_replay,0.24,0.9952,0.02,0.88,0.05,0.012980612610503513,1.0,0.25,0.041666666666666664,0.0,1.0
20270019,n24_c15,no_replay,0.48,1.0,0.0,0.88,0.05,0.012980612610503513,1.0,0.25,0.041666666666666664,0.0,1.0
20270019,n24_c15,random_replay,0.12,0.6664,0.74,0.92,0.17,0.011489824008195666,1.0,0.5,0.15625,0.0,1.0
20270019,n24_c15,random_replay,0.24,0.78,0.32,0.92,0.17,0.011489824008195666,1.0,0.5,0.15625,0.0,1.0
20270019,n24_c15,random_replay,0.48,0.7824,0.32,0.92,0.17,0.011489824008195666,1.0,0.5,0.15625,0.0,1.0
20270019,n24_c35,high_energy,0.12,0.6312,0.6,0.8,0.05,0.010346940041512098,1.0,0.25,0.041666666666666664,0.0,1.0
20270019,n24_c35,high_energy,0.24,0.7784,0.32,0.8,0.05,0.010346940041512098,1.0,0.25,0.041666666666666664,0.0,1.0
20270019,n24_c35,high_energy,0.48,0.7824,0.32,0.8,0.05,0.010346940041512098,1.0,0.25,0.041666666666666664,0.0,1.0
20270019,n24_c35,low_energy,0.12,0.6304,0.64,0.8,0.04,0.010515912906976304,1.0,0.0,0.041666666666666664,0.0,1.0
20270019,n24_c35,low_energy,0.24,0.7576,0.34,0.8,0.04,0.010515912906976304,1.0,0.0,0.041666666666666664,0.0,1.0
20270019,n24_c35,low_energy,0.48,0.7824,0.32,0.8,0.04,0.010515912906976304,1.0,0.0,0.041666666666666664,0.0,1.0
20270019,n24_c35,no_replay,0.12,0.6696,0.56,0.8,0.04,0.010693680563232381,1.0,0.0,0.041666666666666664,0.0,1.0
20270019,n24_c35,no_replay,0.24,0.9672,0.02,0.8,0.04,0.010693680563232381,1.0,0.0,0.041666666666666664,0.0,1.0
20270019,n24_c35,no_replay,0.48,1.0,0.0,0.8,0.04,0.010693680563232381,1.0,0.0,0.041666666666666664,0.0,1.0
20270019,n24_c35,random_replay,0.12,0.6304,0.64,0.8,0.04,0.010515912906976304,1.0,0.0,0.041666666666666664,0.0,1.0
20270019,n24_c35,random_replay,0.24,0.7576,0.34,0.8,0.04,0.010515912906976304,1.0,0.0,0.041666666666666664,0.0,1.0
20270019,n24_c35,random_replay,0.48,0.7824,0.32,0.8,0.04,0.010515912906976304,1.0,0.0,0.041666666666666664,0.0,1.0
20270019,n24_c65,high_energy,0.12,0.6272,0.88,0.96,0.04,0.006329706042283345,1.0,0.0,0.041666666666666664,0.0,1.0
20270019,n24_c65,high_energy,0.24,0.7512,0.46,0.96,0.04,0.006329706042283345,1.0,0.0,0.041666666666666664,0.0,1.0
20270019,n24_c65,high_energy,0.48,0.996,0.06,0.96,0.04,0.006329706042283345,1.0,0.0,0.041666666666666664,0.0,1.0
20270019,n24_c65,low_energy,0.12,0.6184000000000001,0.84,0.96,0.04,0.006312602014048739,1.0,0.0,0.041666666666666664,0.0,0.96
20270019,n24_c65,low_energy,0.24,0.7184,0.54,0.96,0.04,0.006312602014048739,1.0,0.0,0.041666666666666664,0.0,0.96
20270019,n24_c65,low_energy,0.48,0.9575999999999999,0.06,0.96,0.04,0.006312602014048739,1.0,0.0,0.041666666666666664,0.0,0.96
20270019,n24_c65,no_replay,0.12,0.6528,0.9,0.96,0.04,0.0066355816196271055,1.0,0.0,0.041666666666666664,0.0,0.96
20270019,n24_c65,no_replay,0.24,0.8672,0.52,0.96,0.04,0.0066355816196271055,1.0,0.0,0.041666666666666664,0.0,0.96
20270019,n24_c65,no_replay,0.48,0.9663999999999999,0.02,0.96,0.04,0.0066355816196271055,1.0,0.0,0.041666666666666664,0.0,0.96
20270019,n24_c65,random_replay,0.12,0.6184000000000001,0.86,0.96,0.04,0.006312602014048739,1.0,0.0,0.041666666666666664,0.0,0.96
20270019,n24_c65,random_replay,0.24,0.7184,0.54,0.96,0.04,0.006312602014048739,1.0,0.0,0.041666666666666664,0.0,0.96
20270019,n24_c65,random_replay,0.48,0.9575999999999999,0.06,0.96,0.04,0.006312602014048739,1.0,0.0,0.041666666666666664,0.0,0.96
20270019,n40_c15,high_energy,0.12,0.6891731112433075,0.5975609756097561,0.9024390243902439,0.042682926829268296,0.013058771080162275,1.0,0.0,0.04375,0.0,1.0
20270019,n40_c15,high_energy,0.24,0.8349196906603212,0.23170731707317074,0.9024390243902439,0.042682926829268296,0.013058771080162275,1.0,0.0,0.04375,0.0,1.0
20270019,n40_c15,high_energy,0.48,0.8429506246281976,0.1951219512195122,0.9024390243902439,0.042682926829268296,0.013058771080162275,1.0,0.0,0.04375,0.0,1.0
20270019,n40_c15,low_energy,0.12,0.6861986912552053,0.6219512195121951,0.8780487804878049,0.042682926829268296,0.013056977062805524,1.0,0.0,0.04375,0.0,1.0
20270019,n40_c15,low_energy,0.24,0.8337299226650803,0.23170731707317074,0.8780487804878049,0.042682926829268296,0.013056977062805524,1.0,0.0,0.04375,0.0,1.0
20270019,n40_c15,low_energy,0.48,0.8429506246281976,0.1951219512195122,0.8780487804878049,0.042682926829268296,0.013056977062805524,1.0,0.0,0.04375,0.0,1.0
20270019,n40_c15,no_replay,0.12,0.7444973230220108,0.573170731707317,0.9024390243902439,0.024390243902439025,0.013302319931098209,1.0,0.0,0.025,0.0,1.0
20270019,n40_c15,no_replay,0.24,0.9842355740630577,0.04878048780487805,0.9024390243902439,0.024390243902439025,0.013302319931098209,1.0,0.0,0.025,0.0,1.0
20270019,n40_c15,no_replay,0.48,1.0,0.0,0.9024390243902439,0.024390243902439025,0.013302319931098209,1.0,0.0,0.025,0.0,1.0
20270019,n40_c15,random_replay,0.12,0.6861986912552053,0.6219512195121951,0.8780487804878049,0.042682926829268296,0.013056977062805524,1.0,0.0,0.04375,0.0,1.0
20270019,n40_c15,random_replay,0.24,0.8337299226650803,0.23170731707317074,0.8780487804878049,0.042682926829268296,0.013056977062805524,1.0,0.0,0.04375,0.0,1.0
20270019,n40_c15,random_replay,0.48,0.8429506246281976,0.1951219512195122,0.8780487804878049,0.042682926829268296,0.013056977062805524,1.0,0.0,0.04375,0.0,1.0
20270019,n40_c35,high_energy,0.12,0.6609161213563356,0.7317073170731707,0.9024390243902439,0.024390243902439025,0.010464052708190702,1.0,0.0,0.025,0.0,1.0
20270019,n40_c35,high_energy,0.24,0.8248066627007733,0.24390243902439024,0.9024390243902439,0.024390243902439025,0.010464052708190702,1.0,0.0,0.025,0.0,1.0
20270019,n40_c35,high_energy,0.48,0.8429506246281976,0.1951219512195122,0.9024390243902439,0.024390243902439025,0.010464052708190702,1.0,0.0,0.025,0.0,1.0
20270019,n40_c35,low_energy,0.12,0.6629982153480072,0.7317073170731707,0.8780487804878049,0.024390243902439025,0.010441735763903991,1.0,0.0,0.025,0.0,1.0
20270019,n40_c35,low_energy,0.24,0.8138013087447947,0.23170731707317074,0.8780487804878049,0.024390243902439025,0.010441735763903991,1.0,0.0,0.025,0.0,1.0
20270019,n40_c35,low_energy,0.48,0.8429506246281976,0.1951219512195122,0.8780487804878049,0.024390243902439025,0.010441735763903991,1.0,0.0,0.025,0.0,1.0
20270019,n40_c35,no_replay,0.12,0.7028554431885782,0.7073170731707317,0.8780487804878049,0.024390243902439025,0.010573703917208235,1.0,0.0,0.025,0.0,1.0
20270019,n40_c35,no_replay,0.24,0.9610350981558596,0.08536585365853659,0.8780487804878049,0.024390243902439025,0.010573703917208235,1.0,0.0,0.025,0.0,1.0
20270019,n40_c35,no_replay,0.48,1.0,0.0,0.8780487804878049,0.024390243902439025,0.010573703917208235,1.0,0.0,0.025,0.0,1.0
20270019,n40_c35,random_replay,0.12,0.6629982153480072,0.7317073170731707,0.8780487804878049,0.024390243902439025,0.010441735763903991,1.0,0.0,0.025,0.0,1.0
20270019,n40_c35,random_replay,0.24,0.8138013087447947,0.23170731707317074,0.8780487804878049,0.024390243902439025,0.010441735763903991,1.0,0.0,0.025,0.0,1.0
20270019,n40_c35,random_replay,0.48,0.8429506246281976,0.1951219512195122,0.8780487804878049,0.024390243902439025,0.010441735763903991,1.0,0.0,0.025,0.0,1.0
20270019,n40_c65,high_energy,0.12,0.5889351576442594,0.6829268292682927,0.8780487804878049,0.024390243902439025,0.006376376427991046,1.0,0.0,0.025,0.0,0.975609756097561
20270019,n40_c65,high_energy,0.24,0.7320047590719809,0.4268292682926829,0.8780487804878049,0.024390243902439025,0.006376376427991046,1.0,0.0,0.025,0.0,0.975609756097561
20270019,n40_c65,high_energy,0.48,0.9851279000594884,0.012195121951219513,0.8780487804878049,0.024390243902439025,0.006376376427991046,1.0,0.0,0.025,0.0,0.975609756097561
20270019,n40_c65,low_energy,0.12,0.5907198096371209,0.6829268292682927,0.8780487804878049,0.024390243902439025,0.006354148015661874,1.0,0.0,0.025,0.0,0.975609756097561
20270019,n40_c65,low_energy,0.24,0.7224866151100535,0.4268292682926829,0.8780487804878049,0.024390243902439025,0.006354148015661874,1.0,0.0,0.025,0.0,0.975609756097561
20270019,n40_c65,low_energy,0.48,0.9657941701368232,0.012195121951219513,0.8780487804878049,0.024390243902439025,0.006354148015661874,1.0,0.0,0.025,0.0,0.975609756097561
20270019,n40_c65,no_replay,0.12,0.6052944675788221,0.8048780487804879,0.926829268292683,0.024390243902439025,0.006665858037474512,1.0,0.0,0.025,0.0,0.975609756097561
20270019,n40_c65,no_replay,0.24,0.788221296847115,0.45121951219512196,0.926829268292683,0.024390243902439025,0.006665858037474512,1.0,0.0,0.025,0.0,0.975609756097561
20270019,n40_c65,no_replay,0.48,0.9640095181439619,0.024390243902439025,0.926829268292683,0.024390243902439025,0.006665858037474512,1.0,0.0,0.025,0.0,0.975609756097561
20270019,n40_c65,random_replay,0.12,0.5907198096371209,0.7317073170731707,0.926829268292683,0.024390243902439025,0.006354148015661874,1.0,0.0,0.025,0.0,0.975609756097561
20270019,n40_c65,random_replay,0.24,0.7224866151100535,0.47560975609756095,0.926829268292683,0.024390243902439025,0.006354148015661874,1.0,0.0,0.025,0.0,0.975609756097561
20270019,n40_c65,random_replay,0.48,0.9657941701368232,0.012195121951219513,0.926829268292683,0.024390243902439025,0.006354148015661874,1.0,0.0,0.025,0.0,0.975609756097561
20270020,n12_c15,high_energy,0.12,0.7396449704142012,0.7692307692307693,1.0,0.5961538461538461,0.010768390320829869,1.0,0.75,0.5833333333333334,0.0,1.0
20270020,n12_c15,high_energy,0.24,0.7633136094674556,0.6153846153846154,1.0,0.5961538461538461,0.010768390320829869,1.0,0.75,0.5833333333333334,0.0,1.0
20270020,n12_c15,high_energy,0.48,0.7633136094674556,0.6153846153846154,1.0,0.5961538461538461,0.010768390320829869,1.0,0.75,0.5833333333333334,0.0,1.0
20270020,n12_c15,low_energy,0.12,0.7278106508875739,0.8461538461538461,1.0,0.5769230769230769,0.006823422515810785,1.0,0.0,0.625,0.0,1.0
20270020,n12_c15,low_energy,0.24,0.7633136094674556,0.6153846153846154,1.0,0.5769230769230769,0.006823422515810785,1.0,0.0,0.625,0.0,1.0
20270020,n12_c15,low_energy,0.48,0.7633136094674556,0.6153846153846154,1.0,0.5769230769230769,0.006823422515810785,1.0,0.0,0.625,0.0,1.0
20270020,n12_c15,no_replay,0.12,0.7781065088757397,0.6538461538461539,0.9230769230769231,0.5961538461538461,0.00624558143943974,1.0,0.75,0.5833333333333334,0.0,1.0
20270020,n12_c15,no_replay,0.24,1.0,0.0,0.9230769230769231,0.5961538461538461,0.00624558143943974,1.0,0.75,0.5833333333333334,0.0,1.0
20270020,n12_c15,no_replay,0.48,1.0,0.0,0.9230769230769231,0.5961538461538461,0.00624558143943974,1.0,0.75,0.5833333333333334,0.0,1.0
20270020,n12_c15,random_replay,0.12,0.7396449704142012,0.7692307692307693,1.0,0.5961538461538461,0.010768390320829869,1.0,0.75,0.5833333333333334,0.0,1.0
20270020,n12_c15,random_replay,0.24,0.7633136094674556,0.6153846153846154,1.0,0.5961538461538461,0.010768390320829869,1.0,0.75,0.5833333333333334,0.0,1.0
20270020,n12_c15,random_replay,0.48,0.7633136094674556,0.6153846153846154,1.0,0.5961538461538461,0.010768390320829869,1.0,0.75,0.5833333333333334,0.0,1.0
20270020,n12_c35,high_energy,0.12,0.6952662721893491,0.9615384615384616,1.0,0.23076923076923078,0.009168694874528836,1.0,0.0,0.25,0.0,1.0
20270020,n12_c35,high_energy,0.24,0.7633136094674556,0.6538461538461539,1.0,0.23076923076923078,0.009168694874528836,1.0,0.0,0.25,0.0,1.0
20270020,n12_c35,high_energy,0.48,0.7633136094674556,0.6153846153846154,1.0,0.23076923076923078,0.009168694874528836,1.0,0.0,0.25,0.0,1.0
20270020,n12_c35,low_energy,0.12,0.7130177514792899,0.8846153846153846,0.9230769230769231,0.17307692307692307,0.009594164279133692,1.0,0.0,0.1875,0.0,1.0
20270020,n12_c35,low_energy,0.24,0.7396449704142012,0.6923076923076923,0.9230769230769231,0.17307692307692307,0.009594164279133692,1.0,0.0,0.1875,0.0,1.0
20270020,n12_c35,low_energy,0.48,0.7633136094674556,0.6153846153846154,0.9230769230769231,0.17307692307692307,0.009594164279133692,1.0,0.0,0.1875,0.0,1.0
20270020,n12_c35,no_replay,0.12,0.7633136094674556,0.7692307692307693,0.9230769230769231,0.09615384615384616,0.010531970393685768,1.0,0.0,0.10416666666666667,0.0,1.0
20270020,n12_c35,no_replay,0.24,0.9526627218934911,0.15384615384615385,0.9230769230769231,0.09615384615384616,0.010531970393685768,1.0,0.0,0.10416666666666667,0.0,1.0
20270020,n12_c35,no_replay,0.48,1.0,0.0,0.9230769230769231,0.09615384615384616,0.010531970393685768,1.0,0.0,0.10416666666666667,0.0,1.0
20270020,n12_c35,random_replay,0.12,0.7130177514792899,0.8846153846153846,0.9230769230769231,0.17307692307692307,0.009594164279133692,1.0,0.0,0.1875,0.0,1.0
20270020,n12_c35,random_replay,0.24,0.7396449704142012,0.6538461538461539,0.9230769230769231,0.17307692307692307,0.009594164279133692,1.0,0.0,0.1875,0.0,1.0
20270020,n12_c35,random_replay,0.48,0.7633136094674556,0.6153846153846154,0.9230769230769231,0.17307692307692307,0.009594164279133692,1.0,0.0,0.1875,0.0,1.0
20270020,n12_c65,high_energy,0.12,0.6449704142011834,0.8461538461538461,0.9230769230769231,0.07692307692307693,0.006872748186651533,1.0,0.0,0.08333333333333333,0.0,1.0
20270020,n12_c65,high_energy,0.24,0.7189349112426036,0.7307692307692307,0.9230769230769231,0.07692307692307693,0.006872748186651533,1.0,0.0,0.08333333333333333,0.0,1.0
20270020,n12_c65,high_energy,0.48,0.9911242603550297,0.038461538461538464,0.9230769230769231,0.07692307692307693,0.006872748186651533,1.0,0.0,0.08333333333333333,0.0,1.0
20270020,n12_c65,low_energy,0.12,0.6863905325443787,0.8461538461538461,0.9230769230769231,0.07692307692307693,0.006819262864656071,1.0,0.0,0.08333333333333333,0.0,0.9230769230769231
20270020,n12_c65,low_energy,0.24,0.7337278106508875,0.7307692307692307,0.9230769230769231,0.07692307692307693,0.006819262864656071,1.0,0.0,0.08333333333333333,0.0,0.9230769230769231
20270020,n12_c65,low_energy,0.48,0.9230769230769231,0.038461538461538464,0.9230769230769231,0.07692307692307693,0.006819262864656071,1.0,0.0,0.08333333333333333,0.0,0.9230769230769231
20270020,n12_c65,no_replay,0.12,0.6775147928994083,0.8461538461538461,0.9230769230769231,0.07692307692307693,0.0074502855298060975,1.0,0.0,0.08333333333333333,0.0,0.9230769230769231
20270020,n12_c65,no_replay,0.24,0.878698224852071,0.34615384615384615,0.9230769230769231,0.07692307692307693,0.0074502855298060975,1.0,0.0,0.08333333333333333,0.0,0.9230769230769231
20270020,n12_c65,no_replay,0.48,0.9881656804733727,0.0,0.9230769230769231,0.07692307692307693,0.0074502855298060975,1.0,0.0,0.08333333333333333,0.0,0.9230769230769231
20270020,n12_c65,random_replay,0.12,0.6449704142011834,0.8461538461538461,0.9230769230769231,0.07692307692307693,0.006872748186651534,1.0,0.0,0.08333333333333333,0.0,1.0
20270020,n12_c65,random_replay,0.24,0.7189349112426036,0.7307692307692307,0.9230769230769231,0.07692307692307693,0.006872748186651534,1.0,0.0,0.08333333333333333,0.0,1.0
20270020,n12_c65,random_replay,0.48,0.9911242603550297,0.038461538461538464,0.9230769230769231,0.07692307692307693,0.006872748186651534,1.0,0.0,0.08333333333333333,0.0,1.0
20270020,n24_c15,high_energy,0.12,0.6728,0.58,0.84,0.21,0.010998857410138894,1.0,0.5,0.19791666666666666,0.0,1.0
20270020,n24_c15,high_energy,0.24,0.7824,0.32,0.84,0.21,0.010998857410138894,1.0,0.5,0.19791666666666666,0.0,1.0
20270020,n24_c15,high_energy,0.48,0.7824,0.32,0.84,0.21,0.010998857410138894,1.0,0.5,0.19791666666666666,0.0,1.0
20270020,n24_c15,low_energy,0.12,0.6712,0.58,0.84,0.19,0.011449404239337537,1.0,0.0,0.19791666666666666,0.0,1.0
20270020,n24_c15,low_energy,0.24,0.7824,0.32,0.84,0.19,0.011449404239337537,1.0,0.0,0.19791666666666666,0.0,1.0
20270020,n24_c15,low_energy,0.48,0.7824,0.32,0.84,0.19,0.011449404239337537,1.0,0.0,0.19791666666666666,0.0,1.0
20270020,n24_c15,no_replay,0.12,0.7368,0.6,0.92,0.04,0.013180716722381025,1.0,0.0,0.041666666666666664,0.0,1.0
20270020,n24_c15,no_replay,0.24,0.9904,0.02,0.92,0.04,0.013180716722381025,1.0,0.0,0.041666666666666664,0.0,1.0
20270020,n24_c15,no_replay,0.48,1.0,0.0,0.92,0.04,0.013180716722381025,1.0,0.0,0.041666666666666664,0.0,1.0
20270020,n24_c15,random_replay,0.12,0.6728,0.62,0.84,0.21,0.010998857410138894,1.0,0.5,0.19791666666666666,0.0,1.0
20270020,n24_c15,random_replay,0.24,0.7824,0.32,0.84,0.21,0.010998857410138894,1.0,0.5,0.19791666666666666,0.0,1.0
20270020,n24_c15,random_replay,0.48,0.7824,0.32,0.84,0.21,0.010998857410138894,1.0,0.5,0.19791666666666666,0.0,1.0
20270020,n24_c35,high_energy,0.12,0.6688,0.7,0.92,0.04,0.010512485482574363,1.0,0.0,0.041666666666666664,0.0,1.0
20270020,n24_c35,high_energy,0.24,0.7807999999999999,0.32,0.92,0.04,0.010512485482574363,1.0,0.0,0.041666666666666664,0.0,1.0
20270020,n24_c35,high_energy,0.48,0.7824,0.32,0.92,0.04,0.010512485482574363,1.0,0.0,0.041666666666666664,0.0,1.0
20270020,n24_c35,low_energy,0.12,0.6672,0.78,0.96,0.04,0.0104714185369906,1.0,0.0,0.041666666666666664,0.0,1.0
20270020,n24_c35,low_energy,0.24,0.7672,0.36,0.96,0.04,0.0104714185369906,1.0,0.0,0.041666666666666664,0.0,1.0
20270020,n24_c35,low_energy,0.48,0.7824,0.32,0.96,0.04,0.0104714185369906,1.0,0.0,0.041666666666666664,0.0,1.0
20270020,n24_c35,no_replay,0.12,0.7376,0.72,0.96,0.04,0.010618923370491083,1.0,0.0,0.041666666666666664,0.0,1.0
20270020,n24_c35,no_replay,0.24,0.984,0.1,0.96,0.04,0.010618923370491083,1.0,0.0,0.041666666666666664,0.0,1.0
20270020,n24_c35,no_replay,0.48,1.0,0.0,0.96,0.04,0.010618923370491083,1.0,0.0,0.041666666666666664,0.0,1.0
20270020,n24_c35,random_replay,0.12,0.6672,0.78,0.96,0.04,0.0104714185369906,1.0,0.0,0.041666666666666664,0.0,1.0
20270020,n24_c35,random_replay,0.24,0.7672,0.36,0.96,0.04,0.0104714185369906,1.0,0.0,0.041666666666666664,0.0,1.0
20270020,n24_c35,random_replay,0.48,0.7824,0.32,0.96,0.04,0.0104714185369906,1.0,0.0,0.041666666666666664,0.0,1.0
20270020,n24_c65,high_energy,0.12,0.6112,0.72,0.96,0.04,0.0065142899856207425,1.0,0.0,0.041666666666666664,0.0,0.96
20270020,n24_c65,high_energy,0.24,0.7368,0.44,0.96,0.04,0.0065142899856207425,1.0,0.0,0.041666666666666664,0.0,0.96
20270020,n24_c65,high_energy,0.48,0.9912,0.04,0.96,0.04,0.0065142899856207425,1.0,0.0,0.041666666666666664,0.0,0.96
20270020,n24_c65,low_energy,0.12,0.5952,0.76,0.92,0.04,0.006458039689616719,1.0,0.0,0.041666666666666664,0.0,0.96
20270020,n24_c65,low_energy,0.24,0.7031999999999999,0.5,0.92,0.04,0.006458039689616719,1.0,0.0,0.041666666666666664,0.0,0.96
20270020,n24_c65,low_energy,0.48,0.9528,0.06,0.92,0.04,0.006458039689616719,1.0,0.0,0.041666666666666664,0.0,0.96
20270020,n24_c65,no_replay,0.12,0.62,0.8,0.92,0.04,0.006773902973143854,1.0,0.0,0.041666666666666664,0.0,0.96
20270020,n24_c65,no_replay,0.24,0.8415999999999999,0.42,0.92,0.04,0.006773902973143854,1.0,0.0,0.041666666666666664,0.0,0.96
20270020,n24_c65,no_replay,0.48,0.964,0.02,0.92,0.04,0.006773902973143854,1.0,0.0,0.041666666666666664,0.0,0.96
20270020,n24_c65,random_replay,0.12,0.5952,0.82,0.92,0.04,0.006458039689616719,1.0,0.0,0.041666666666666664,0.0,0.96
20270020,n24_c65,random_replay,0.24,0.7031999999999999,0.52,0.92,0.04,0.006458039689616719,1.0,0.0,0.041666666666666664,0.0,0.96
20270020,n24_c65,random_replay,0.48,0.9528,0.08,0.92,0.04,0.006458039689616719,1.0,0.0,0.041666666666666664,0.0,0.96
20270020,n40_c15,high_energy,0.12,0.6903628792385484,0.8292682926829268,0.926829268292683,0.042682926829268296,0.013095337951278867,1.0,0.25,0.0375,0.0,1.0
20270020,n40_c15,high_energy,0.24,0.8367043426531826,0.25609756097560976,0.926829268292683,0.042682926829268296,0.013095337951278867,1.0,0.25,0.0375,0.0,1.0
20270020,n40_c15,high_energy,0.48,0.8429506246281976,0.1951219512195122,0.926829268292683,0.042682926829268296,0.013095337951278867,1.0,0.25,0.0375,0.0,1.0
20270020,n40_c15,low_energy,0.12,0.6891731112433076,0.8536585365853658,0.975609756097561,0.036585365853658534,0.013182828460184318,1.0,0.0,0.0375,0.0,1.0
20270020,n40_c15,low_energy,0.24,0.8367043426531826,0.25609756097560976,0.975609756097561,0.036585365853658534,0.013182828460184318,1.0,0.0,0.0375,0.0,1.0
20270020,n40_c15,low_energy,0.48,0.8429506246281976,0.1951219512195122,0.975609756097561,0.036585365853658534,0.013182828460184318,1.0,0.0,0.0375,0.0,1.0
20270020,n40_c15,no_replay,0.12,0.770374776918501,0.8292682926829268,0.975609756097561,0.024390243902439025,0.013238124496015368,1.0,0.0,0.025,0.0,1.0
20270020,n40_c15,no_replay,0.24,0.9916716240333135,0.08536585365853659,0.975609756097561,0.024390243902439025,0.013238124496015368,1.0,0.0,0.025,0.0,1.0
20270020,n40_c15,no_replay,0.48,1.0,0.0,0.975609756097561,0.024390243902439025,0.013238124496015368,1.0,0.0,0.025,0.0,1.0
20270020,n40_c15,random_replay,0.12,0.6903628792385484,0.8414634146341463,0.9512195121951219,0.042682926829268296,0.013095337951278867,1.0,0.25,0.0375,0.0,1.0
20270020,n40_c15,random_replay,0.24,0.8367043426531826,0.25609756097560976,0.9512195121951219,0.042682926829268296,0.013095337951278867,1.0,0.25,0.0375,0.0,1.0
20270020,n40_c15,random_replay,0.48,0.8429506246281976,0.1951219512195122,0.9512195121951219,0.042682926829268296,0.013095337951278867,1.0,0.25,0.0375,0.0,1.0
20270020,n40_c35,high_energy,0.12,0.6466389054134444,0.5609756097560976,0.8292682926829268,0.03048780487804878,0.010456435836534618,1.0,0.25,0.025,0.0,1.0
20270020,n40_c35,high_energy,0.24,0.8152885187388459,0.2682926829268293,0.8292682926829268,0.03048780487804878,0.010456435836534618,1.0,0.25,0.025,0.0,1.0
20270020,n40_c35,high_energy,0.48,0.8429506246281976,0.1951219512195122,0.8292682926829268,0.03048780487804878,0.010456435836534618,1.0,0.25,0.025,0.0,1.0
20270020,n40_c35,low_energy,0.12,0.646044021415824,0.5853658536585366,0.8536585365853658,0.024390243902439025,0.010555095862800736,1.0,0.0,0.025,0.0,1.0
20270020,n40_c35,low_energy,0.24,0.8016061867935753,0.2682926829268293,0.8536585365853658,0.024390243902439025,0.010555095862800736,1.0,0.0,0.025,0.0,1.0
20270020,n40_c35,low_energy,0.48,0.8429506246281976,0.1951219512195122,0.8536585365853658,0.024390243902439025,0.010555095862800736,1.0,0.0,0.025,0.0,1.0
20270020,n40_c35,no_replay,0.12,0.6921475312314098,0.6463414634146342,0.8536585365853658,0.024390243902439025,0.010685413650816041,1.0,0.0,0.025,0.0,1.0
20270020,n40_c35,no_replay,0.24,0.9503271861986913,0.12195121951219512,0.8536585365853658,0.024390243902439025,0.010685413650816041,1.0,0.0,0.025,0.0,1.0
20270020,n40_c35,no_replay,0.48,1.0,0.0,0.8536585365853658,0.024390243902439025,0.010685413650816041,1.0,0.0,0.025,0.0,1.0
20270020,n40_c35,random_replay,0.12,0.6466389054134444,0.5609756097560976,0.8292682926829268,0.03048780487804878,0.010456435836534618,1.0,0.25,0.025,0.0,1.0
20270020,n40_c35,random_replay,0.24,0.8152885187388459,0.2682926829268293,0.8292682926829268,0.03048780487804878,0.010456435836534618,1.0,0.25,0.025,0.0,1.0
20270020,n40_c35,random_replay,0.48,0.8429506246281976,0.1951219512195122,0.8292682926829268,0.03048780487804878,0.010456435836534618,1.0,0.25,0.025,0.0,1.0
20270020,n40_c65,high_energy,0.12,0.6216537775133849,0.6097560975609756,0.7560975609756098,0.024390243902439025,0.006517082279990261,1.0,0.0,0.025,0.0,0.975609756097561
20270020,n40_c65,high_energy,0.24,0.7784057108863772,0.3170731707317073,0.7560975609756098,0.024390243902439025,0.006517082279990261,1.0,0.0,0.025,0.0,0.975609756097561
20270020,n40_c65,high_energy,0.48,0.9961332540154669,0.0,0.7560975609756098,0.024390243902439025,0.006517082279990261,1.0,0.0,0.025,0.0,0.975609756097561
20270020,n40_c65,low_energy,0.12,0.6160023795359905,0.5853658536585366,0.7560975609756098,0.024390243902439025,0.00647352093408254,1.0,0.0,0.025,0.0,0.975609756097561
20270020,n40_c65,low_energy,0.24,0.7605591909577631,0.32926829268292684,0.7560975609756098,0.024390243902439025,0.00647352093408254,1.0,0.0,0.025,0.0,0.975609756097561
20270020,n40_c65,low_energy,0.48,0.9738251041046996,0.0,0.7560975609756098,0.024390243902439025,0.00647352093408254,1.0,0.0,0.025,0.0,0.975609756097561
20270020,n40_c65,no_replay,0.12,0.6392028554431886,0.6829268292682927,0.8048780487804879,0.024390243902439025,0.006882675804045154,1.0,0.0,0.025,0.0,0.975609756097561
20270020,n40_c65,no_replay,0.24,0.8536585365853658,0.25609756097560976,0.8048780487804879,0.024390243902439025,0.006882675804045154,1.0,0.0,0.025,0.0,0.975609756097561
20270020,n40_c65,no_replay,0.48,0.9762046400951814,0.0,0.8048780487804879,0.024390243902439025,0.006882675804045154,1.0,0.0,0.025,0.0,0.975609756097561
20270020,n40_c65,random_replay,0.12,0.6160023795359905,0.6707317073170732,0.8292682926829268,0.024390243902439025,0.00647352093408254,1.0,0.0,0.025,0.0,0.975609756097561
20270020,n40_c65,random_replay,0.24,0.7605591909577631,0.35365853658536583,0.8292682926829268,0.024390243902439025,0.00647352093408254,1.0,0.0,0.025,0.0,0.975609756097561
20270020,n40_c65,random_replay,0.48,0.9738251041046996,0.0,0.8292682926829268,0.024390243902439025,0.00647352093408254,1.0,0.0,0.025,0.0,0.975609756097561
20270021,n12_c15,high_energy,0.12,0.7189349112426036,0.7307692307692307,0.8461538461538461,0.5576923076923077,0.008896607165032372,1.0,0.25,0.5833333333333334,0.0,1.0
20270021,n12_c15,high_energy,0.24,0.7633136094674556,0.6153846153846154,0.8461538461538461,0.5576923076923077,0.008896607165032372,1.0,0.25,0.5833333333333334,0.0,1.0
20270021,n12_c15,high_energy,0.48,0.7633136094674556,0.6153846153846154,0.8461538461538461,0.5576923076923077,0.008896607165032372,1.0,0.25,0.5833333333333334,0.0,1.0
20270021,n12_c15,low_energy,0.12,0.727810650887574,0.6923076923076923,0.8461538461538461,0.6153846153846154,0.006391384733611573,1.0,0.0,0.6666666666666666,0.0,1.0
20270021,n12_c15,low_energy,0.24,0.7633136094674556,0.6153846153846154,0.8461538461538461,0.6153846153846154,0.006391384733611573,1.0,0.0,0.6666666666666666,0.0,1.0
20270021,n12_c15,low_energy,0.48,0.7633136094674556,0.6153846153846154,0.8461538461538461,0.6153846153846154,0.006391384733611573,1.0,0.0,0.6666666666666666,0.0,1.0
20270021,n12_c15,no_replay,0.12,0.8017751479289941,0.6538461538461539,0.9230769230769231,0.5384615384615384,0.006993156897116862,1.0,0.25,0.5625,0.0,1.0
20270021,n12_c15,no_replay,0.24,0.9970414201183432,0.0,0.9230769230769231,0.5384615384615384,0.006993156897116862,1.0,0.25,0.5625,0.0,1.0
20270021,n12_c15,no_replay,0.48,1.0,0.0,0.9230769230769231,0.5384615384615384,0.006993156897116862,1.0,0.25,0.5625,0.0,1.0
20270021,n12_c15,random_replay,0.12,0.7189349112426036,0.7307692307692307,0.8461538461538461,0.5576923076923077,0.008896607165032372,1.0,0.25,0.5833333333333334,0.0,1.0
20270021,n12_c15,random_replay,0.24,0.7633136094674556,0.6153846153846154,0.8461538461538461,0.5576923076923077,0.008896607165032372,1.0,0.25,0.5833333333333334,0.0,1.0
20270021,n12_c15,random_replay,0.48,0.7633136094674556,0.6153846153846154,0.8461538461538461,0.5576923076923077,0.008896607165032372,1.0,0.25,0.5833333333333334,0.0,1.0
20270021,n12_c35,high_energy,0.12,0.7307692307692307,0.7692307692307693,1.0,0.15384615384615385,0.009843325183061837,1.0,0.0,0.16666666666666666,0.0,1.0
20270021,n12_c35,high_energy,0.24,0.7633136094674556,0.6153846153846154,1.0,0.15384615384615385,0.009843325183061837,1.0,0.0,0.16666666666666666,0.0,1.0
20270021,n12_c35,high_energy,0.48,0.7633136094674556,0.6153846153846154,1.0,0.15384615384615385,0.009843325183061837,1.0,0.0,0.16666666666666666,0.0,1.0
20270021,n12_c35,low_energy,0.12,0.7189349112426036,0.8461538461538461,0.9230769230769231,0.15384615384615385,0.009746772232629791,1.0,0.0,0.16666666666666666,0.0,1.0
20270021,n12_c35,low_energy,0.24,0.7544378698224852,0.6538461538461539,0.9230769230769231,0.15384615384615385,0.009746772232629791,1.0,0.0,0.16666666666666666,0.0,1.0
20270021,n12_c35,low_energy,0.48,0.7633136094674556,0.6153846153846154,0.9230769230769231,0.15384615384615385,0.009746772232629791,1.0,0.0,0.16666666666666666,0.0,1.0
20270021,n12_c35,no_replay,0.12,0.8284023668639053,0.6153846153846154,0.9230769230769231,0.07692307692307693,0.010713800875579882,1.0,0.0,0.08333333333333333,0.0,1.0
20270021,n12_c35,no_replay,0.24,0.9970414201183432,0.0,0.9230769230769231,0.07692307692307693,0.010713800875579882,1.0,0.0,0.08333333333333333,0.0,1.0
20270021,n12_c35,no_replay,0.48,1.0,0.0,0.9230769230769231,0.07692307692307693,0.010713800875579882,1.0,0.0,0.08333333333333333,0.0,1.0
20270021,n12_c35,random_replay,0.12,0.7307692307692307,0.7692307692307693,1.0,0.15384615384615385,0.009843325183061837,1.0,0.0,0.16666666666666666,0.0,1.0
20270021,n12_c35,random_replay,0.24,0.7633136094674556,0.6153846153846154,1.0,0.15384615384615385,0.009843325183061837,1.0,0.0,0.16666666666666666,0.0,1.0
20270021,n12_c35,random_replay,0.48,0.7633136094674556,0.6153846153846154,1.0,0.15384615384615385,0.009843325183061837,1.0,0.0,0.16666666666666666,0.0,1.0
20270021,n12_c65,high_energy,0.12,0.665680473372781,0.7692307692307693,0.7692307692307693,0.09615384615384616,0.00644795148555233,1.0,0.25,0.08333333333333333,0.0,1.0
20270021,n12_c65,high_energy,0.24,0.7159763313609467,0.6153846153846154,0.7692307692307693,0.09615384615384616,0.00644795148555233,1.0,0.25,0.08333333333333333,0.0,1.0
20270021,n12_c65,high_energy,0.48,0.9674556213017751,0.038461538461538464,0.7692307692307693,0.09615384615384616,0.00644795148555233,1.0,0.25,0.08333333333333333,0.0,1.0
20270021,n12_c65,low_energy,0.12,0.7041420118343196,0.7307692307692307,0.7692307692307693,0.07692307692307693,0.00687293351885863,1.0,0.0,0.08333333333333333,0.0,0.9230769230769231
20270021,n12_c65,low_energy,0.24,0.7307692307692308,0.6538461538461539,0.7692307692307693,0.07692307692307693,0.00687293351885863,1.0,0.0,0.08333333333333333,0.0,0.9230769230769231
20270021,n12_c65,low_energy,0.48,0.893491124260355,0.11538461538461539,0.7692307692307693,0.07692307692307693,0.00687293351885863,1.0,0.0,0.08333333333333333,0.0,0.9230769230769231
20270021,n12_c65,no_replay,0.12,0.6597633136094674,0.8076923076923077,0.7692307692307693,0.07692307692307693,0.007399667681006961,1.0,0.0,0.08333333333333333,0.0,0.9230769230769231
20270021,n12_c65,no_replay,0.24,0.8727810650887574,0.2692307692307692,0.7692307692307693,0.07692307692307693,0.007399667681006961,1.0,0.0,0.08333333333333333,0.0,0.9230769230769231
20270021,n12_c65,no_replay,0.48,0.9733727810650887,0.0,0.7692307692307693,0.07692307692307693,0.007399667681006961,1.0,0.0,0.08333333333333333,0.0,0.9230769230769231
20270021,n12_c65,random_replay,0.12,0.7041420118343196,0.7307692307692307,0.8461538461538461,0.07692307692307693,0.00687293351885863,1.0,0.0,0.08333333333333333,0.0,0.9230769230769231
20270021,n12_c65,random_replay,0.24,0.7307692307692308,0.6538461538461539,0.8461538461538461,0.07692307692307693,0.00687293351885863,1.0,0.0,0.08333333333333333,0.0,0.9230769230769231
20270021,n12_c65,random_replay,0.48,0.893491124260355,0.15384615384615385,0.8461538461538461,0.07692307692307693,0.00687293351885863,1.0,0.0,0.08333333333333333,0.0,0.9230769230769231
20270021,n24_c15,high_energy,0.12,0.6696,0.8,0.96,0.23,0.010711218742631604,1.0,0.25,0.22916666666666666,0.0,1.0
20270021,n24_c15,high_energy,0.24,0.7792,0.34,0.96,0.23,0.010711218742631604,1.0,0.25,0.22916666666666666,0.0,1.0
20270021,n24_c15,high_energy,0.48,0.7824,0.32,0.96,0.23,0.010711218742631604,1.0,0.25,0.22916666666666666,0.0,1.0
20270021,n24_c15,low_energy,0.12,0.6656000000000001,0.82,0.96,0.21,0.010867631670369691,1.0,0.0,0.21875,0.0,1.0
20270021,n24_c15,low_energy,0.24,0.7792,0.34,0.96,0.21,0.010867631670369691,1.0,0.0,0.21875,0.0,1.0
20270021,n24_c15,low_energy,0.48,0.7824,0.32,0.96,0.21,0.010867631670369691,1.0,0.0,0.21875,0.0,1.0
20270021,n24_c15,no_replay,0.12,0.7408,0.74,0.92,0.04,0.013158280182339617,1.0,0.0,0.041666666666666664,0.0,1.0
20270021,n24_c15,no_replay,0.24,0.9912000000000001,0.06,0.92,0.04,0.013158280182339617,1.0,0.0,0.041666666666666664,0.0,1.0
20270021,n24_c15,no_replay,0.48,1.0,0.0,0.92,0.04,0.013158280182339617,1.0,0.0,0.041666666666666664,0.0,1.0
20270021,n24_c15,random_replay,0.12,0.6696,0.82,0.96,0.23,0.010711218742631604,1.0,0.25,0.22916666666666666,0.0,1.0
20270021,n24_c15,random_replay,0.24,0.7792,0.34,0.96,0.23,0.010711218742631604,1.0,0.25,0.22916666666666666,0.0,1.0
20270021,n24_c15,random_replay,0.48,0.7824,0.32,0.96,0.23,0.010711218742631604,1.0,0.25,0.22916666666666666,0.0,1.0
20270021,n24_c35,high_energy,0.12,0.6656,0.6,0.72,0.05,0.010377971079649218,1.0,0.25,0.041666666666666664,0.0,1.0
20270021,n24_c35,high_energy,0.24,0.7767999999999999,0.32,0.72,0.05,0.010377971079649218,1.0,0.25,0.041666666666666664,0.0,1.0
20270021,n24_c35,high_energy,0.48,0.7824,0.32,0.72,0.05,0.010377971079649218,1.0,0.25,0.041666666666666664,0.0,1.0
20270021,n24_c35,low_energy,0.12,0.6512,0.64,0.84,0.04,0.010559397058232316,1.0,0.0,0.041666666666666664,0.0,1.0
20270021,n24_c35,low_energy,0.24,0.7632,0.34,0.84,0.04,0.010559397058232316,1.0,0.0,0.041666666666666664,0.0,1.0
20270021,n24_c35,low_energy,0.48,0.7824,0.32,0.84,0.04,0.010559397058232316,1.0,0.0,0.041666666666666664,0.0,1.0
20270021,n24_c35,no_replay,0.12,0.7408,0.54,0.88,0.04,0.010713662862656168,1.0,0.0,0.041666666666666664,0.0,1.0
20270021,n24_c35,no_replay,0.24,0.9864,0.04,0.88,0.04,0.010713662862656168,1.0,0.0,0.041666666666666664,0.0,1.0
20270021,n24_c35,no_replay,0.48,1.0,0.0,0.88,0.04,0.010713662862656168,1.0,0.0,0.041666666666666664,0.0,1.0
20270021,n24_c35,random_replay,0.12,0.6512,0.64,0.84,0.04,0.010559397058232316,1.0,0.0,0.041666666666666664,0.0,1.0
20270021,n24_c35,random_replay,0.24,0.7632,0.34,0.84,0.04,0.010559397058232316,1.0,0.0,0.041666666666666664,0.0,1.0
20270021,n24_c35,random_replay,0.48,0.7824,0.32,0.84,0.04,0.010559397058232316,1.0,0.0,0.041666666666666664,0.0,1.0
20270021,n24_c65,high_energy,0.12,0.6055999999999999,0.68,0.88,0.04,0.006446547901157779,1.0,0.0,0.041666666666666664,0.0,0.96
20270021,n24_c65,high_energy,0.24,0.7487999999999999,0.4,0.88,0.04,0.006446547901157779,1.0,0.0,0.041666666666666664,0.0,0.96
20270021,n24_c65,high_energy,0.48,0.9712000000000001,0.06,0.88,0.04,0.006446547901157779,1.0,0.0,0.041666666666666664,0.0,0.96
20270021,n24_c65,low_energy,0.12,0.5992,0.76,0.88,0.04,0.006394401614060567,1.0,0.0,0.041666666666666664,0.0,0.96
20270021,n24_c65,low_energy,0.24,0.7128,0.44,0.88,0.04,0.006394401614060567,1.0,0.0,0.041666666666666664,0.0,0.96
20270021,n24_c65,low_energy,0.48,0.9416,0.06,0.88,0.04,0.006394401614060567,1.0,0.0,0.041666666666666664,0.0,0.96
20270021,n24_c65,no_replay,0.12,0.6063999999999999,0.7,0.84,0.04,0.006928958180595665,1.0,0.0,0.041666666666666664,0.0,0.96
20270021,n24_c65,no_replay,0.24,0.832,0.36,0.84,0.04,0.006928958180595665,1.0,0.0,0.041666666666666664,0.0,0.96
20270021,n24_c65,no_replay,0.48,0.9632,0.0,0.84,0.04,0.006928958180595665,1.0,0.0,0.041666666666666664,0.0,0.96
20270021,n24_c65,random_replay,0.12,0.5992,0.82,0.92,0.04,0.006394401614060567,1.0,0.0,0.041666666666666664,0.0,0.96
20270021,n24_c65,random_replay,0.24,0.7128,0.44,0.92,0.04,0.006394401614060567,1.0,0.0,0.041666666666666664,0.0,0.96
20270021,n24_c65,random_replay,0.48,0.9416,0.08,0.92,0.04,0.006394401614060567,1.0,0.0,0.041666666666666664,0.0,0.96
20270021,n40_c15,high_energy,0.12,0.7218917311124331,0.6097560975609756,0.975609756097561,0.03048780487804878,0.013064372278931652,1.0,0.25,0.025,0.0,1.0
20270021,n40_c15,high_energy,0.24,0.8417608566329566,0.21951219512195122,0.975609756097561,0.03048780487804878,0.013064372278931652,1.0,0.25,0.025,0.0,1.0
20270021,n40_c15,high_energy,0.48,0.8429506246281976,0.1951219512195122,0.975609756097561,0.03048780487804878,0.013064372278931652,1.0,0.25,0.025,0.0,1.0
20270021,n40_c15,low_energy,0.12,0.7215942891136229,0.6585365853658537,0.975609756097561,0.024390243902439025,0.0131638219152936,1.0,0.0,0.025,0.0,1.0
20270021,n40_c15,low_energy,0.24,0.8414634146341464,0.21951219512195122,0.975609756097561,0.024390243902439025,0.0131638219152936,1.0,0.0,0.025,0.0,1.0
20270021,n40_c15,low_energy,0.48,0.8429506246281976,0.1951219512195122,0.975609756097561,0.024390243902439025,0.0131638219152936,1.0,0.0,0.025,0.0,1.0
20270021,n40_c15,no_replay,0.12,0.7998215348007138,0.5609756097560976,0.926829268292683,0.024390243902439025,0.013249560256868515,1.0,0.0,0.025,0.0,1.0
20270021,n40_c15,no_replay,0.24,0.9961332540154669,0.024390243902439025,0.926829268292683,0.024390243902439025,0.013249560256868515,1.0,0.0,0.025,0.0,1.0
20270021,n40_c15,no_replay,0.48,1.0,0.0,0.926829268292683,0.024390243902439025,0.013249560256868515,1.0,0.0,0.025,0.0,1.0
20270021,n40_c15,random_replay,0.12,0.7215942891136229,0.6585365853658537,0.975609756097561,0.024390243902439025,0.0131638219152936,1.0,0.0,0.025,0.0,1.0
20270021,n40_c15,random_replay,0.24,0.8414634146341464,0.21951219512195122,0.975609756097561,0.024390243902439025,0.0131638219152936,1.0,0.0,0.025,0.0,1.0
20270021,n40_c15,random_replay,0.48,0.8429506246281976,0.1951219512195122,0.975609756097561,0.024390243902439025,0.0131638219152936,1.0,0.0,0.025,0.0,1.0
20270021,n40_c35,high_energy,0.12,0.6549672813801308,0.5975609756097561,0.8780487804878049,0.024390243902439025,0.010570892753395211,1.0,0.0,0.025,0.0,1.0
20270021,n40_c35,high_energy,0.24,0.8146936347412255,0.24390243902439024,0.8780487804878049,0.024390243902439025,0.010570892753395211,1.0,0.0,0.025,0.0,1.0
20270021,n40_c35,high_energy,0.48,0.843545508625818,0.1951219512195122,0.8780487804878049,0.024390243902439025,0.010570892753395211,1.0,0.0,0.025,0.0,1.0
20270021,n40_c35,low_energy,0.12,0.6525877453896491,0.6341463414634146,0.8536585365853658,0.024390243902439025,0.010555300796166829,1.0,0.0,0.025,0.0,1.0
20270021,n40_c35,low_energy,0.24,0.7992266508030934,0.24390243902439024,0.8536585365853658,0.024390243902439025,0.010555300796166829,1.0,0.0,0.025,0.0,1.0
20270021,n40_c35,low_energy,0.48,0.8426531826293873,0.1951219512195122,0.8536585365853658,0.024390243902439025,0.010555300796166829,1.0,0.0,0.025,0.0,1.0
20270021,n40_c35,no_replay,0.12,0.7052349791790601,0.6219512195121951,0.8536585365853658,0.024390243902439025,0.010697610210719907,1.0,0.0,0.025,0.0,1.0
20270021,n40_c35,no_replay,0.24,0.9544913741820346,0.08536585365853659,0.8536585365853658,0.024390243902439025,0.010697610210719907,1.0,0.0,0.025,0.0,1.0
20270021,n40_c35,no_replay,0.48,1.0,0.0,0.8536585365853658,0.024390243902439025,0.010697610210719907,1.0,0.0,0.025,0.0,1.0
20270021,n40_c35,random_replay,0.12,0.6525877453896491,0.6463414634146342,0.8536585365853658,0.024390243902439025,0.010555300796166829,1.0,0.0,0.025,0.0,1.0
20270021,n40_c35,random_replay,0.24,0.7992266508030934,0.24390243902439024,0.8536585365853658,0.024390243902439025,0.010555300796166829,1.0,0.0,0.025,0.0,1.0
20270021,n40_c35,random_replay,0.48,0.8426531826293873,0.1951219512195122,0.8536585365853658,0.024390243902439025,0.010555300796166829,1.0,0.0,0.025,0.0,1.0
20270021,n40_c65,high_energy,0.12,0.5752528256989887,0.8658536585365854,0.975609756097561,0.024390243902439025,0.006346009680555744,1.0,0.0,0.025,0.0,0.975609756097561
20270021,n40_c65,high_energy,0.24,0.7317073170731707,0.4878048780487805,0.975609756097561,0.024390243902439025,0.006346009680555744,1.0,0.0,0.025,0.0,0.975609756097561
20270021,n40_c65,high_energy,0.48,0.9815585960737657,0.06097560975609756,0.975609756097561,0.024390243902439025,0.006346009680555744,1.0,0.0,0.025,0.0,0.975609756097561
20270021,n40_c65,low_energy,0.12,0.5764425936942296,0.8658536585365854,0.975609756097561,0.024390243902439025,0.006303466717577522,1.0,0.0,0.025,0.0,0.975609756097561
20270021,n40_c65,low_energy,0.24,0.7212968471148127,0.5,0.975609756097561,0.024390243902439025,0.006303466717577522,1.0,0.0,0.025,0.0,0.975609756097561
20270021,n40_c65,low_energy,0.48,0.9640095181439619,0.06097560975609756,0.975609756097561,0.024390243902439025,0.006303466717577522,1.0,0.0,0.025,0.0,0.975609756097561
20270021,n40_c65,no_replay,0.12,0.5752528256989886,0.8902439024390244,0.975609756097561,0.024390243902439025,0.006593590370937138,1.0,0.0,0.025,0.0,0.975609756097561
20270021,n40_c65,no_replay,0.24,0.7798929208804284,0.5609756097560976,0.975609756097561,0.024390243902439025,0.006593590370937138,1.0,0.0,0.025,0.0,0.975609756097561
20270021,n40_c65,no_replay,0.48,0.9675788221296847,0.024390243902439025,0.975609756097561,0.024390243902439025,0.006593590370937138,1.0,0.0,0.025,0.0,0.975609756097561
20270021,n40_c65,random_replay,0.12,0.5764425936942296,0.9024390243902439,0.975609756097561,0.024390243902439025,0.006303466717577522,1.0,0.0,0.025,0.0,0.975609756097561
20270021,n40_c65,random_replay,0.24,0.7212968471148127,0.524390243902439,0.975609756097561,0.024390243902439025,0.006303466717577522,1.0,0.0,0.025,0.0,0.975609756097561
20270021,n40_c65,random_replay,0.48,0.9640095181439619,0.07317073170731707,0.975609756097561,0.024390243902439025,0.006303466717577522,1.0,0.0,0.025,0.0,0.975609756097561
20270022,n12_c15,high_energy,0.12,0.7485207100591716,0.7692307692307693,0.9230769230769231,0.5961538461538461,0.006352760617578655,1.0,0.75,0.5833333333333334,0.0,1.0
20270022,n12_c15,high_energy,0.24,0.7633136094674556,0.6153846153846154,0.9230769230769231,0.5961538461538461,0.006352760617578655,1.0,0.75,0.5833333333333334,0.0,1.0
20270022,n12_c15,high_energy,0.48,0.7633136094674556,0.6153846153846154,0.9230769230769231,0.5961538461538461,0.006352760617578655,1.0,0.75,0.5833333333333334,0.0,1.0
20270022,n12_c15,low_energy,0.12,0.7485207100591716,0.8076923076923077,1.0,0.5769230769230769,0.006340751494051369,1.0,0.0,0.625,0.0,1.0
20270022,n12_c15,low_energy,0.24,0.7633136094674556,0.6153846153846154,1.0,0.5769230769230769,0.006340751494051369,1.0,0.0,0.625,0.0,1.0
20270022,n12_c15,low_energy,0.48,0.7633136094674556,0.6153846153846154,1.0,0.5769230769230769,0.006340751494051369,1.0,0.0,0.625,0.0,1.0
20270022,n12_c15,no_replay,0.12,0.7840236686390533,0.7692307692307693,1.0,0.4423076923076923,0.00840003683648943,1.0,0.25,0.4583333333333333,0.0,1.0
20270022,n12_c15,no_replay,0.24,1.0,0.038461538461538464,1.0,0.4423076923076923,0.00840003683648943,1.0,0.25,0.4583333333333333,0.0,1.0
20270022,n12_c15,no_replay,0.48,1.0,0.0,1.0,0.4423076923076923,0.00840003683648943,1.0,0.25,0.4583333333333333,0.0,1.0
20270022,n12_c15,random_replay,0.12,0.7485207100591716,0.7692307692307693,0.9230769230769231,0.5769230769230769,0.006340751494051369,1.0,0.0,0.625,0.0,1.0
20270022,n12_c15,random_replay,0.24,0.7633136094674556,0.6153846153846154,0.9230769230769231,0.5769230769230769,0.006340751494051369,1.0,0.0,0.625,0.0,1.0
20270022,n12_c15,random_replay,0.48,0.7633136094674556,0.6153846153846154,0.9230769230769231,0.5769230769230769,0.006340751494051369,1.0,0.0,0.625,0.0,1.0
20270022,n12_c35,high_energy,0.12,0.727810650887574,0.7307692307692307,0.9230769230769231,0.19230769230769232,0.008982746868685724,1.0,0.25,0.1875,0.0,1.0
20270022,n12_c35,high_energy,0.24,0.7633136094674556,0.6153846153846154,0.9230769230769231,0.19230769230769232,0.008982746868685724,1.0,0.25,0.1875,0.0,1.0
20270022,n12_c35,high_energy,0.48,0.7633136094674556,0.6153846153846154,0.9230769230769231,0.19230769230769232,0.008982746868685724,1.0,0.25,0.1875,0.0,1.0
20270022,n12_c35,low_energy,0.12,0.7189349112426036,0.8846153846153846,0.9230769230769231,0.15384615384615385,0.009651838755176282,1.0,0.0,0.16666666666666666,0.0,1.0
20270022,n12_c35,low_energy,0.24,0.7485207100591716,0.6153846153846154,0.9230769230769231,0.15384615384615385,0.009651838755176282,1.0,0.0,0.16666666666666666,0.0,1.0
20270022,n12_c35,low_energy,0.48,0.7633136094674556,0.6153846153846154,0.9230769230769231,0.15384615384615385,0.009651838755176282,1.0,0.0,0.16666666666666666,0.0,1.0
20270022,n12_c35,no_replay,0.12,0.7366863905325444,0.7692307692307693,0.9230769230769231,0.09615384615384616,0.010483809051789937,1.0,0.0,0.10416666666666667,0.0,1.0
20270022,n12_c35,no_replay,0.24,0.9881656804733728,0.038461538461538464,0.9230769230769231,0.09615384615384616,0.010483809051789937,1.0,0.0,0.10416666666666667,0.0,1.0
20270022,n12_c35,no_replay,0.48,1.0,0.0,0.9230769230769231,0.09615384615384616,0.010483809051789937,1.0,0.0,0.10416666666666667,0.0,1.0
20270022,n12_c35,random_replay,0.12,0.7189349112426036,0.8076923076923077,0.9230769230769231,0.15384615384615385,0.009651838755176282,1.0,0.0,0.16666666666666666,0.0,1.0
20270022,n12_c35,random_replay,0.24,0.7485207100591716,0.6153846153846154,0.9230769230769231,0.15384615384615385,0.009651838755176282,1.0,0.0,0.16666666666666666,0.0,1.0
20270022,n12_c35,random_replay,0.48,0.7633136094674556,0.6153846153846154,0.9230769230769231,0.15384615384615385,0.009651838755176282,1.0,0.0,0.16666666666666666,0.0,1.0
20270022,n12_c65,high_energy,0.12,0.6715976331360947,0.8846153846153846,0.9230769230769231,0.09615384615384616,0.006377223978999116,1.0,0.25,0.08333333333333333,0.0,1.0
20270022,n12_c65,high_energy,0.24,0.7307692307692308,0.6153846153846154,0.9230769230769231,0.09615384615384616,0.006377223978999116,1.0,0.25,0.08333333333333333,0.0,1.0
20270022,n12_c65,high_energy,0.48,0.9822485207100592,0.07692307692307693,0.9230769230769231,0.09615384615384616,0.006377223978999116,1.0,0.25,0.08333333333333333,0.0,1.0
20270022,n12_c65,low_energy,0.12,0.6982248520710059,0.8076923076923077,0.9230769230769231,0.07692307692307693,0.0068609818857190375,1.0,0.0,0.08333333333333333,0.0,0.9230769230769231
20270022,n12_c65,low_energy,0.24,0.7396449704142012,0.6153846153846154,0.9230769230769231,0.07692307692307693,0.0068609818857190375,1.0,0.0,0.08333333333333333,0.0,0.9230769230769231
20270022,n12_c65,low_energy,0.48,0.911242603550296,0.07692307692307693,0.9230769230769231,0.07692307692307693,0.0068609818857190375,1.0,0.0,0.08333333333333333,0.0,0.9230769230769231
20270022,n12_c65,no_replay,0.12,0.6597633136094674,0.6538461538461539,0.9230769230769231,0.09615384615384616,0.007009406084276902,1.0,0.25,0.08333333333333333,0.0,0.9230769230769231
20270022,n12_c65,no_replay,0.24,0.8846153846153846,0.3076923076923077,0.9230769230769231,0.09615384615384616,0.007009406084276902,1.0,0.25,0.08333333333333333,0.0,0.9230769230769231
20270022,n12_c65,no_replay,0.48,0.9911242603550295,0.0,0.9230769230769231,0.09615384615384616,0.007009406084276902,1.0,0.25,0.08333333333333333,0.0,0.9230769230769231
20270022,n12_c65,random_replay,0.12,0.6982248520710059,0.8461538461538461,0.9230769230769231,0.07692307692307693,0.0068609818857190375,1.0,0.0,0.08333333333333333,0.0,0.9230769230769231
20270022,n12_c65,random_replay,0.24,0.7396449704142012,0.6538461538461539,0.9230769230769231,0.07692307692307693,0.0068609818857190375,1.0,0.0,0.08333333333333333,0.0,0.9230769230769231
20270022,n12_c65,random_replay,0.48,0.911242603550296,0.11538461538461539,0.9230769230769231,0.07692307692307693,0.0068609818857190375,1.0,0.0,0.08333333333333333,0.0,0.9230769230769231
20270022,n24_c15,high_energy,0.12,0.6576,0.68,0.88,0.17,0.011562927062698231,1.0,0.25,0.16666666666666666,0.0,1.0
20270022,n24_c15,high_energy,0.24,0.7807999999999999,0.32,0.88,0.17,0.011562927062698231,1.0,0.25,0.16666666666666666,0.0,1.0
20270022,n24_c15,high_energy,0.48,0.7824,0.32,0.88,0.17,0.011562927062698231,1.0,0.25,0.16666666666666666,0.0,1.0
20270022,n24_c15,low_energy,0.12,0.6528,0.68,0.88,0.17,0.011569647473748423,1.0,0.0,0.17708333333333334,0.0,1.0
20270022,n24_c15,low_energy,0.24,0.7776000000000001,0.32,0.88,0.17,0.011569647473748423,1.0,0.0,0.17708333333333334,0.0,1.0
20270022,n24_c15,low_energy,0.48,0.7824,0.32,0.88,0.17,0.011569647473748423,1.0,0.0,0.17708333333333334,0.0,1.0
20270022,n24_c15,no_replay,0.12,0.7312000000000001,0.6,0.92,0.07,0.012772710614828361,1.0,0.0,0.07291666666666667,0.0,1.0
20270022,n24_c15,no_replay,0.24,0.9936,0.06,0.92,0.07,0.012772710614828361,1.0,0.0,0.07291666666666667,0.0,1.0
20270022,n24_c15,no_replay,0.48,1.0,0.0,0.92,0.07,0.012772710614828361,1.0,0.0,0.07291666666666667,0.0,1.0
20270022,n24_c15,random_replay,0.12,0.6528,0.68,0.88,0.17,0.011569647473748423,1.0,0.0,0.17708333333333334,0.0,1.0
20270022,n24_c15,random_replay,0.24,0.7776000000000001,0.32,0.88,0.17,0.011569647473748423,1.0,0.0,0.17708333333333334,0.0,1.0
20270022,n24_c15,random_replay,0.48,0.7824,0.32,0.88,0.17,0.011569647473748423,1.0,0.0,0.17708333333333334,0.0,1.0
20270022,n24_c35,high_energy,0.12,0.6616,0.52,0.76,0.04,0.010674925179173273,1.0,0.0,0.041666666666666664,0.0,1.0
20270022,n24_c35,high_energy,0.24,0.776,0.32,0.76,0.04,0.010674925179173273,1.0,0.0,0.041666666666666664,0.0,1.0
20270022,n24_c35,high_energy,0.48,0.7824,0.32,0.76,0.04,0.010674925179173273,1.0,0.0,0.041666666666666664,0.0,1.0
20270022,n24_c35,low_energy,0.12,0.6623999999999999,0.6,0.84,0.04,0.010645744133606156,1.0,0.0,0.041666666666666664,0.0,1.0
20270022,n24_c35,low_energy,0.24,0.7608,0.32,0.84,0.04,0.010645744133606156,1.0,0.0,0.041666666666666664,0.0,1.0
20270022,n24_c35,low_energy,0.48,0.7824,0.32,0.84,0.04,0.010645744133606156,1.0,0.0,0.041666666666666664,0.0,1.0
20270022,n24_c35,no_replay,0.12,0.716,0.56,0.88,0.04,0.010739111669963807,1.0,0.0,0.041666666666666664,0.0,1.0
20270022,n24_c35,no_replay,0.24,0.9823999999999999,0.04,0.88,0.04,0.010739111669963807,1.0,0.0,0.041666666666666664,0.0,1.0
20270022,n24_c35,no_replay,0.48,1.0,0.0,0.88,0.04,0.010739111669963807,1.0,0.0,0.041666666666666664,0.0,1.0
20270022,n24_c35,random_replay,0.12,0.6616,0.54,0.8,0.04,0.010674925179173275,1.0,0.0,0.041666666666666664,0.0,1.0
20270022,n24_c35,random_replay,0.24,0.776,0.32,0.8,0.04,0.010674925179173275,1.0,0.0,0.041666666666666664,0.0,1.0
20270022,n24_c35,random_replay,0.48,0.7824,0.32,0.8,0.04,0.010674925179173275,1.0,0.0,0.041666666666666664,0.0,1.0
20270022,n24_c65,high_energy,0.12,0.5968,0.8,0.8,0.04,0.0064246619972433625,1.0,0.0,0.041666666666666664,0.0,1.0
20270022,n24_c65,high_energy,0.24,0.736,0.44,0.8,0.04,0.0064246619972433625,1.0,0.0,0.041666666666666664,0.0,1.0
20270022,n24_c65,high_energy,0.48,0.9808,0.02,0.8,0.04,0.0064246619972433625,1.0,0.0,0.041666666666666664,0.0,1.0
20270022,n24_c65,low_energy,0.12,0.5824,0.8,0.8,0.04,0.006400400574306059,1.0,0.0,0.041666666666666664,0.0,0.96
20270022,n24_c65,low_energy,0.24,0.6992,0.52,0.8,0.04,0.006400400574306059,1.0,0.0,0.041666666666666664,0.0,0.96
20270022,n24_c65,low_energy,0.48,0.948,0.02,0.8,0.04,0.006400400574306059,1.0,0.0,0.041666666666666664,0.0,0.96
20270022,n24_c65,no_replay,0.12,0.5911999999999998,0.8,0.88,0.04,0.006858518675703761,1.0,0.0,0.041666666666666664,0.0,0.96
20270022,n24_c65,no_replay,0.24,0.8088,0.44,0.88,0.04,0.006858518675703761,1.0,0.0,0.041666666666666664,0.0,0.96
20270022,n24_c65,no_replay,0.48,0.9647999999999999,0.0,0.88,0.04,0.006858518675703761,1.0,0.0,0.041666666666666664,0.0,0.96
20270022,n24_c65,random_replay,0.12,0.5824,0.84,0.88,0.04,0.006400400574306059,1.0,0.0,0.041666666666666664,0.0,0.96
20270022,n24_c65,random_replay,0.24,0.6992,0.52,0.88,0.04,0.006400400574306059,1.0,0.0,0.041666666666666664,0.0,0.96
20270022,n24_c65,random_replay,0.48,0.948,0.02,0.88,0.04,0.006400400574306059,1.0,0.0,0.041666666666666664,0.0,0.96
20270022,n40_c15,high_energy,0.12,0.7227840571088638,0.7560975609756098,0.9512195121951219,0.024390243902439025,0.013403196088639992,1.0,0.0,0.025,0.0,1.0
20270022,n40_c15,high_energy,0.24,0.838488994646044,0.21951219512195122,0.9512195121951219,0.024390243902439025,0.013403196088639992,1.0,0.0,0.025,0.0,1.0
20270022,n40_c15,high_energy,0.48,0.8429506246281976,0.1951219512195122,0.9512195121951219,0.024390243902439025,0.013403196088639992,1.0,0.0,0.025,0.0,1.0
20270022,n40_c15,low_energy,0.12,0.7091017251635932,0.7926829268292683,0.9512195121951219,0.024390243902439025,0.013414316682371712,1.0,0.0,0.025,0.0,1.0
20270022,n40_c15,low_energy,0.24,0.8375966686496132,0.21951219512195122,0.9512195121951219,0.024390243902439025,0.013414316682371712,1.0,0.0,0.025,0.0,1.0
20270022,n40_c15,low_energy,0.48,0.8429506246281976,0.1951219512195122,0.9512195121951219,0.024390243902439025,0.013414316682371712,1.0,0.0,0.025,0.0,1.0
20270022,n40_c15,no_replay,0.12,0.771861986912552,0.7317073170731707,0.9512195121951219,0.024390243902439025,0.013277260018930506,1.0,0.0,0.025,0.0,1.0
20270022,n40_c15,no_replay,0.24,0.9854253420582987,0.036585365853658534,0.9512195121951219,0.024390243902439025,0.013277260018930506,1.0,0.0,0.025,0.0,1.0
20270022,n40_c15,no_replay,0.48,1.0,0.0,0.9512195121951219,0.024390243902439025,0.013277260018930506,1.0,0.0,0.025,0.0,1.0
20270022,n40_c15,random_replay,0.12,0.7227840571088638,0.7560975609756098,0.9512195121951219,0.024390243902439025,0.013403196088639992,1.0,0.0,0.025,0.0,1.0
20270022,n40_c15,random_replay,0.24,0.838488994646044,0.21951219512195122,0.9512195121951219,0.024390243902439025,0.013403196088639992,1.0,0.0,0.025,0.0,1.0
20270022,n40_c15,random_replay,0.48,0.8429506246281976,0.1951219512195122,0.9512195121951219,0.024390243902439025,0.013403196088639992,1.0,0.0,0.025,0.0,1.0
20270022,n40_c35,high_energy,0.12,0.6576442593694231,0.7682926829268293,0.9512195121951219,0.024390243902439025,0.010494164090458252,1.0,0.0,0.025,0.0,1.0
20270022,n40_c35,high_energy,0.24,0.8212373587150505,0.25609756097560976,0.9512195121951219,0.024390243902439025,0.010494164090458252,1.0,0.0,0.025,0.0,1.0
20270022,n40_c35,high_energy,0.48,0.8429506246281976,0.1951219512195122,0.9512195121951219,0.024390243902439025,0.010494164090458252,1.0,0.0,0.025,0.0,1.0
20270022,n40_c35,low_energy,0.12,0.6484235574063059,0.7682926829268293,0.926829268292683,0.024390243902439025,0.010485613625016373,1.0,0.0,0.025,0.0,1.0
20270022,n40_c35,low_energy,0.24,0.8027959547888162,0.25609756097560976,0.926829268292683,0.024390243902439025,0.010485613625016373,1.0,0.0,0.025,0.0,1.0
20270022,n40_c35,low_energy,0.48,0.842355740630577,0.1951219512195122,0.926829268292683,0.024390243902439025,0.010485613625016373,1.0,0.0,0.025,0.0,1.0
20270022,n40_c35,no_replay,0.12,0.6995835812016656,0.7439024390243902,0.9024390243902439,0.024390243902439025,0.010603530372724771,1.0,0.0,0.025,0.0,1.0
20270022,n40_c35,no_replay,0.24,0.957763236168947,0.08536585365853659,0.9024390243902439,0.024390243902439025,0.010603530372724771,1.0,0.0,0.025,0.0,1.0
20270022,n40_c35,no_replay,0.48,1.0,0.0,0.9024390243902439,0.024390243902439025,0.010603530372724771,1.0,0.0,0.025,0.0,1.0
20270022,n40_c35,random_replay,0.12,0.6484235574063059,0.7682926829268293,0.926829268292683,0.024390243902439025,0.010485613625016373,1.0,0.0,0.025,0.0,1.0
20270022,n40_c35,random_replay,0.24,0.8027959547888162,0.25609756097560976,0.926829268292683,0.024390243902439025,0.010485613625016373,1.0,0.0,0.025,0.0,1.0
20270022,n40_c35,random_replay,0.48,0.842355740630577,0.1951219512195122,0.926829268292683,0.024390243902439025,0.010485613625016373,1.0,0.0,0.025,0.0,1.0
20270022,n40_c65,high_energy,0.12,0.5794170136823319,0.6463414634146342,0.8292682926829268,0.024390243902439025,0.006484096638814356,1.0,0.0,0.025,0.0,0.975609756097561
20270022,n40_c65,high_energy,0.24,0.7156454491374182,0.4268292682926829,0.8292682926829268,0.024390243902439025,0.006484096638814356,1.0,0.0,0.025,0.0,0.975609756097561
20270022,n40_c65,high_energy,0.48,0.9702558001189768,0.08536585365853659,0.8292682926829268,0.024390243902439025,0.006484096638814356,1.0,0.0,0.025,0.0,0.975609756097561
20270022,n40_c65,low_energy,0.12,0.5746579417013682,0.6707317073170732,0.8292682926829268,0.024390243902439025,0.0064356497751012105,1.0,0.0,0.025,0.0,0.975609756097561
20270022,n40_c65,low_energy,0.24,0.7028554431885783,0.4634146341463415,0.8292682926829268,0.024390243902439025,0.0064356497751012105,1.0,0.0,0.025,0.0,0.975609756097561
20270022,n40_c65,low_energy,0.48,0.9530041641879833,0.07317073170731707,0.8292682926829268,0.024390243902439025,0.0064356497751012105,1.0,0.0,0.025,0.0,0.975609756097561
20270022,n40_c65,no_replay,0.12,0.5782272456870909,0.7439024390243902,0.8536585365853658,0.024390243902439025,0.006755735948170498,1.0,0.0,0.025,0.0,0.975609756097561
20270022,n40_c65,no_replay,0.24,0.747471743010113,0.4268292682926829,0.8536585365853658,0.024390243902439025,0.006755735948170498,1.0,0.0,0.025,0.0,0.975609756097561
20270022,n40_c65,no_replay,0.48,0.9610350981558596,0.036585365853658534,0.8536585365853658,0.024390243902439025,0.006755735948170498,1.0,0.0,0.025,0.0,0.975609756097561
20270022,n40_c65,random_replay,0.12,0.5794170136823319,0.573170731707317,0.7560975609756098,0.024390243902439025,0.006484096638814356,1.0,0.0,0.025,0.0,0.975609756097561
20270022,n40_c65,random_replay,0.24,0.7156454491374182,0.4024390243902439,0.7560975609756098,0.024390243902439025,0.006484096638814356,1.0,0.0,0.025,0.0,0.975609756097561
20270022,n40_c65,random_replay,0.48,0.9702558001189768,0.04878048780487805,0.7560975609756098,0.024390243902439025,0.006484096638814356,1.0,0.0,0.025,0.0,0.975609756097561
20270023,n12_c15,high_energy,0.12,0.7396449704142012,0.6538461538461539,0.7692307692307693,0.5769230769230769,0.008136864926036795,1.0,0.5,0.5833333333333334,0.0,1.0
20270023,n12_c15,high_energy,0.24,0.7633136094674556,0.6153846153846154,0.7692307692307693,0.5769230769230769,0.008136864926036795,1.0,0.5,0.5833333333333334,0.0,1.0
20270023,n12_c15,high_energy,0.48,0.7633136094674556,0.6153846153846154,0.7692307692307693,0.5769230769230769,0.008136864926036795,1.0,0.5,0.5833333333333334,0.0,1.0
20270023,n12_c15,low_energy,0.12,0.7573964497041421,0.6153846153846154,0.8461538461538461,0.5961538461538461,0.0066021077445738525,1.0,0.0,0.6458333333333334,0.0,1.0
20270023,n12_c15,low_energy,0.24,0.7633136094674556,0.6153846153846154,0.8461538461538461,0.5961538461538461,0.0066021077445738525,1.0,0.0,0.6458333333333334,0.0,1.0
20270023,n12_c15,low_energy,0.48,0.7633136094674556,0.6153846153846154,0.8461538461538461,0.5961538461538461,0.0066021077445738525,1.0,0.0,0.6458333333333334,0.0,1.0
20270023,n12_c15,no_replay,0.12,0.8047337278106509,0.34615384615384615,0.8461538461538461,0.4807692307692308,0.008007893453836977,1.0,0.5,0.4791666666666667,0.0,1.0
20270023,n12_c15,no_replay,0.24,1.0,0.0,0.8461538461538461,0.4807692307692308,0.008007893453836977,1.0,0.5,0.4791666666666667,0.0,1.0
20270023,n12_c15,no_replay,0.48,1.0,0.0,0.8461538461538461,0.4807692307692308,0.008007893453836977,1.0,0.5,0.4791666666666667,0.0,1.0
20270023,n12_c15,random_replay,0.12,0.7573964497041421,0.6153846153846154,0.7692307692307693,0.5961538461538461,0.0066021077445738525,1.0,0.0,0.6458333333333334,0.0,1.0
20270023,n12_c15,random_replay,0.24,0.7633136094674556,0.6153846153846154,0.7692307692307693,0.5961538461538461,0.0066021077445738525,1.0,0.0,0.6458333333333334,0.0,1.0
20270023,n12_c15,random_replay,0.48,0.7633136094674556,0.6153846153846154,0.7692307692307693,0.5961538461538461,0.0066021077445738525,1.0,0.0,0.6458333333333334,0.0,1.0
20270023,n12_c35,high_energy,0.12,0.7189349112426036,0.7692307692307693,0.9230769230769231,0.19230769230769232,0.00904833834953785,1.0,0.5,0.16666666666666666,0.0,1.0
20270023,n12_c35,high_energy,0.24,0.7573964497041421,0.6538461538461539,0.9230769230769231,0.19230769230769232,0.00904833834953785,1.0,0.5,0.16666666666666666,0.0,1.0
20270023,n12_c35,high_energy,0.48,0.7633136094674556,0.6153846153846154,0.9230769230769231,0.19230769230769232,0.00904833834953785,1.0,0.5,0.16666666666666666,0.0,1.0
20270023,n12_c35,low_energy,0.12,0.7189349112426036,0.8076923076923077,0.8461538461538461,0.15384615384615385,0.009947901124368025,1.0,0.0,0.16666666666666666,0.0,1.0
20270023,n12_c35,low_energy,0.24,0.7603550295857988,0.6153846153846154,0.8461538461538461,0.15384615384615385,0.009947901124368025,1.0,0.0,0.16666666666666666,0.0,1.0
20270023,n12_c35,low_energy,0.48,0.7633136094674556,0.6153846153846154,0.8461538461538461,0.15384615384615385,0.009947901124368025,1.0,0.0,0.16666666666666666,0.0,1.0
20270023,n12_c35,no_replay,0.12,0.7692307692307693,0.6153846153846154,0.8461538461538461,0.11538461538461539,0.010001068878569767,1.0,0.5,0.08333333333333333,0.0,1.0
20270023,n12_c35,no_replay,0.24,0.9644970414201184,0.038461538461538464,0.8461538461538461,0.11538461538461539,0.010001068878569767,1.0,0.5,0.08333333333333333,0.0,1.0
20270023,n12_c35,no_replay,0.48,1.0,0.0,0.8461538461538461,0.11538461538461539,0.010001068878569767,1.0,0.5,0.08333333333333333,0.0,1.0
20270023,n12_c35,random_replay,0.12,0.7189349112426036,0.7307692307692307,0.8461538461538461,0.15384615384615385,0.009947901124368025,1.0,0.0,0.16666666666666666,0.0,1.0
20270023,n12_c35,random_replay,0.24,0.7603550295857988,0.6153846153846154,0.8461538461538461,0.15384615384615385,0.009947901124368025,1.0,0.0,0.16666666666666666,0.0,1.0
20270023,n12_c35,random_replay,0.48,0.7633136094674556,0.6153846153846154,0.8461538461538461,0.15384615384615385,0.009947901124368025,1.0,0.0,0.16666666666666666,0.0,1.0
20270023,n12_c65,high_energy,0.12,0.6745562130177514,0.7307692307692307,0.7692307692307693,0.07692307692307693,0.006942021902121256,1.0,0.0,0.08333333333333333,0.0,1.0
20270023,n12_c65,high_energy,0.24,0.7218934911242603,0.6153846153846154,0.7692307692307693,0.07692307692307693,0.006942021902121256,1.0,0.0,0.08333333333333333,0.0,1.0
20270023,n12_c65,high_energy,0.48,0.985207100591716,0.038461538461538464,0.7692307692307693,0.07692307692307693,0.006942021902121256,1.0,0.0,0.08333333333333333,0.0,1.0
20270023,n12_c65,low_energy,0.12,0.7041420118343196,0.8076923076923077,0.9230769230769231,0.07692307692307693,0.006887592931071449,1.0,0.0,0.08333333333333333,0.0,0.9230769230769231
20270023,n12_c65,low_energy,0.24,0.7396449704142012,0.6923076923076923,0.9230769230769231,0.07692307692307693,0.006887592931071449,1.0,0.0,0.08333333333333333,0.0,0.9230769230769231
20270023,n12_c65,low_energy,0.48,0.9171597633136095,0.07692307692307693,0.9230769230769231,0.07692307692307693,0.006887592931071449,1.0,0.0,0.08333333333333333,0.0,0.9230769230769231
20270023,n12_c65,no_replay,0.12,0.6597633136094674,0.8076923076923077,0.9230769230769231,0.07692307692307693,0.007576272591172479,1.0,0.0,0.08333333333333333,0.0,0.9230769230769231
20270023,n12_c65,no_replay,0.24,0.911242603550296,0.19230769230769232,0.9230769230769231,0.07692307692307693,0.007576272591172479,1.0,0.0,0.08333333333333333,0.0,0.9230769230769231
20270023,n12_c65,no_replay,0.48,0.9940828402366865,0.0,0.9230769230769231,0.07692307692307693,0.007576272591172479,1.0,0.0,0.08333333333333333,0.0,0.9230769230769231
20270023,n12_c65,random_replay,0.12,0.7041420118343196,0.9230769230769231,0.9230769230769231,0.07692307692307693,0.006887592931071449,1.0,0.0,0.08333333333333333,0.0,0.9230769230769231
20270023,n12_c65,random_replay,0.24,0.7396449704142012,0.6923076923076923,0.9230769230769231,0.07692307692307693,0.006887592931071449,1.0,0.0,0.08333333333333333,0.0,0.9230769230769231
20270023,n12_c65,random_replay,0.48,0.9171597633136095,0.11538461538461539,0.9230769230769231,0.07692307692307693,0.006887592931071449,1.0,0.0,0.08333333333333333,0.0,0.9230769230769231
20270023,n24_c15,high_energy,0.12,0.6792,0.66,0.88,0.2,0.011098877918084192,1.0,0.25,0.19791666666666666,0.0,1.0
20270023,n24_c15,high_energy,0.24,0.7696000000000001,0.36,0.88,0.2,0.011098877918084192,1.0,0.25,0.19791666666666666,0.0,1.0
20270023,n24_c15,high_energy,0.48,0.7824,0.32,0.88,0.2,0.011098877918084192,1.0,0.25,0.19791666666666666,0.0,1.0
20270023,n24_c15,low_energy,0.12,0.6856000000000001,0.7,0.96,0.21,0.010879349459516267,1.0,0.0,0.21875,0.0,1.0
20270023,n24_c15,low_energy,0.24,0.7687999999999999,0.36,0.96,0.21,0.010879349459516267,1.0,0.0,0.21875,0.0,1.0
20270023,n24_c15,low_energy,0.48,0.7824,0.32,0.96,0.21,0.010879349459516267,1.0,0.0,0.21875,0.0,1.0
20270023,n24_c15,no_replay,0.12,0.76,0.72,0.96,0.05,0.01299564545646858,1.0,0.0,0.052083333333333336,0.0,1.0
20270023,n24_c15,no_replay,0.24,0.9808,0.04,0.96,0.05,0.01299564545646858,1.0,0.0,0.052083333333333336,0.0,1.0
20270023,n24_c15,no_replay,0.48,1.0,0.0,0.96,0.05,0.01299564545646858,1.0,0.0,0.052083333333333336,0.0,1.0
20270023,n24_c15,random_replay,0.12,0.6856000000000001,0.7,0.96,0.21,0.010879349459516267,1.0,0.0,0.21875,0.0,1.0
20270023,n24_c15,random_replay,0.24,0.7687999999999999,0.36,0.96,0.21,0.010879349459516267,1.0,0.0,0.21875,0.0,1.0
20270023,n24_c15,random_replay,0.48,0.7824,0.32,0.96,0.21,0.010879349459516267,1.0,0.0,0.21875,0.0,1.0
20270023,n24_c35,high_energy,0.12,0.6568,0.56,0.8,0.04,0.010647806837617822,1.0,0.0,0.041666666666666664,0.0,1.0
20270023,n24_c35,high_energy,0.24,0.7799999999999999,0.32,0.8,0.04,0.010647806837617822,1.0,0.0,0.041666666666666664,0.0,1.0
20270023,n24_c35,high_energy,0.48,0.7824,0.32,0.8,0.04,0.010647806837617822,1.0,0.0,0.041666666666666664,0.0,1.0
20270023,n24_c35,low_energy,0.12,0.6544,0.62,0.8,0.04,0.010601312162159362,1.0,0.0,0.041666666666666664,0.0,1.0
20270023,n24_c35,low_energy,0.24,0.7560000000000001,0.34,0.8,0.04,0.010601312162159362,1.0,0.0,0.041666666666666664,0.0,1.0
20270023,n24_c35,low_energy,0.48,0.7824,0.32,0.8,0.04,0.010601312162159362,1.0,0.0,0.041666666666666664,0.0,1.0
20270023,n24_c35,no_replay,0.12,0.708,0.58,0.84,0.04,0.010642781489046222,1.0,0.0,0.041666666666666664,0.0,1.0
20270023,n24_c35,no_replay,0.24,0.9736,0.02,0.84,0.04,0.010642781489046222,1.0,0.0,0.041666666666666664,0.0,1.0
20270023,n24_c35,no_replay,0.48,1.0,0.0,0.84,0.04,0.010642781489046222,1.0,0.0,0.041666666666666664,0.0,1.0
20270023,n24_c35,random_replay,0.12,0.6568,0.56,0.8,0.04,0.010647806837617822,1.0,0.0,0.041666666666666664,0.0,1.0
20270023,n24_c35,random_replay,0.24,0.7799999999999999,0.32,0.8,0.04,0.010647806837617822,1.0,0.0,0.041666666666666664,0.0,1.0
20270023,n24_c35,random_replay,0.48,0.7824,0.32,0.8,0.04,0.010647806837617822,1.0,0.0,0.041666666666666664,0.0,1.0
20270023,n24_c65,high_energy,0.12,0.58,0.68,0.84,0.05,0.0062718232863445255,1.0,0.25,0.041666666666666664,0.0,0.96
20270023,n24_c65,high_energy,0.24,0.7104,0.42,0.84,0.05,0.0062718232863445255,1.0,0.25,0.041666666666666664,0.0,0.96
20270023,n24_c65,high_energy,0.48,0.972,0.08,0.84,0.05,0.0062718232863445255,1.0,0.25,0.041666666666666664,0.0,0.96
20270023,n24_c65,low_energy,0.12,0.5656,0.7,0.84,0.04,0.006501057530393845,1.0,0.0,0.041666666666666664,0.0,0.96
20270023,n24_c65,low_energy,0.24,0.6776,0.5,0.84,0.04,0.006501057530393845,1.0,0.0,0.041666666666666664,0.0,0.96
20270023,n24_c65,low_energy,0.48,0.9432,0.08,0.84,0.04,0.006501057530393845,1.0,0.0,0.041666666666666664,0.0,0.96
20270023,n24_c65,no_replay,0.12,0.5720000000000001,0.74,0.84,0.04,0.0069505264135422936,1.0,0.0,0.041666666666666664,0.0,0.96
20270023,n24_c65,no_replay,0.24,0.7664,0.46,0.84,0.04,0.0069505264135422936,1.0,0.0,0.041666666666666664,0.0,0.96
20270023,n24_c65,no_replay,0.48,0.964,0.0,0.84,0.04,0.0069505264135422936,1.0,0.0,0.041666666666666664,0.0,0.96
20270023,n24_c65,random_replay,0.12,0.5656,0.72,0.88,0.04,0.006501057530393845,1.0,0.0,0.041666666666666664,0.0,0.96
20270023,n24_c65,random_replay,0.24,0.6776,0.5,0.88,0.04,0.006501057530393845,1.0,0.0,0.041666666666666664,0.0,0.96
20270023,n24_c65,random_replay,0.48,0.9432,0.08,0.88,0.04,0.006501057530393845,1.0,0.0,0.041666666666666664,0.0,0.96
20270023,n40_c15,high_energy,0.12,0.7141582391433671,0.6219512195121951,0.975609756097561,0.042682926829268296,0.013182742590728888,1.0,0.0,0.04375,0.0,1.0
20270023,n40_c15,high_energy,0.24,0.8378941106484236,0.2073170731707317,0.975609756097561,0.042682926829268296,0.013182742590728888,1.0,0.0,0.04375,0.0,1.0
20270023,n40_c15,high_energy,0.48,0.8429506246281976,0.1951219512195122,0.975609756097561,0.042682926829268296,0.013182742590728888,1.0,0.0,0.04375,0.0,1.0
20270023,n40_c15,low_energy,0.12,0.7123735871505056,0.6097560975609756,0.9512195121951219,0.042682926829268296,0.013192704592971389,1.0,0.0,0.04375,0.0,1.0
20270023,n40_c15,low_energy,0.24,0.8375966686496134,0.2073170731707317,0.9512195121951219,0.042682926829268296,0.013192704592971389,1.0,0.0,0.04375,0.0,1.0
20270023,n40_c15,low_energy,0.48,0.8429506246281976,0.1951219512195122,0.9512195121951219,0.042682926829268296,0.013192704592971389,1.0,0.0,0.04375,0.0,1.0
20270023,n40_c15,no_replay,0.12,0.7816775728732896,0.5365853658536586,0.9512195121951219,0.024390243902439025,0.013341300768935475,1.0,0.0,0.025,0.0,1.0
20270023,n40_c15,no_replay,0.24,0.9934562760261749,0.012195121951219513,0.9512195121951219,0.024390243902439025,0.013341300768935475,1.0,0.0,0.025,0.0,1.0
20270023,n40_c15,no_replay,0.48,1.0,0.0,0.9512195121951219,0.024390243902439025,0.013341300768935475,1.0,0.0,0.025,0.0,1.0
20270023,n40_c15,random_replay,0.12,0.7123735871505056,0.6097560975609756,0.9512195121951219,0.042682926829268296,0.013192704592971389,1.0,0.0,0.04375,0.0,1.0
20270023,n40_c15,random_replay,0.24,0.8375966686496134,0.2073170731707317,0.9512195121951219,0.042682926829268296,0.013192704592971389,1.0,0.0,0.04375,0.0,1.0
20270023,n40_c15,random_replay,0.48,0.8429506246281976,0.1951219512195122,0.9512195121951219,0.042682926829268296,0.013192704592971389,1.0,0.0,0.04375,0.0,1.0
20270023,n40_c35,high_energy,0.12,0.6519928613920286,0.573170731707317,0.8536585365853658,0.024390243902439025,0.010549696688235837,1.0,0.0,0.025,0.0,1.0
20270023,n40_c35,high_energy,0.24,0.816478286734087,0.23170731707317074,0.8536585365853658,0.024390243902439025,0.010549696688235837,1.0,0.0,0.025,0.0,1.0
20270023,n40_c35,high_energy,0.48,0.8432480666270078,0.1951219512195122,0.8536585365853658,0.024390243902439025,0.010549696688235837,1.0,0.0,0.025,0.0,1.0
20270023,n40_c35,low_energy,0.12,0.6508030933967877,0.5853658536585366,0.8292682926829268,0.024390243902439025,0.010527796843650156,1.0,0.0,0.025,0.0,1.0
20270023,n40_c35,low_energy,0.24,0.8010113027959548,0.25609756097560976,0.8292682926829268,0.024390243902439025,0.010527796843650156,1.0,0.0,0.025,0.0,1.0
20270023,n40_c35,low_energy,0.48,0.8426531826293873,0.1951219512195122,0.8292682926829268,0.024390243902439025,0.010527796843650156,1.0,0.0,0.025,0.0,1.0
20270023,n40_c35,no_replay,0.12,0.6963117192147531,0.6341463414634146,0.8048780487804879,0.024390243902439025,0.010673059473089724,1.0,0.0,0.025,0.0,1.0
20270023,n40_c35,no_replay,0.24,0.9414039262343843,0.0975609756097561,0.8048780487804879,0.024390243902439025,0.010673059473089724,1.0,0.0,0.025,0.0,1.0
20270023,n40_c35,no_replay,0.48,1.0,0.0,0.8048780487804879,0.024390243902439025,0.010673059473089724,1.0,0.0,0.025,0.0,1.0
20270023,n40_c35,random_replay,0.12,0.6519928613920286,0.573170731707317,0.8536585365853658,0.024390243902439025,0.010549696688235837,1.0,0.0,0.025,0.0,1.0
20270023,n40_c35,random_replay,0.24,0.816478286734087,0.23170731707317074,0.8536585365853658,0.024390243902439025,0.010549696688235837,1.0,0.0,0.025,0.0,1.0
20270023,n40_c35,random_replay,0.48,0.8432480666270078,0.1951219512195122,0.8536585365853658,0.024390243902439025,0.010549696688235837,1.0,0.0,0.025,0.0,1.0
20270023,n40_c65,high_energy,0.12,0.5800118976799524,0.8658536585365854,0.9512195121951219,0.024390243902439025,0.006247554203772038,1.0,0.0,0.025,0.0,0.975609756097561
20270023,n40_c65,high_energy,0.24,0.7471743010113028,0.5365853658536586,0.9512195121951219,0.024390243902439025,0.006247554203772038,1.0,0.0,0.025,0.0,0.975609756097561
20270023,n40_c65,high_energy,0.48,0.9717430101130279,0.06097560975609756,0.9512195121951219,0.024390243902439025,0.006247554203772038,1.0,0.0,0.025,0.0,0.975609756097561
20270023,n40_c65,low_energy,0.12,0.5791195716835217,0.8658536585365854,0.9512195121951219,0.024390243902439025,0.006238268776319742,1.0,0.0,0.025,0.0,0.975609756097561
20270023,n40_c65,low_energy,0.24,0.7382510410469958,0.5365853658536586,0.9512195121951219,0.024390243902439025,0.006238268776319742,1.0,0.0,0.025,0.0,0.975609756097561
20270023,n40_c65,low_energy,0.48,0.9521118381915527,0.04878048780487805,0.9512195121951219,0.024390243902439025,0.006238268776319742,1.0,0.0,0.025,0.0,0.975609756097561
20270023,n40_c65,no_replay,0.12,0.584770969660916,0.9024390243902439,0.9512195121951219,0.024390243902439025,0.006473088184218806,1.0,0.0,0.025,0.0,0.975609756097561
20270023,n40_c65,no_replay,0.24,0.7959547888161808,0.6219512195121951,0.9512195121951219,0.024390243902439025,0.006473088184218806,1.0,0.0,0.025,0.0,0.975609756097561
20270023,n40_c65,no_replay,0.48,0.9735276621058894,0.04878048780487805,0.9512195121951219,0.024390243902439025,0.006473088184218806,1.0,0.0,0.025,0.0,0.975609756097561
20270023,n40_c65,random_replay,0.12,0.5800118976799524,0.8048780487804879,0.9024390243902439,0.024390243902439025,0.006247554203772038,1.0,0.0,0.025,0.0,0.975609756097561
20270023,n40_c65,random_replay,0.24,0.7471743010113028,0.47560975609756095,0.9024390243902439,0.024390243902439025,0.006247554203772038,1.0,0.0,0.025,0.0,0.975609756097561
20270023,n40_c65,random_replay,0.48,0.9717430101130279,0.04878048780487805,0.9024390243902439,0.024390243902439025,0.006247554203772038,1.0,0.0,0.025,0.0,0.975609756097561
20270024,n12_c15,high_energy,0.12,0.7248520710059172,0.7307692307692307,0.9230769230769231,0.5769230769230769,0.006857348053470384,1.0,0.75,0.5625,0.0,1.0
20270024,n12_c15,high_energy,0.24,0.7633136094674556,0.6153846153846154,0.9230769230769231,0.5769230769230769,0.006857348053470384,1.0,0.75,0.5625,0.0,1.0
20270024,n12_c15,high_energy,0.48,0.7633136094674556,0.6153846153846154,0.9230769230769231,0.5769230769230769,0.006857348053470384,1.0,0.75,0.5625,0.0,1.0
20270024,n12_c15,low_energy,0.12,0.7248520710059171,0.6923076923076923,0.8461538461538461,0.5384615384615384,0.0068173398887531045,1.0,0.0,0.5833333333333334,0.0,1.0
20270024,n12_c15,low_energy,0.24,0.7633136094674556,0.6153846153846154,0.8461538461538461,0.5384615384615384,0.0068173398887531045,1.0,0.0,0.5833333333333334,0.0,1.0
20270024,n12_c15,low_energy,0.48,0.7633136094674556,0.6153846153846154,0.8461538461538461,0.5384615384615384,0.0068173398887531045,1.0,0.0,0.5833333333333334,0.0,1.0
20270024,n12_c15,no_replay,0.12,0.742603550295858,0.34615384615384615,0.7692307692307693,0.5769230769230769,0.0065917157018822396,1.0,0.75,0.5625,0.0,1.0
20270024,n12_c15,no_replay,0.24,0.970414201183432,0.0,0.7692307692307693,0.5769230769230769,0.0065917157018822396,1.0,0.75,0.5625,0.0,1.0
20270024,n12_c15,no_replay,0.48,1.0,0.0,0.7692307692307693,0.5769230769230769,0.0065917157018822396,1.0,0.75,0.5625,0.0,1.0
20270024,n12_c15,random_replay,0.12,0.7248520710059172,0.7307692307692307,0.9230769230769231,0.5769230769230769,0.006857348053470385,1.0,0.75,0.5625,0.0,1.0
20270024,n12_c15,random_replay,0.24,0.7633136094674556,0.6153846153846154,0.9230769230769231,0.5769230769230769,0.006857348053470385,1.0,0.75,0.5625,0.0,1.0
20270024,n12_c15,random_replay,0.48,0.7633136094674556,0.6153846153846154,0.9230769230769231,0.5769230769230769,0.006857348053470385,1.0,0.75,0.5625,0.0,1.0
20270024,n12_c35,high_energy,0.12,0.6982248520710058,0.8461538461538461,1.0,0.21153846153846154,0.009323218456013483,1.0,0.0,0.22916666666666666,0.0,1.0
20270024,n12_c35,high_energy,0.24,0.7633136094674556,0.6153846153846154,1.0,0.21153846153846154,0.009323218456013483,1.0,0.0,0.22916666666666666,0.0,1.0
20270024,n12_c35,high_energy,0.48,0.7633136094674556,0.6153846153846154,1.0,0.21153846153846154,0.009323218456013483,1.0,0.0,0.22916666666666666,0.0,1.0
20270024,n12_c35,low_energy,0.12,0.7218934911242604,0.8846153846153846,0.9230769230769231,0.17307692307692307,0.009728529312963337,1.0,0.0,0.1875,0.0,1.0
20270024,n12_c35,low_energy,0.24,0.7455621301775148,0.6538461538461539,0.9230769230769231,0.17307692307692307,0.009728529312963337,1.0,0.0,0.1875,0.0,1.0
20270024,n12_c35,low_energy,0.48,0.7633136094674556,0.6153846153846154,0.9230769230769231,0.17307692307692307,0.009728529312963337,1.0,0.0,0.1875,0.0,1.0
20270024,n12_c35,no_replay,0.12,0.7011834319526628,0.6923076923076923,0.9230769230769231,0.07692307692307693,0.010583335669637702,1.0,0.0,0.08333333333333333,0.0,1.0
20270024,n12_c35,no_replay,0.24,0.9585798816568047,0.15384615384615385,0.9230769230769231,0.07692307692307693,0.010583335669637702,1.0,0.0,0.08333333333333333,0.0,1.0
20270024,n12_c35,no_replay,0.48,1.0,0.0,0.9230769230769231,0.07692307692307693,0.010583335669637702,1.0,0.0,0.08333333333333333,0.0,1.0
20270024,n12_c35,random_replay,0.12,0.7218934911242604,0.8461538461538461,0.9230769230769231,0.17307692307692307,0.009728529312963337,1.0,0.0,0.1875,0.0,1.0
20270024,n12_c35,random_replay,0.24,0.7455621301775148,0.6538461538461539,0.9230769230769231,0.17307692307692307,0.009728529312963337,1.0,0.0,0.1875,0.0,1.0
20270024,n12_c35,random_replay,0.48,0.7633136094674556,0.6153846153846154,0.9230769230769231,0.17307692307692307,0.009728529312963337,1.0,0.0,0.1875,0.0,1.0
20270024,n12_c65,high_energy,0.12,0.6272189349112426,0.8461538461538461,1.0,0.07692307692307693,0.0068978550524903485,1.0,0.0,0.08333333333333333,0.0,1.0
20270024,n12_c65,high_energy,0.24,0.7218934911242604,0.6538461538461539,1.0,0.07692307692307693,0.0068978550524903485,1.0,0.0,0.08333333333333333,0.0,1.0
20270024,n12_c65,high_energy,0.48,0.9526627218934911,0.19230769230769232,1.0,0.07692307692307693,0.0068978550524903485,1.0,0.0,0.08333333333333333,0.0,1.0
20270024,n12_c65,low_energy,0.12,0.6627218934911242,0.8461538461538461,0.9230769230769231,0.07692307692307693,0.006870019646642203,1.0,0.0,0.08333333333333333,0.0,0.9230769230769231
20270024,n12_c65,low_energy,0.24,0.7337278106508875,0.7307692307692307,0.9230769230769231,0.07692307692307693,0.006870019646642203,1.0,0.0,0.08333333333333333,0.0,0.9230769230769231
20270024,n12_c65,low_energy,0.48,0.8816568047337279,0.23076923076923078,0.9230769230769231,0.07692307692307693,0.006870019646642203,1.0,0.0,0.08333333333333333,0.0,0.9230769230769231
20270024,n12_c65,no_replay,0.12,0.6331360946745562,0.9230769230769231,0.9230769230769231,0.07692307692307693,0.007316725566835379,1.0,0.0,0.08333333333333333,0.0,0.9230769230769231
20270024,n12_c65,no_replay,0.24,0.8727810650887574,0.6538461538461539,0.9230769230769231,0.07692307692307693,0.007316725566835379,1.0,0.0,0.08333333333333333,0.0,0.9230769230769231
20270024,n12_c65,no_replay,0.48,0.9763313609467456,0.0,0.9230769230769231,0.07692307692307693,0.007316725566835379,1.0,0.0,0.08333333333333333,0.0,0.9230769230769231
20270024,n12_c65,random_replay,0.12,0.6272189349112426,0.8846153846153846,1.0,0.07692307692307693,0.0068978550524903485,1.0,0.0,0.08333333333333333,0.0,1.0
20270024,n12_c65,random_replay,0.24,0.7218934911242604,0.6538461538461539,1.0,0.07692307692307693,0.0068978550524903485,1.0,0.0,0.08333333333333333,0.0,1.0
20270024,n12_c65,random_replay,0.48,0.9526627218934911,0.19230769230769232,1.0,0.07692307692307693,0.0068978550524903485,1.0,0.0,0.08333333333333333,0.0,1.0
20270024,n24_c15,high_energy,0.12,0.676,0.74,0.96,0.22,0.010719658179469006,1.0,0.75,0.19791666666666666,0.0,1.0
20270024,n24_c15,high_energy,0.24,0.7784,0.34,0.96,0.22,0.010719658179469006,1.0,0.75,0.19791666666666666,0.0,1.0
20270024,n24_c15,high_energy,0.48,0.7824,0.32,0.96,0.22,0.010719658179469006,1.0,0.75,0.19791666666666666,0.0,1.0
20270024,n24_c15,low_energy,0.12,0.6704,0.76,0.92,0.22,0.010979835111040814,1.0,0.0,0.22916666666666666,0.0,1.0
20270024,n24_c15,low_energy,0.24,0.7784,0.34,0.92,0.22,0.010979835111040814,1.0,0.0,0.22916666666666666,0.0,1.0
20270024,n24_c15,low_energy,0.48,0.7824,0.32,0.92,0.22,0.010979835111040814,1.0,0.0,0.22916666666666666,0.0,1.0
20270024,n24_c15,no_replay,0.12,0.7639999999999999,0.74,0.96,0.05,0.013002215999609506,1.0,0.0,0.052083333333333336,0.0,1.0
20270024,n24_c15,no_replay,0.24,0.984,0.04,0.96,0.05,0.013002215999609506,1.0,0.0,0.052083333333333336,0.0,1.0
20270024,n24_c15,no_replay,0.48,1.0,0.0,0.96,0.05,0.013002215999609506,1.0,0.0,0.052083333333333336,0.0,1.0
20270024,n24_c15,random_replay,0.12,0.6704,0.76,0.92,0.22,0.010979835111040814,1.0,0.0,0.22916666666666666,0.0,1.0
20270024,n24_c15,random_replay,0.24,0.7784,0.34,0.92,0.22,0.010979835111040814,1.0,0.0,0.22916666666666666,0.0,1.0
20270024,n24_c15,random_replay,0.48,0.7824,0.32,0.92,0.22,0.010979835111040814,1.0,0.0,0.22916666666666666,0.0,1.0
20270024,n24_c35,high_energy,0.12,0.6632000000000001,0.8,0.96,0.05,0.01030391987884842,1.0,0.25,0.041666666666666664,0.0,1.0
20270024,n24_c35,high_energy,0.24,0.7816,0.32,0.96,0.05,0.01030391987884842,1.0,0.25,0.041666666666666664,0.0,1.0
20270024,n24_c35,high_energy,0.48,0.7824,0.32,0.96,0.05,0.01030391987884842,1.0,0.25,0.041666666666666664,0.0,1.0
20270024,n24_c35,low_energy,0.12,0.6544,0.8,0.96,0.04,0.01050388617329319,1.0,0.0,0.041666666666666664,0.0,1.0
20270024,n24_c35,low_energy,0.24,0.7624,0.34,0.96,0.04,0.01050388617329319,1.0,0.0,0.041666666666666664,0.0,1.0
20270024,n24_c35,low_energy,0.48,0.7824,0.32,0.96,0.04,0.01050388617329319,1.0,0.0,0.041666666666666664,0.0,1.0
20270024,n24_c35,no_replay,0.12,0.7415999999999999,0.74,0.96,0.04,0.01054351993293618,1.0,0.0,0.041666666666666664,0.0,1.0
20270024,n24_c35,no_replay,0.24,0.9832,0.04,0.96,0.04,0.01054351993293618,1.0,0.0,0.041666666666666664,0.0,1.0
20270024,n24_c35,no_replay,0.48,1.0,0.0,0.96,0.04,0.01054351993293618,1.0,0.0,0.041666666666666664,0.0,1.0
20270024,n24_c35,random_replay,0.12,0.6544,0.8,0.96,0.04,0.01050388617329319,1.0,0.0,0.041666666666666664,0.0,1.0
20270024,n24_c35,random_replay,0.24,0.7624,0.34,0.96,0.04,0.01050388617329319,1.0,0.0,0.041666666666666664,0.0,1.0
20270024,n24_c35,random_replay,0.48,0.7824,0.32,0.96,0.04,0.01050388617329319,1.0,0.0,0.041666666666666664,0.0,1.0
20270024,n24_c65,high_energy,0.12,0.6352,0.7,0.88,0.04,0.006493457628849445,1.0,0.0,0.041666666666666664,0.0,0.96
20270024,n24_c65,high_energy,0.24,0.7656000000000001,0.38,0.88,0.04,0.006493457628849445,1.0,0.0,0.041666666666666664,0.0,0.96
20270024,n24_c65,high_energy,0.48,0.9696,0.08,0.88,0.04,0.006493457628849445,1.0,0.0,0.041666666666666664,0.0,0.96
20270024,n24_c65,low_energy,0.12,0.6160000000000001,0.76,0.96,0.04,0.006433004209962061,1.0,0.0,0.041666666666666664,0.0,0.96
20270024,n24_c65,low_energy,0.24,0.7312,0.44,0.96,0.04,0.006433004209962061,1.0,0.0,0.041666666666666664,0.0,0.96
20270024,n24_c65,low_energy,0.48,0.9376,0.08,0.96,0.04,0.006433004209962061,1.0,0.0,0.041666666666666664,0.0,0.96
20270024,n24_c65,no_replay,0.12,0.6224000000000001,0.84,0.96,0.04,0.00673750032755068,1.0,0.0,0.041666666666666664,0.0,0.96
20270024,n24_c65,no_replay,0.24,0.8368,0.5,0.96,0.04,0.00673750032755068,1.0,0.0,0.041666666666666664,0.0,0.96
20270024,n24_c65,no_replay,0.48,0.9583999999999999,0.02,0.96,0.04,0.00673750032755068,1.0,0.0,0.041666666666666664,0.0,0.96
20270024,n24_c65,random_replay,0.12,0.6352,0.66,0.8,0.04,0.006493457628849445,1.0,0.0,0.041666666666666664,0.0,0.96
20270024,n24_c65,random_replay,0.24,0.7656000000000001,0.36,0.8,0.04,0.006493457628849445,1.0,0.0,0.041666666666666664,0.0,0.96
20270024,n24_c65,random_replay,0.48,0.9696,0.08,0.8,0.04,0.006493457628849445,1.0,0.0,0.041666666666666664,0.0,0.96
20270024,n40_c15,high_energy,0.12,0.6969066032123736,0.6219512195121951,0.926829268292683,0.03048780487804878,0.013185892240508937,1.0,0.0,0.03125,0.0,1.0
20270024,n40_c15,high_energy,0.24,0.8387864366448543,0.1951219512195122,0.926829268292683,0.03048780487804878,0.013185892240508937,1.0,0.0,0.03125,0.0,1.0
20270024,n40_c15,high_energy,0.48,0.8429506246281976,0.1951219512195122,0.926829268292683,0.03048780487804878,0.013185892240508937,1.0,0.0,0.03125,0.0,1.0
20270024,n40_c15,low_energy,0.12,0.6921475312314099,0.6463414634146342,0.9024390243902439,0.036585365853658534,0.013102208790483882,1.0,0.0,0.0375,0.0,1.0
20270024,n40_c15,low_energy,0.24,0.838488994646044,0.1951219512195122,0.9024390243902439,0.036585365853658534,0.013102208790483882,1.0,0.0,0.0375,0.0,1.0
20270024,n40_c15,low_energy,0.48,0.8429506246281976,0.1951219512195122,0.9024390243902439,0.036585365853658534,0.013102208790483882,1.0,0.0,0.0375,0.0,1.0
20270024,n40_c15,no_replay,0.12,0.7757287328970851,0.5,0.9024390243902439,0.024390243902439025,0.013229534015734689,1.0,0.0,0.025,0.0,1.0
20270024,n40_c15,no_replay,0.24,0.9949434860202261,0.0,0.9024390243902439,0.024390243902439025,0.013229534015734689,1.0,0.0,0.025,0.0,1.0
20270024,n40_c15,no_replay,0.48,1.0,0.0,0.9024390243902439,0.024390243902439025,0.013229534015734689,1.0,0.0,0.025,0.0,1.0
20270024,n40_c15,random_replay,0.12,0.6921475312314099,0.6463414634146342,0.9024390243902439,0.036585365853658534,0.013102208790483882,1.0,0.0,0.0375,0.0,1.0
20270024,n40_c15,random_replay,0.24,0.838488994646044,0.1951219512195122,0.9024390243902439,0.036585365853658534,0.013102208790483882,1.0,0.0,0.0375,0.0,1.0
20270024,n40_c15,random_replay,0.48,0.8429506246281976,0.1951219512195122,0.9024390243902439,0.036585365853658534,0.013102208790483882,1.0,0.0,0.0375,0.0,1.0
20270024,n40_c35,high_energy,0.12,0.6796549672813802,0.7439024390243902,0.975609756097561,0.024390243902439025,0.010507618976619717,1.0,0.0,0.025,0.0,1.0
20270024,n40_c35,high_energy,0.24,0.8146936347412255,0.2926829268292683,0.975609756097561,0.024390243902439025,0.010507618976619717,1.0,0.0,0.025,0.0,1.0
20270024,n40_c35,high_energy,0.48,0.8429506246281976,0.1951219512195122,0.975609756097561,0.024390243902439025,0.010507618976619717,1.0,0.0,0.025,0.0,1.0
20270024,n40_c35,low_energy,0.12,0.6707317073170731,0.7682926829268293,0.975609756097561,0.024390243902439025,0.010477159947054662,1.0,0.0,0.025,0.0,1.0
20270024,n40_c35,low_energy,0.24,0.7965496728138012,0.3048780487804878,0.975609756097561,0.024390243902439025,0.010477159947054662,1.0,0.0,0.025,0.0,1.0
20270024,n40_c35,low_energy,0.48,0.8429506246281976,0.1951219512195122,0.975609756097561,0.024390243902439025,0.010477159947054662,1.0,0.0,0.025,0.0,1.0
20270024,n40_c35,no_replay,0.12,0.7299226650803092,0.8292682926829268,0.975609756097561,0.024390243902439025,0.01059498217084812,1.0,0.0,0.025,0.0,1.0
20270024,n40_c35,no_replay,0.24,0.9506246281975015,0.15853658536585366,0.975609756097561,0.024390243902439025,0.01059498217084812,1.0,0.0,0.025,0.0,1.0
20270024,n40_c35,no_replay,0.48,1.0,0.0,0.975609756097561,0.024390243902439025,0.01059498217084812,1.0,0.0,0.025,0.0,1.0
20270024,n40_c35,random_replay,0.12,0.6796549672813802,0.7195121951219512,0.9512195121951219,0.024390243902439025,0.010507618976619717,1.0,0.0,0.025,0.0,1.0
20270024,n40_c35,random_replay,0.24,0.8146936347412255,0.2926829268292683,0.9512195121951219,0.024390243902439025,0.010507618976619717,1.0,0.0,0.025,0.0,1.0
20270024,n40_c35,random_replay,0.48,0.8429506246281976,0.1951219512195122,0.9512195121951219,0.024390243902439025,0.010507618976619717,1.0,0.0,0.025,0.0,1.0
20270024,n40_c65,high_energy,0.12,0.5969660916121355,0.8780487804878049,0.9512195121951219,0.024390243902439025,0.0062833624834424265,1.0,0.0,0.025,0.0,0.975609756097561
20270024,n40_c65,high_energy,0.24,0.7566924449732303,0.524390243902439,0.9512195121951219,0.024390243902439025,0.0062833624834424265,1.0,0.0,0.025,0.0,0.975609756097561
20270024,n40_c65,high_energy,0.48,0.9762046400951814,0.06097560975609756,0.9512195121951219,0.024390243902439025,0.0062833624834424265,1.0,0.0,0.025,0.0,0.975609756097561
20270024,n40_c65,low_energy,0.12,0.5996430696014277,0.8780487804878049,0.9512195121951219,0.024390243902439025,0.006248690353305195,1.0,0.0,0.025,0.0,0.975609756097561
20270024,n40_c65,low_energy,0.24,0.7501487209994051,0.5121951219512195,0.9512195121951219,0.024390243902439025,0.006248690353305195,1.0,0.0,0.025,0.0,0.975609756097561
20270024,n40_c65,low_energy,0.48,0.9559785841760857,0.07317073170731707,0.9512195121951219,0.024390243902439025,0.006248690353305195,1.0,0.0,0.025,0.0,0.975609756097561
20270024,n40_c65,no_replay,0.12,0.607674003569304,0.9390243902439024,0.9512195121951219,0.024390243902439025,0.006449101257266923,1.0,0.0,0.025,0.0,0.975609756097561
20270024,n40_c65,no_replay,0.24,0.8054729327781083,0.6341463414634146,0.9512195121951219,0.024390243902439025,0.006449101257266923,1.0,0.0,0.025,0.0,0.975609756097561
20270024,n40_c65,no_replay,0.48,0.970553242117787,0.024390243902439025,0.9512195121951219,0.024390243902439025,0.006449101257266923,1.0,0.0,0.025,0.0,0.975609756097561
20270024,n40_c65,random_replay,0.12,0.5996430696014277,0.8780487804878049,0.975609756097561,0.024390243902439025,0.006248690353305195,1.0,0.0,0.025,0.0,0.975609756097561
20270024,n40_c65,random_replay,0.24,0.7501487209994051,0.5609756097560976,0.975609756097561,0.024390243902439025,0.006248690353305195,1.0,0.0,0.025,0.0,0.975609756097561
20270024,n40_c65,random_replay,0.48,0.9559785841760857,0.08536585365853659,0.975609756097561,0.024390243902439025,0.006248690353305195,1.0,0.0,0.025,0.0,0.975609756097561
20270025,n12_c15,high_energy,0.12,0.7189349112426036,0.8461538461538461,0.9230769230769231,0.5384615384615384,0.008730165441828681,1.0,0.25,0.5625,0.0,1.0
20270025,n12_c15,high_energy,0.24,0.7603550295857988,0.6153846153846154,0.9230769230769231,0.5384615384615384,0.008730165441828681,1.0,0.25,0.5625,0.0,1.0
20270025,n12_c15,high_energy,0.48,0.7633136094674556,0.6153846153846154,0.9230769230769231,0.5384615384615384,0.008730165441828681,1.0,0.25,0.5625,0.0,1.0
20270025,n12_c15,low_energy,0.12,0.7218934911242604,0.8461538461538461,1.0,0.5769230769230769,0.006843479636500371,1.0,0.0,0.625,0.0,1.0
20270025,n12_c15,low_energy,0.24,0.7633136094674556,0.6538461538461539,1.0,0.5769230769230769,0.006843479636500371,1.0,0.0,0.625,0.0,1.0
20270025,n12_c15,low_energy,0.48,0.7633136094674556,0.6153846153846154,1.0,0.5769230769230769,0.006843479636500371,1.0,0.0,0.625,0.0,1.0
20270025,n12_c15,no_replay,0.12,0.7455621301775148,0.6153846153846154,1.0,0.5384615384615384,0.007138706403419634,1.0,0.25,0.5625,0.0,1.0
20270025,n12_c15,no_replay,0.24,0.9940828402366864,0.038461538461538464,1.0,0.5384615384615384,0.007138706403419634,1.0,0.25,0.5625,0.0,1.0
20270025,n12_c15,no_replay,0.48,1.0,0.0,1.0,0.5384615384615384,0.007138706403419634,1.0,0.25,0.5625,0.0,1.0
20270025,n12_c15,random_replay,0.12,0.7218934911242604,0.8461538461538461,0.9230769230769231,0.5769230769230769,0.006843479636500371,1.0,0.0,0.625,0.0,1.0
20270025,n12_c15,random_replay,0.24,0.7633136094674556,0.6153846153846154,0.9230769230769231,0.5769230769230769,0.006843479636500371,1.0,0.0,0.625,0.0,1.0
20270025,n12_c15,random_replay,0.48,0.7633136094674556,0.6153846153846154,0.9230769230769231,0.5769230769230769,0.006843479636500371,1.0,0.0,0.625,0.0,1.0
20270025,n12_c35,high_energy,0.12,0.7130177514792899,0.7692307692307693,0.7692307692307693,0.21153846153846154,0.008793287563363037,1.0,0.5,0.1875,0.0,1.0
20270025,n12_c35,high_energy,0.24,0.7633136094674556,0.6153846153846154,0.7692307692307693,0.21153846153846154,0.008793287563363037,1.0,0.5,0.1875,0.0,1.0
20270025,n12_c35,high_energy,0.48,0.7633136094674556,0.6153846153846154,0.7692307692307693,0.21153846153846154,0.008793287563363037,1.0,0.5,0.1875,0.0,1.0
20270025,n12_c35,low_energy,0.12,0.7100591715976331,0.8076923076923077,0.9230769230769231,0.09615384615384616,0.010367664567633847,1.0,0.0,0.10416666666666667,0.0,1.0
20270025,n12_c35,low_energy,0.24,0.7544378698224852,0.6153846153846154,0.9230769230769231,0.09615384615384616,0.010367664567633847,1.0,0.0,0.10416666666666667,0.0,1.0
20270025,n12_c35,low_energy,0.48,0.7633136094674556,0.6153846153846154,0.9230769230769231,0.09615384615384616,0.010367664567633847,1.0,0.0,0.10416666666666667,0.0,1.0
20270025,n12_c35,no_replay,0.12,0.7396449704142012,0.6153846153846154,1.0,0.09615384615384616,0.010381992841581308,1.0,0.25,0.08333333333333333,0.0,1.0
20270025,n12_c35,no_replay,0.24,0.985207100591716,0.038461538461538464,1.0,0.09615384615384616,0.010381992841581308,1.0,0.25,0.08333333333333333,0.0,1.0
20270025,n12_c35,no_replay,0.48,1.0,0.0,1.0,0.09615384615384616,0.010381992841581308,1.0,0.25,0.08333333333333333,0.0,1.0
20270025,n12_c35,random_replay,0.12,0.7130177514792899,0.8076923076923077,0.7692307692307693,0.21153846153846154,0.008793287563363037,1.0,0.5,0.1875,0.0,1.0
20270025,n12_c35,random_replay,0.24,0.7633136094674556,0.6153846153846154,0.7692307692307693,0.21153846153846154,0.008793287563363037,1.0,0.5,0.1875,0.0,1.0
20270025,n12_c35,random_replay,0.48,0.7633136094674556,0.6153846153846154,0.7692307692307693,0.21153846153846154,0.008793287563363037,1.0,0.5,0.1875,0.0,1.0
20270025,n12_c65,high_energy,0.12,0.7071005917159763,0.6923076923076923,1.0,0.07692307692307693,0.006866290520226234,1.0,0.0,0.08333333333333333,0.0,1.0
20270025,n12_c65,high_energy,0.24,0.7248520710059172,0.6153846153846154,1.0,0.07692307692307693,0.006866290520226234,1.0,0.0,0.08333333333333333,0.0,1.0
20270025,n12_c65,high_energy,0.48,0.985207100591716,0.11538461538461539,1.0,0.07692307692307693,0.006866290520226234,1.0,0.0,0.08333333333333333,0.0,1.0
20270025,n12_c65,low_energy,0.12,0.727810650887574,0.8461538461538461,0.9230769230769231,0.07692307692307693,0.0068195039419000755,1.0,0.0,0.08333333333333333,0.0,0.9230769230769231
20270025,n12_c65,low_energy,0.24,0.7396449704142012,0.6153846153846154,0.9230769230769231,0.07692307692307693,0.0068195039419000755,1.0,0.0,0.08333333333333333,0.0,0.9230769230769231
20270025,n12_c65,low_energy,0.48,0.9260355029585798,0.11538461538461539,0.9230769230769231,0.07692307692307693,0.0068195039419000755,1.0,0.0,0.08333333333333333,0.0,0.9230769230769231
20270025,n12_c65,no_replay,0.12,0.7159763313609467,0.8846153846153846,0.9230769230769231,0.07692307692307693,0.007381010095535267,1.0,0.0,0.08333333333333333,0.0,0.9230769230769231
20270025,n12_c65,no_replay,0.24,0.9230769230769231,0.19230769230769232,0.9230769230769231,0.07692307692307693,0.007381010095535267,1.0,0.0,0.08333333333333333,0.0,0.9230769230769231
20270025,n12_c65,no_replay,0.48,0.985207100591716,0.0,0.9230769230769231,0.07692307692307693,0.007381010095535267,1.0,0.0,0.08333333333333333,0.0,0.9230769230769231
20270025,n12_c65,random_replay,0.12,0.7071005917159763,0.6923076923076923,1.0,0.07692307692307693,0.006866290520226234,1.0,0.0,0.08333333333333333,0.0,1.0
20270025,n12_c65,random_replay,0.24,0.7248520710059172,0.6153846153846154,1.0,0.07692307692307693,0.006866290520226234,1.0,0.0,0.08333333333333333,0.0,1.0
20270025,n12_c65,random_replay,0.48,0.985207100591716,0.11538461538461539,1.0,0.07692307692307693,0.006866290520226234,1.0,0.0,0.08333333333333333,0.0,1.0
20270025,n24_c15,high_energy,0.12,0.6719999999999999,0.58,0.88,0.17,0.011388781713391773,1.0,0.25,0.16666666666666666,0.0,1.0
20270025,n24_c15,high_energy,0.24,0.7784,0.32,0.88,0.17,0.011388781713391773,1.0,0.25,0.16666666666666666,0.0,1.0
20270025,n24_c15,high_energy,0.48,0.7824,0.32,0.88,0.17,0.011388781713391773,1.0,0.25,0.16666666666666666,0.0,1.0
20270025,n24_c15,low_energy,0.12,0.672,0.64,0.88,0.16,0.011750428861897337,1.0,0.0,0.16666666666666666,0.0,1.0
20270025,n24_c15,low_energy,0.24,0.7784,0.32,0.88,0.16,0.011750428861897337,1.0,0.0,0.16666666666666666,0.0,1.0
20270025,n24_c15,low_energy,0.48,0.7824,0.32,0.88,0.16,0.011750428861897337,1.0,0.0,0.16666666666666666,0.0,1.0
20270025,n24_c15,no_replay,0.12,0.7688,0.66,0.84,0.04,0.013179944364783185,1.0,0.0,0.041666666666666664,0.0,1.0
20270025,n24_c15,no_replay,0.24,0.996,0.0,0.84,0.04,0.013179944364783185,1.0,0.0,0.041666666666666664,0.0,1.0
20270025,n24_c15,no_replay,0.48,1.0,0.0,0.84,0.04,0.013179944364783185,1.0,0.0,0.041666666666666664,0.0,1.0
20270025,n24_c15,random_replay,0.12,0.672,0.64,0.88,0.16,0.011750428861897337,1.0,0.0,0.16666666666666666,0.0,1.0
20270025,n24_c15,random_replay,0.24,0.7784,0.32,0.88,0.16,0.011750428861897337,1.0,0.0,0.16666666666666666,0.0,1.0
20270025,n24_c15,random_replay,0.48,0.7824,0.32,0.88,0.16,0.011750428861897337,1.0,0.0,0.16666666666666666,0.0,1.0
20270025,n24_c35,high_energy,0.12,0.6624,0.8,0.92,0.04,0.010550993584331519,1.0,0.0,0.041666666666666664,0.0,1.0
20270025,n24_c35,high_energy,0.24,0.7816,0.32,0.92,0.04,0.010550993584331519,1.0,0.0,0.041666666666666664,0.0,1.0
20270025,n24_c35,high_energy,0.48,0.7824,0.32,0.92,0.04,0.010550993584331519,1.0,0.0,0.041666666666666664,0.0,1.0
20270025,n24_c35,low_energy,0.12,0.6552,0.84,0.96,0.04,0.010503602629770008,1.0,0.0,0.041666666666666664,0.0,1.0
20270025,n24_c35,low_energy,0.24,0.7624,0.34,0.96,0.04,0.010503602629770008,1.0,0.0,0.041666666666666664,0.0,1.0
20270025,n24_c35,low_energy,0.48,0.7824,0.32,0.96,0.04,0.010503602629770008,1.0,0.0,0.041666666666666664,0.0,1.0
20270025,n24_c35,no_replay,0.12,0.7167999999999999,0.8,0.92,0.04,0.010570157285211707,1.0,0.0,0.041666666666666664,0.0,1.0
20270025,n24_c35,no_replay,0.24,0.9824,0.04,0.92,0.04,0.010570157285211707,1.0,0.0,0.041666666666666664,0.0,1.0
20270025,n24_c35,no_replay,0.48,1.0,0.0,0.92,0.04,0.010570157285211707,1.0,0.0,0.041666666666666664,0.0,1.0
20270025,n24_c35,random_replay,0.12,0.6552,0.84,0.96,0.04,0.010503602629770008,1.0,0.0,0.041666666666666664,0.0,1.0
20270025,n24_c35,random_replay,0.24,0.7624,0.34,0.96,0.04,0.010503602629770008,1.0,0.0,0.041666666666666664,0.0,1.0
20270025,n24_c35,random_replay,0.48,0.7824,0.32,0.96,0.04,0.010503602629770008,1.0,0.0,0.041666666666666664,0.0,1.0
20270025,n24_c65,high_energy,0.12,0.5984,0.8,0.88,0.04,0.006499548025132482,1.0,0.0,0.041666666666666664,0.0,0.96
20270025,n24_c65,high_energy,0.24,0.7368,0.44,0.88,0.04,0.006499548025132482,1.0,0.0,0.041666666666666664,0.0,0.96
20270025,n24_c65,high_energy,0.48,0.9967999999999999,0.02,0.88,0.04,0.006499548025132482,1.0,0.0,0.041666666666666664,0.0,0.96
20270025,n24_c65,low_energy,0.12,0.5848,0.8,0.92,0.04,0.006461065000255013,1.0,0.0,0.041666666666666664,0.0,0.96
20270025,n24_c65,low_energy,0.24,0.6992,0.48,0.92,0.04,0.006461065000255013,1.0,0.0,0.041666666666666664,0.0,0.96
20270025,n24_c65,low_energy,0.48,0.9583999999999999,0.02,0.92,0.04,0.006461065000255013,1.0,0.0,0.041666666666666664,0.0,0.96
20270025,n24_c65,no_replay,0.12,0.5952000000000001,0.88,0.88,0.04,0.006867683457241044,1.0,0.0,0.041666666666666664,0.0,0.96
20270025,n24_c65,no_replay,0.24,0.8448,0.5,0.88,0.04,0.006867683457241044,1.0,0.0,0.041666666666666664,0.0,0.96
20270025,n24_c65,no_replay,0.48,0.9648,0.0,0.88,0.04,0.006867683457241044,1.0,0.0,0.041666666666666664,0.0,0.96
20270025,n24_c65,random_replay,0.12,0.5848,0.82,0.92,0.04,0.006461065000255013,1.0,0.0,0.041666666666666664,0.0,0.96
20270025,n24_c65,random_replay,0.24,0.6992,0.5,0.92,0.04,0.006461065000255013,1.0,0.0,0.041666666666666664,0.0,0.96
20270025,n24_c65,random_replay,0.48,0.9583999999999999,0.04,0.92,0.04,0.006461065000255013,1.0,0.0,0.041666666666666664,0.0,0.96
20270025,n40_c15,high_energy,0.12,0.7293277810826888,0.7804878048780488,1.0,0.036585365853658534,0.013129523759449053,1.0,0.0,0.0375,0.0,1.0
20270025,n40_c15,high_energy,0.24,0.8414634146341464,0.21951219512195122,1.0,0.036585365853658534,0.013129523759449053,1.0,0.0,0.0375,0.0,1.0
20270025,n40_c15,high_energy,0.48,0.8429506246281976,0.1951219512195122,1.0,0.036585365853658534,0.013129523759449053,1.0,0.0,0.0375,0.0,1.0
20270025,n40_c15,low_energy,0.12,0.7174301011302796,0.7682926829268293,0.975609756097561,0.036585365853658534,0.013125264372965075,1.0,0.0,0.0375,0.0,1.0
20270025,n40_c15,low_energy,0.24,0.835812016656752,0.21951219512195122,0.975609756097561,0.036585365853658534,0.013125264372965075,1.0,0.0,0.0375,0.0,1.0
20270025,n40_c15,low_energy,0.48,0.8429506246281976,0.1951219512195122,0.975609756097561,0.036585365853658534,0.013125264372965075,1.0,0.0,0.0375,0.0,1.0
20270025,n40_c15,no_replay,0.12,0.7938726948245092,0.7195121951219512,0.975609756097561,0.024390243902439025,0.013241879711442991,1.0,0.0,0.025,0.0,1.0
20270025,n40_c15,no_replay,0.24,0.9931588340273647,0.024390243902439025,0.975609756097561,0.024390243902439025,0.013241879711442991,1.0,0.0,0.025,0.0,1.0
20270025,n40_c15,no_replay,0.48,1.0,0.0,0.975609756097561,0.024390243902439025,0.013241879711442991,1.0,0.0,0.025,0.0,1.0
20270025,n40_c15,random_replay,0.12,0.7174301011302796,0.7682926829268293,0.975609756097561,0.036585365853658534,0.013125264372965075,1.0,0.0,0.0375,0.0,1.0
20270025,n40_c15,random_replay,0.24,0.835812016656752,0.21951219512195122,0.975609756097561,0.036585365853658534,0.013125264372965075,1.0,0.0,0.0375,0.0,1.0
20270025,n40_c15,random_replay,0.48,0.8429506246281976,0.1951219512195122,0.975609756097561,0.036585365853658534,0.013125264372965075,1.0,0.0,0.0375,0.0,1.0
20270025,n40_c35,high_energy,0.12,0.6644854253420583,0.7682926829268293,0.926829268292683,0.024390243902439025,0.010526236020270115,1.0,0.0,0.025,0.0,1.0
20270025,n40_c35,high_energy,0.24,0.8251041046995835,0.25609756097560976,0.926829268292683,0.024390243902439025,0.010526236020270115,1.0,0.0,0.025,0.0,1.0
20270025,n40_c35,high_energy,0.48,0.8486020226055919,0.1951219512195122,0.926829268292683,0.024390243902439025,0.010526236020270115,1.0,0.0,0.025,0.0,1.0
20270025,n40_c35,low_energy,0.12,0.6668649613325401,0.8170731707317073,0.9512195121951219,0.024390243902439025,0.010491136936795582,1.0,0.0,0.025,0.0,1.0
20270025,n40_c35,low_energy,0.24,0.809042236763831,0.2926829268292683,0.9512195121951219,0.024390243902439025,0.010491136936795582,1.0,0.0,0.025,0.0,1.0
20270025,n40_c35,low_energy,0.48,0.842355740630577,0.1951219512195122,0.9512195121951219,0.024390243902439025,0.010491136936795582,1.0,0.0,0.025,0.0,1.0
20270025,n40_c35,no_replay,0.12,0.7236763831052944,0.7804878048780488,0.9512195121951219,0.024390243902439025,0.010616474693859429,1.0,0.0,0.025,0.0,1.0
20270025,n40_c35,no_replay,0.24,0.9580606781677573,0.14634146341463414,0.9512195121951219,0.024390243902439025,0.010616474693859429,1.0,0.0,0.025,0.0,1.0
20270025,n40_c35,no_replay,0.48,0.9997025580011898,0.0,0.9512195121951219,0.024390243902439025,0.010616474693859429,1.0,0.0,0.025,0.0,1.0
20270025,n40_c35,random_replay,0.12,0.6668649613325401,0.8170731707317073,0.9512195121951219,0.024390243902439025,0.010491136936795582,1.0,0.0,0.025,0.0,1.0
20270025,n40_c35,random_replay,0.24,0.809042236763831,0.2926829268292683,0.9512195121951219,0.024390243902439025,0.010491136936795582,1.0,0.0,0.025,0.0,1.0
20270025,n40_c35,random_replay,0.48,0.842355740630577,0.1951219512195122,0.9512195121951219,0.024390243902439025,0.010491136936795582,1.0,0.0,0.025,0.0,1.0
20270025,n40_c65,high_energy,0.12,0.5886377156454492,0.8170731707317073,0.975609756097561,0.024390243902439025,0.0062624393080797655,1.0,0.0,0.025,0.0,0.975609756097561
20270025,n40_c65,high_energy,0.24,0.7489589530041642,0.524390243902439,0.975609756097561,0.024390243902439025,0.0062624393080797655,1.0,0.0,0.025,0.0,0.975609756097561
20270025,n40_c65,high_energy,0.48,0.9747174301011302,0.07317073170731707,0.975609756097561,0.024390243902439025,0.0062624393080797655,1.0,0.0,0.025,0.0,0.975609756097561
20270025,n40_c65,low_energy,0.12,0.5880428316478287,0.8170731707317073,0.975609756097561,0.024390243902439025,0.0062369869787196755,1.0,0.0,0.025,0.0,0.975609756097561
20270025,n40_c65,low_energy,0.24,0.734681737061273,0.5121951219512195,0.975609756097561,0.024390243902439025,0.0062369869787196755,1.0,0.0,0.025,0.0,0.975609756097561
20270025,n40_c65,low_energy,0.48,0.9559785841760856,0.04878048780487805,0.975609756097561,0.024390243902439025,0.0062369869787196755,1.0,0.0,0.025,0.0,0.975609756097561
20270025,n40_c65,no_replay,0.12,0.6061867935752528,0.8658536585365854,0.975609756097561,0.024390243902439025,0.006530755818803915,1.0,0.0,0.025,0.0,0.975609756097561
20270025,n40_c65,no_replay,0.24,0.8072575847709698,0.573170731707317,0.975609756097561,0.024390243902439025,0.006530755818803915,1.0,0.0,0.025,0.0,0.975609756097561
20270025,n40_c65,no_replay,0.48,0.9586555621653776,0.06097560975609756,0.975609756097561,0.024390243902439025,0.006530755818803915,1.0,0.0,0.025,0.0,0.975609756097561
20270025,n40_c65,random_replay,0.12,0.5880428316478287,0.8658536585365854,0.975609756097561,0.024390243902439025,0.0062369869787196755,1.0,0.0,0.025,0.0,0.975609756097561
20270025,n40_c65,random_replay,0.24,0.734681737061273,0.5609756097560976,0.975609756097561,0.024390243902439025,0.0062369869787196755,1.0,0.0,0.025,0.0,0.975609756097561
20270025,n40_c65,random_replay,0.48,0.9559785841760856,0.07317073170731707,0.975609756097561,0.024390243902439025,0.0062369869787196755,1.0,0.0,0.025,0.0,0.975609756097561
20270026,n12_c15,high_energy,0.12,0.7248520710059172,0.7692307692307693,0.8461538461538461,0.5961538461538461,0.010865890555011566,1.0,0.75,0.5833333333333334,0.0,1.0
20270026,n12_c15,high_energy,0.24,0.7633136094674556,0.6153846153846154,0.8461538461538461,0.5961538461538461,0.010865890555011566,1.0,0.75,0.5833333333333334,0.0,1.0
20270026,n12_c15,high_energy,0.48,0.7633136094674556,0.6153846153846154,0.8461538461538461,0.5961538461538461,0.010865890555011566,1.0,0.75,0.5833333333333334,0.0,1.0
20270026,n12_c15,low_energy,0.12,0.7396449704142012,0.6923076923076923,0.8461538461538461,0.5961538461538461,0.006153665013263188,1.0,0.0,0.6458333333333334,0.0,1.0
20270026,n12_c15,low_energy,0.24,0.7633136094674556,0.6153846153846154,0.8461538461538461,0.5961538461538461,0.006153665013263188,1.0,0.0,0.6458333333333334,0.0,1.0
20270026,n12_c15,low_energy,0.48,0.7633136094674556,0.6153846153846154,0.8461538461538461,0.5961538461538461,0.006153665013263188,1.0,0.0,0.6458333333333334,0.0,1.0
20270026,n12_c15,no_replay,0.12,0.7159763313609467,0.5384615384615384,0.9230769230769231,0.5,0.00737128268922762,1.0,0.25,0.5208333333333334,0.0,1.0
20270026,n12_c15,no_replay,0.24,0.9822485207100592,0.038461538461538464,0.9230769230769231,0.5,0.00737128268922762,1.0,0.25,0.5208333333333334,0.0,1.0
20270026,n12_c15,no_replay,0.48,1.0,0.0,0.9230769230769231,0.5,0.00737128268922762,1.0,0.25,0.5208333333333334,0.0,1.0
20270026,n12_c15,random_replay,0.12,0.7396449704142012,0.6923076923076923,0.8461538461538461,0.5961538461538461,0.006153665013263188,1.0,0.0,0.6458333333333334,0.0,1.0
20270026,n12_c15,random_replay,0.24,0.7633136094674556,0.6153846153846154,0.8461538461538461,0.5961538461538461,0.006153665013263188,1.0,0.0,0.6458333333333334,0.0,1.0
20270026,n12_c15,random_replay,0.48,0.7633136094674556,0.6153846153846154,0.8461538461538461,0.5961538461538461,0.006153665013263188,1.0,0.0,0.6458333333333334,0.0,1.0
20270026,n12_c35,high_energy,0.12,0.71301775147929,0.7307692307692307,0.8461538461538461,0.23076923076923078,0.008403769117625911,1.0,0.75,0.1875,0.0,1.0
20270026,n12_c35,high_energy,0.24,0.7633136094674556,0.6153846153846154,0.8461538461538461,0.23076923076923078,0.008403769117625911,1.0,0.75,0.1875,0.0,1.0
20270026,n12_c35,high_energy,0.48,0.7633136094674556,0.6153846153846154,0.8461538461538461,0.23076923076923078,0.008403769117625911,1.0,0.75,0.1875,0.0,1.0
20270026,n12_c35,low_energy,0.12,0.7100591715976331,0.8461538461538461,0.8461538461538461,0.09615384615384616,0.010414142784020166,1.0,0.0,0.10416666666666667,0.0,1.0
20270026,n12_c35,low_energy,0.24,0.7485207100591716,0.6153846153846154,0.8461538461538461,0.09615384615384616,0.010414142784020166,1.0,0.0,0.10416666666666667,0.0,1.0
20270026,n12_c35,low_energy,0.48,0.7633136094674556,0.6153846153846154,0.8461538461538461,0.09615384615384616,0.010414142784020166,1.0,0.0,0.10416666666666667,0.0,1.0
20270026,n12_c35,no_replay,0.12,0.7159763313609466,0.6153846153846154,0.7692307692307693,0.09615384615384616,0.010486943971031002,1.0,0.25,0.08333333333333333,0.0,1.0
20270026,n12_c35,no_replay,0.24,0.9940828402366865,0.0,0.7692307692307693,0.09615384615384616,0.010486943971031002,1.0,0.25,0.08333333333333333,0.0,1.0
20270026,n12_c35,no_replay,0.48,1.0,0.0,0.7692307692307693,0.09615384615384616,0.010486943971031002,1.0,0.25,0.08333333333333333,0.0,1.0
20270026,n12_c35,random_replay,0.12,0.71301775147929,0.7692307692307693,0.9230769230769231,0.23076923076923078,0.008403769117625911,1.0,0.75,0.1875,0.0,1.0
20270026,n12_c35,random_replay,0.24,0.7633136094674556,0.6153846153846154,0.9230769230769231,0.23076923076923078,0.008403769117625911,1.0,0.75,0.1875,0.0,1.0
20270026,n12_c35,random_replay,0.48,0.7633136094674556,0.6153846153846154,0.9230769230769231,0.23076923076923078,0.008403769117625911,1.0,0.75,0.1875,0.0,1.0
20270026,n12_c65,high_energy,0.12,0.6597633136094675,0.7307692307692307,0.9230769230769231,0.09615384615384616,0.006397710572024277,1.0,0.25,0.08333333333333333,0.0,1.0
20270026,n12_c65,high_energy,0.24,0.7366863905325444,0.6153846153846154,0.9230769230769231,0.09615384615384616,0.006397710572024277,1.0,0.25,0.08333333333333333,0.0,1.0
20270026,n12_c65,high_energy,0.48,0.9792899408284024,0.038461538461538464,0.9230769230769231,0.09615384615384616,0.006397710572024277,1.0,0.25,0.08333333333333333,0.0,1.0
20270026,n12_c65,low_energy,0.12,0.6863905325443787,0.8076923076923077,0.8461538461538461,0.07692307692307693,0.006835174988058282,1.0,0.0,0.08333333333333333,0.0,0.9230769230769231
20270026,n12_c65,low_energy,0.24,0.7396449704142012,0.6153846153846154,0.8461538461538461,0.07692307692307693,0.006835174988058282,1.0,0.0,0.08333333333333333,0.0,0.9230769230769231
20270026,n12_c65,low_energy,0.48,0.9142011834319527,0.07692307692307693,0.8461538461538461,0.07692307692307693,0.006835174988058282,1.0,0.0,0.08333333333333333,0.0,0.9230769230769231
20270026,n12_c65,no_replay,0.12,0.6479289940828402,0.7692307692307693,0.8461538461538461,0.09615384615384616,0.006894146742260351,1.0,0.25,0.08333333333333333,0.0,0.9230769230769231
20270026,n12_c65,no_replay,0.24,0.8905325443786981,0.23076923076923078,0.8461538461538461,0.09615384615384616,0.006894146742260351,1.0,0.25,0.08333333333333333,0.0,0.9230769230769231
20270026,n12_c65,no_replay,0.48,0.9911242603550295,0.0,0.8461538461538461,0.09615384615384616,0.006894146742260351,1.0,0.25,0.08333333333333333,0.0,0.9230769230769231
20270026,n12_c65,random_replay,0.12,0.6863905325443787,0.8076923076923077,0.9230769230769231,0.07692307692307693,0.006835174988058282,1.0,0.0,0.08333333333333333,0.0,0.9230769230769231
20270026,n12_c65,random_replay,0.24,0.7396449704142012,0.6153846153846154,0.9230769230769231,0.07692307692307693,0.006835174988058282,1.0,0.0,0.08333333333333333,0.0,0.9230769230769231
20270026,n12_c65,random_replay,0.48,0.9142011834319527,0.11538461538461539,0.9230769230769231,0.07692307692307693,0.006835174988058282,1.0,0.0,0.08333333333333333,0.0,0.9230769230769231
20270026,n24_c15,high_energy,0.12,0.6616,0.78,0.92,0.18,0.011209438091246875,1.0,0.5,0.16666666666666666,0.0,1.0
20270026,n24_c15,high_energy,0.24,0.7776000000000001,0.32,0.92,0.18,0.011209438091246875,1.0,0.5,0.16666666666666666,0.0,1.0
20270026,n24_c15,high_energy,0.48,0.7824,0.32,0.92,0.18,0.011209438091246875,1.0,0.5,0.16666666666666666,0.0,1.0
20270026,n24_c15,low_energy,0.12,0.652,0.74,0.88,0.15,0.01163587472981022,1.0,0.0,0.15625,0.0,1.0
20270026,n24_c15,low_energy,0.24,0.7736000000000001,0.34,0.88,0.15,0.01163587472981022,1.0,0.0,0.15625,0.0,1.0
20270026,n24_c15,low_energy,0.48,0.7824,0.32,0.88,0.15,0.01163587472981022,1.0,0.0,0.15625,0.0,1.0
20270026,n24_c15,no_replay,0.12,0.7592000000000001,0.66,0.92,0.04,0.01313871760966247,1.0,0.0,0.041666666666666664,0.0,1.0
20270026,n24_c15,no_replay,0.24,0.992,0.06,0.92,0.04,0.01313871760966247,1.0,0.0,0.041666666666666664,0.0,1.0
20270026,n24_c15,no_replay,0.48,1.0,0.0,0.92,0.04,0.01313871760966247,1.0,0.0,0.041666666666666664,0.0,1.0
20270026,n24_c15,random_replay,0.12,0.6616,0.78,0.92,0.18,0.011209438091246875,1.0,0.5,0.16666666666666666,0.0,1.0
20270026,n24_c15,random_replay,0.24,0.7776000000000001,0.34,0.92,0.18,0.011209438091246875,1.0,0.5,0.16666666666666666,0.0,1.0
20270026,n24_c15,random_replay,0.48,0.7824,0.32,0.92,0.18,0.011209438091246875,1.0,0.5,0.16666666666666666,0.0,1.0
20270026,n24_c35,high_energy,0.12,0.656,0.72,0.88,0.05,0.01038208379515925,1.0,0.25,0.041666666666666664,0.0,1.0
20270026,n24_c35,high_energy,0.24,0.7704,0.32,0.88,0.05,0.01038208379515925,1.0,0.25,0.041666666666666664,0.0,1.0
20270026,n24_c35,high_energy,0.48,0.7824,0.32,0.88,0.05,0.01038208379515925,1.0,0.25,0.041666666666666664,0.0,1.0
20270026,n24_c35,low_energy,0.12,0.6519999999999999,0.76,0.88,0.04,0.010551774035873714,1.0,0.0,0.041666666666666664,0.0,1.0
20270026,n24_c35,low_energy,0.24,0.752,0.34,0.88,0.04,0.010551774035873714,1.0,0.0,0.041666666666666664,0.0,1.0
20270026,n24_c35,low_energy,0.48,0.7824,0.32,0.88,0.04,0.010551774035873714,1.0,0.0,0.041666666666666664,0.0,1.0
20270026,n24_c35,no_replay,0.12,0.7032,0.66,0.8,0.04,0.010584160083189756,1.0,0.0,0.041666666666666664,0.0,1.0
20270026,n24_c35,no_replay,0.24,0.9592,0.04,0.8,0.04,0.010584160083189756,1.0,0.0,0.041666666666666664,0.0,1.0
20270026,n24_c35,no_replay,0.48,1.0,0.0,0.8,0.04,0.010584160083189756,1.0,0.0,0.041666666666666664,0.0,1.0
20270026,n24_c35,random_replay,0.12,0.6519999999999999,0.76,0.88,0.04,0.010551774035873714,1.0,0.0,0.041666666666666664,0.0,1.0
20270026,n24_c35,random_replay,0.24,0.752,0.34,0.88,0.04,0.010551774035873714,1.0,0.0,0.041666666666666664,0.0,1.0
20270026,n24_c35,random_replay,0.48,0.7824,0.32,0.88,0.04,0.010551774035873714,1.0,0.0,0.041666666666666664,0.0,1.0
20270026,n24_c65,high_energy,0.12,0.628,0.78,0.96,0.04,0.006449688341737976,1.0,0.0,0.041666666666666664,0.0,0.96
20270026,n24_c65,high_energy,0.24,0.7416,0.42,0.96,0.04,0.006449688341737976,1.0,0.0,0.041666666666666664,0.0,0.96
20270026,n24_c65,high_energy,0.48,0.9864,0.08,0.96,0.04,0.006449688341737976,1.0,0.0,0.041666666666666664,0.0,0.96
20270026,n24_c65,low_energy,0.12,0.6112000000000001,0.82,0.96,0.04,0.006418719171372307,1.0,0.0,0.041666666666666664,0.0,0.96
20270026,n24_c65,low_energy,0.24,0.708,0.46,0.96,0.04,0.006418719171372307,1.0,0.0,0.041666666666666664,0.0,0.96
20270026,n24_c65,low_energy,0.48,0.9535999999999999,0.08,0.96,0.04,0.006418719171372307,1.0,0.0,0.041666666666666664,0.0,0.96
20270026,n24_c65,no_replay,0.12,0.6528,0.92,0.96,0.04,0.006745940405382106,1.0,0.0,0.041666666666666664,0.0,0.96
20270026,n24_c65,no_replay,0.24,0.8655999999999999,0.38,0.96,0.04,0.006745940405382106,1.0,0.0,0.041666666666666664,0.0,0.96
20270026,n24_c65,no_replay,0.48,0.9632,0.0,0.96,0.04,0.006745940405382106,1.0,0.0,0.041666666666666664,0.0,0.96
20270026,n24_c65,random_replay,0.12,0.6112000000000001,0.9,0.96,0.04,0.006418719171372307,1.0,0.0,0.041666666666666664,0.0,0.96
20270026,n24_c65,random_replay,0.24,0.708,0.46,0.96,0.04,0.006418719171372307,1.0,0.0,0.041666666666666664,0.0,0.96
20270026,n24_c65,random_replay,0.48,0.9535999999999999,0.08,0.96,0.04,0.006418719171372307,1.0,0.0,0.041666666666666664,0.0,0.96
20270026,n40_c15,high_energy,0.12,0.7001784651992862,0.5975609756097561,0.9024390243902439,0.036585365853658534,0.013107531485012959,1.0,0.0,0.0375,0.0,1.0
20270026,n40_c15,high_energy,0.24,0.8375966686496134,0.2073170731707317,0.9024390243902439,0.036585365853658534,0.013107531485012959,1.0,0.0,0.0375,0.0,1.0
20270026,n40_c15,high_energy,0.48,0.8429506246281976,0.1951219512195122,0.9024390243902439,0.036585365853658534,0.013107531485012959,1.0,0.0,0.0375,0.0,1.0
20270026,n40_c15,low_energy,0.12,0.7019631171921474,0.5975609756097561,0.9024390243902439,0.042682926829268296,0.013151215899008044,1.0,0.0,0.04375,0.0,1.0
20270026,n40_c15,low_energy,0.24,0.8381915526472338,0.2073170731707317,0.9024390243902439,0.042682926829268296,0.013151215899008044,1.0,0.0,0.04375,0.0,1.0
20270026,n40_c15,low_energy,0.48,0.8429506246281976,0.1951219512195122,0.9024390243902439,0.042682926829268296,0.013151215899008044,1.0,0.0,0.04375,0.0,1.0
20270026,n40_c15,no_replay,0.12,0.7819750148721,0.5487804878048781,0.8780487804878049,0.024390243902439025,0.01325762589754187,1.0,0.0,0.025,0.0,1.0
20270026,n40_c15,no_replay,0.24,0.9934562760261749,0.012195121951219513,0.8780487804878049,0.024390243902439025,0.01325762589754187,1.0,0.0,0.025,0.0,1.0
20270026,n40_c15,no_replay,0.48,1.0,0.0,0.8780487804878049,0.024390243902439025,0.01325762589754187,1.0,0.0,0.025,0.0,1.0
20270026,n40_c15,random_replay,0.12,0.7019631171921474,0.5975609756097561,0.9024390243902439,0.042682926829268296,0.013151215899008044,1.0,0.0,0.04375,0.0,1.0
20270026,n40_c15,random_replay,0.24,0.8381915526472338,0.2073170731707317,0.9024390243902439,0.042682926829268296,0.013151215899008044,1.0,0.0,0.04375,0.0,1.0
20270026,n40_c15,random_replay,0.48,0.8429506246281976,0.1951219512195122,0.9024390243902439,0.042682926829268296,0.013151215899008044,1.0,0.0,0.04375,0.0,1.0
20270026,n40_c35,high_energy,0.12,0.6618084473527662,0.5853658536585366,0.9024390243902439,0.024390243902439025,0.010498286305844397,1.0,0.0,0.025,0.0,1.0
20270026,n40_c35,high_energy,0.24,0.8209399167162403,0.25609756097560976,0.9024390243902439,0.024390243902439025,0.010498286305844397,1.0,0.0,0.025,0.0,1.0
20270026,n40_c35,high_energy,0.48,0.8429506246281976,0.1951219512195122,0.9024390243902439,0.024390243902439025,0.010498286305844397,1.0,0.0,0.025,0.0,1.0
20270026,n40_c35,low_energy,0.12,0.6543723973825104,0.6463414634146342,0.8780487804878049,0.024390243902439025,0.010485471052739769,1.0,0.0,0.025,0.0,1.0
20270026,n40_c35,low_energy,0.24,0.8039857227840571,0.25609756097560976,0.8780487804878049,0.024390243902439025,0.010485471052739769,1.0,0.0,0.025,0.0,1.0
20270026,n40_c35,low_energy,0.48,0.8429506246281976,0.1951219512195122,0.8780487804878049,0.024390243902439025,0.010485471052739769,1.0,0.0,0.025,0.0,1.0
20270026,n40_c35,no_replay,0.12,0.7156454491374182,0.6341463414634146,0.9024390243902439,0.024390243902439025,0.010620707454070606,1.0,0.0,0.025,0.0,1.0
20270026,n40_c35,no_replay,0.24,0.9553837001784652,0.13414634146341464,0.9024390243902439,0.024390243902439025,0.010620707454070606,1.0,0.0,0.025,0.0,1.0
20270026,n40_c35,no_replay,0.48,1.0,0.0,0.9024390243902439,0.024390243902439025,0.010620707454070606,1.0,0.0,0.025,0.0,1.0
20270026,n40_c35,random_replay,0.12,0.6543723973825104,0.6463414634146342,0.8780487804878049,0.024390243902439025,0.010485471052739769,1.0,0.0,0.025,0.0,1.0
20270026,n40_c35,random_replay,0.24,0.8039857227840571,0.25609756097560976,0.8780487804878049,0.024390243902439025,0.010485471052739769,1.0,0.0,0.025,0.0,1.0
20270026,n40_c35,random_replay,0.48,0.8429506246281976,0.1951219512195122,0.8780487804878049,0.024390243902439025,0.010485471052739769,1.0,0.0,0.025,0.0,1.0
20270026,n40_c65,high_energy,0.12,0.6406900654372398,0.8414634146341463,0.975609756097561,0.024390243902439025,0.006266393764148265,1.0,0.0,0.025,0.0,0.975609756097561
20270026,n40_c65,high_energy,0.24,0.793575252825699,0.45121951219512196,0.975609756097561,0.024390243902439025,0.006266393764148265,1.0,0.0,0.025,0.0,0.975609756097561
20270026,n40_c65,high_energy,0.48,0.996133254015467,0.024390243902439025,0.975609756097561,0.024390243902439025,0.006266393764148265,1.0,0.0,0.025,0.0,0.975609756097561
20270026,n40_c65,low_energy,0.12,0.6392028554431886,0.8048780487804879,0.975609756097561,0.024390243902439025,0.006236622767891208,1.0,0.0,0.025,0.0,0.975609756097561
20270026,n40_c65,low_energy,0.24,0.775728732897085,0.4634146341463415,0.975609756097561,0.024390243902439025,0.006236622767891208,1.0,0.0,0.025,0.0,0.975609756097561
20270026,n40_c65,low_energy,0.48,0.9747174301011303,0.012195121951219513,0.975609756097561,0.024390243902439025,0.006236622767891208,1.0,0.0,0.025,0.0,0.975609756097561
20270026,n40_c65,no_replay,0.12,0.6481261154074955,0.9390243902439024,0.975609756097561,0.024390243902439025,0.006519322964821922,1.0,0.0,0.025,0.0,0.975609756097561
20270026,n40_c65,no_replay,0.24,0.8747769185008923,0.5487804878048781,0.975609756097561,0.024390243902439025,0.006519322964821922,1.0,0.0,0.025,0.0,0.975609756097561
20270026,n40_c65,no_replay,0.48,0.9762046400951814,0.0,0.975609756097561,0.024390243902439025,0.006519322964821922,1.0,0.0,0.025,0.0,0.975609756097561
20270026,n40_c65,random_replay,0.12,0.6392028554431886,0.8780487804878049,0.975609756097561,0.024390243902439025,0.006236622767891208,1.0,0.0,0.025,0.0,0.975609756097561
20270026,n40_c65,random_replay,0.24,0.775728732897085,0.47560975609756095,0.975609756097561,0.024390243902439025,0.006236622767891208,1.0,0.0,0.025,0.0,0.975609756097561
20270026,n40_c65,random_replay,0.48,0.9747174301011303,0.036585365853658534,0.975609756097561,0.024390243902439025,0.006236622767891208,1.0,0.0,0.025,0.0,0.975609756097561
20270027,n12_c15,high_energy,0.12,0.7366863905325445,0.6538461538461539,0.7692307692307693,0.5769230769230769,0.011259242108133219,1.0,0.75,0.5625,0.0,1.0
20270027,n12_c15,high_energy,0.24,0.7633136094674556,0.6153846153846154,0.7692307692307693,0.5769230769230769,0.011259242108133219,1.0,0.75,0.5625,0.0,1.0
20270027,n12_c15,high_energy,0.48,0.7633136094674556,0.6153846153846154,0.7692307692307693,0.5769230769230769,0.011259242108133219,1.0,0.75,0.5625,0.0,1.0
20270027,n12_c15,low_energy,0.12,0.7307692307692308,0.6923076923076923,0.7692307692307693,0.5769230769230769,0.007280357906347124,1.0,0.0,0.625,0.0,1.0
20270027,n12_c15,low_energy,0.24,0.7603550295857988,0.6153846153846154,0.7692307692307693,0.5769230769230769,0.007280357906347124,1.0,0.0,0.625,0.0,1.0
20270027,n12_c15,low_energy,0.48,0.7633136094674556,0.6153846153846154,0.7692307692307693,0.5769230769230769,0.007280357906347124,1.0,0.0,0.625,0.0,1.0
20270027,n12_c15,no_replay,0.12,0.7544378698224852,0.6153846153846154,0.8461538461538461,0.5192307692307693,0.007333209582735533,1.0,0.5,0.5208333333333334,0.0,1.0
20270027,n12_c15,no_replay,0.24,0.985207100591716,0.038461538461538464,0.8461538461538461,0.5192307692307693,0.007333209582735533,1.0,0.5,0.5208333333333334,0.0,1.0
20270027,n12_c15,no_replay,0.48,1.0,0.0,0.8461538461538461,0.5192307692307693,0.007333209582735533,1.0,0.5,0.5208333333333334,0.0,1.0
20270027,n12_c15,random_replay,0.12,0.7366863905325445,0.6538461538461539,0.7692307692307693,0.5769230769230769,0.011259242108133219,1.0,0.75,0.5625,0.0,1.0
20270027,n12_c15,random_replay,0.24,0.7633136094674556,0.6153846153846154,0.7692307692307693,0.5769230769230769,0.011259242108133219,1.0,0.75,0.5625,0.0,1.0
20270027,n12_c15,random_replay,0.48,0.7633136094674556,0.6153846153846154,0.7692307692307693,0.5769230769230769,0.011259242108133219,1.0,0.75,0.5625,0.0,1.0
20270027,n12_c35,high_energy,0.12,0.7278106508875739,0.8076923076923077,1.0,0.15384615384615385,0.009821085851838504,1.0,0.0,0.16666666666666666,0.0,1.0
20270027,n12_c35,high_energy,0.24,0.7633136094674556,0.6153846153846154,1.0,0.15384615384615385,0.009821085851838504,1.0,0.0,0.16666666666666666,0.0,1.0
20270027,n12_c35,high_energy,0.48,0.7633136094674556,0.6153846153846154,1.0,0.15384615384615385,0.009821085851838504,1.0,0.0,0.16666666666666666,0.0,1.0
20270027,n12_c35,low_energy,0.12,0.7307692307692308,0.8846153846153846,0.9230769230769231,0.1346153846153846,0.009890673850141335,1.0,0.0,0.14583333333333334,0.0,1.0
20270027,n12_c35,low_energy,0.24,0.7455621301775148,0.6153846153846154,0.9230769230769231,0.1346153846153846,0.009890673850141335,1.0,0.0,0.14583333333333334,0.0,1.0
20270027,n12_c35,low_energy,0.48,0.7633136094674556,0.6153846153846154,0.9230769230769231,0.1346153846153846,0.009890673850141335,1.0,0.0,0.14583333333333334,0.0,1.0
20270027,n12_c35,no_replay,0.12,0.8372781065088758,0.8076923076923077,0.9230769230769231,0.07692307692307693,0.010669000280402512,1.0,0.0,0.08333333333333333,0.0,1.0
20270027,n12_c35,no_replay,0.24,0.9881656804733727,0.0,0.9230769230769231,0.07692307692307693,0.010669000280402512,1.0,0.0,0.08333333333333333,0.0,1.0
20270027,n12_c35,no_replay,0.48,1.0,0.0,0.9230769230769231,0.07692307692307693,0.010669000280402512,1.0,0.0,0.08333333333333333,0.0,1.0
20270027,n12_c35,random_replay,0.12,0.7307692307692308,0.8461538461538461,0.9230769230769231,0.1346153846153846,0.009890673850141335,1.0,0.0,0.14583333333333334,0.0,1.0
20270027,n12_c35,random_replay,0.24,0.7455621301775148,0.6153846153846154,0.9230769230769231,0.1346153846153846,0.009890673850141335,1.0,0.0,0.14583333333333334,0.0,1.0
20270027,n12_c35,random_replay,0.48,0.7633136094674556,0.6153846153846154,0.9230769230769231,0.1346153846153846,0.009890673850141335,1.0,0.0,0.14583333333333334,0.0,1.0
20270027,n12_c65,high_energy,0.12,0.6301775147928994,0.7307692307692307,0.7692307692307693,0.09615384615384616,0.006437114535838455,1.0,0.25,0.08333333333333333,0.0,1.0
20270027,n12_c65,high_energy,0.24,0.7041420118343196,0.6538461538461539,0.7692307692307693,0.09615384615384616,0.006437114535838455,1.0,0.25,0.08333333333333333,0.0,1.0
20270027,n12_c65,high_energy,0.48,0.9526627218934911,0.11538461538461539,0.7692307692307693,0.09615384615384616,0.006437114535838455,1.0,0.25,0.08333333333333333,0.0,1.0
20270027,n12_c65,low_energy,0.12,0.6538461538461539,0.7692307692307693,0.7692307692307693,0.07692307692307693,0.0068845413050396325,1.0,0.0,0.08333333333333333,0.0,0.9230769230769231
20270027,n12_c65,low_energy,0.24,0.727810650887574,0.6923076923076923,0.7692307692307693,0.07692307692307693,0.0068845413050396325,1.0,0.0,0.08333333333333333,0.0,0.9230769230769231
20270027,n12_c65,low_energy,0.48,0.893491124260355,0.11538461538461539,0.7692307692307693,0.07692307692307693,0.0068845413050396325,1.0,0.0,0.08333333333333333,0.0,0.9230769230769231
20270027,n12_c65,no_replay,0.12,0.6272189349112426,0.6153846153846154,0.8461538461538461,0.09615384615384616,0.007127402651605104,1.0,0.25,0.08333333333333333,0.0,0.9230769230769231
20270027,n12_c65,no_replay,0.24,0.849112426035503,0.23076923076923078,0.8461538461538461,0.09615384615384616,0.007127402651605104,1.0,0.25,0.08333333333333333,0.0,0.9230769230769231
20270027,n12_c65,no_replay,0.48,0.985207100591716,0.0,0.8461538461538461,0.09615384615384616,0.007127402651605104,1.0,0.25,0.08333333333333333,0.0,0.9230769230769231
20270027,n12_c65,random_replay,0.12,0.6301775147928994,0.7307692307692307,0.7692307692307693,0.09615384615384616,0.006437114535838456,1.0,0.25,0.08333333333333333,0.0,1.0
20270027,n12_c65,random_replay,0.24,0.7041420118343196,0.6538461538461539,0.7692307692307693,0.09615384615384616,0.006437114535838456,1.0,0.25,0.08333333333333333,0.0,1.0
20270027,n12_c65,random_replay,0.48,0.9526627218934911,0.11538461538461539,0.7692307692307693,0.09615384615384616,0.006437114535838456,1.0,0.25,0.08333333333333333,0.0,1.0
20270027,n24_c15,high_energy,0.12,0.6616,0.72,0.88,0.19,0.011140112737749633,1.0,0.5,0.17708333333333334,0.0,1.0
20270027,n24_c15,high_energy,0.24,0.776,0.34,0.88,0.19,0.011140112737749633,1.0,0.5,0.17708333333333334,0.0,1.0
20270027,n24_c15,high_energy,0.48,0.7824,0.32,0.88,0.19,0.011140112737749633,1.0,0.5,0.17708333333333334,0.0,1.0
20270027,n24_c15,low_energy,0.12,0.6648000000000001,0.7,0.88,0.17,0.011444645109549963,1.0,0.0,0.17708333333333334,0.0,1.0
20270027,n24_c15,low_energy,0.24,0.7767999999999999,0.34,0.88,0.17,0.011444645109549963,1.0,0.0,0.17708333333333334,0.0,1.0
20270027,n24_c15,low_energy,0.48,0.7824,0.32,0.88,0.17,0.011444645109549963,1.0,0.0,0.17708333333333334,0.0,1.0
20270027,n24_c15,no_replay,0.12,0.7624,0.66,0.96,0.07,0.01280866645206658,1.0,0.0,0.07291666666666667,0.0,1.0
20270027,n24_c15,no_replay,0.24,0.9935999999999999,0.02,0.96,0.07,0.01280866645206658,1.0,0.0,0.07291666666666667,0.0,1.0
20270027,n24_c15,no_replay,0.48,1.0,0.0,0.96,0.07,0.01280866645206658,1.0,0.0,0.07291666666666667,0.0,1.0
20270027,n24_c15,random_replay,0.12,0.6648000000000001,0.7,0.88,0.17,0.011444645109549963,1.0,0.0,0.17708333333333334,0.0,1.0
20270027,n24_c15,random_replay,0.24,0.7767999999999999,0.34,0.88,0.17,0.011444645109549963,1.0,0.0,0.17708333333333334,0.0,1.0
20270027,n24_c15,random_replay,0.48,0.7824,0.32,0.88,0.17,0.011444645109549963,1.0,0.0,0.17708333333333334,0.0,1.0
20270027,n24_c35,high_energy,0.12,0.6664,0.44,0.72,0.04,0.010639304467238438,1.0,0.0,0.041666666666666664,0.0,1.0
20270027,n24_c35,high_energy,0.24,0.7824,0.32,0.72,0.04,0.010639304467238438,1.0,0.0,0.041666666666666664,0.0,1.0
20270027,n24_c35,high_energy,0.48,0.7824,0.32,0.72,0.04,0.010639304467238438,1.0,0.0,0.041666666666666664,0.0,1.0
20270027,n24_c35,low_energy,0.12,0.664,0.52,0.76,0.04,0.010605928030025153,1.0,0.0,0.041666666666666664,0.0,1.0
20270027,n24_c35,low_energy,0.24,0.7584000000000001,0.32,0.76,0.04,0.010605928030025153,1.0,0.0,0.041666666666666664,0.0,1.0
20270027,n24_c35,low_energy,0.48,0.7824,0.32,0.76,0.04,0.010605928030025153,1.0,0.0,0.041666666666666664,0.0,1.0
20270027,n24_c35,no_replay,0.12,0.7736000000000001,0.36,0.72,0.04,0.010781016708251354,1.0,0.0,0.041666666666666664,0.0,1.0
20270027,n24_c35,no_replay,0.24,0.9808,0.0,0.72,0.04,0.010781016708251354,1.0,0.0,0.041666666666666664,0.0,1.0
20270027,n24_c35,no_replay,0.48,1.0,0.0,0.72,0.04,0.010781016708251354,1.0,0.0,0.041666666666666664,0.0,1.0
20270027,n24_c35,random_replay,0.12,0.664,0.52,0.76,0.04,0.010605928030025153,1.0,0.0,0.041666666666666664,0.0,1.0
20270027,n24_c35,random_replay,0.24,0.7584000000000001,0.32,0.76,0.04,0.010605928030025153,1.0,0.0,0.041666666666666664,0.0,1.0
20270027,n24_c35,random_replay,0.48,0.7824,0.32,0.76,0.04,0.010605928030025153,1.0,0.0,0.041666666666666664,0.0,1.0
20270027,n24_c65,high_energy,0.12,0.608,0.64,0.84,0.04,0.006479566283941453,1.0,0.0,0.041666666666666664,0.0,0.96
20270027,n24_c65,high_energy,0.24,0.728,0.4,0.84,0.04,0.006479566283941453,1.0,0.0,0.041666666666666664,0.0,0.96
20270027,n24_c65,high_energy,0.48,0.9688,0.08,0.84,0.04,0.006479566283941453,1.0,0.0,0.041666666666666664,0.0,0.96
20270027,n24_c65,low_energy,0.12,0.5824,0.68,0.84,0.04,0.006430089322804889,1.0,0.0,0.041666666666666664,0.0,0.96
20270027,n24_c65,low_energy,0.24,0.6912,0.48,0.84,0.04,0.006430089322804889,1.0,0.0,0.041666666666666664,0.0,0.96
20270027,n24_c65,low_energy,0.48,0.9384,0.08,0.84,0.04,0.006430089322804889,1.0,0.0,0.041666666666666664,0.0,0.96
20270027,n24_c65,no_replay,0.12,0.592,0.68,0.88,0.04,0.006911157244499409,1.0,0.0,0.041666666666666664,0.0,0.96
20270027,n24_c65,no_replay,0.24,0.7847999999999999,0.36,0.88,0.04,0.006911157244499409,1.0,0.0,0.041666666666666664,0.0,0.96
20270027,n24_c65,no_replay,0.48,0.9623999999999999,0.0,0.88,0.04,0.006911157244499409,1.0,0.0,0.041666666666666664,0.0,0.96
20270027,n24_c65,random_replay,0.12,0.5824,0.74,0.88,0.04,0.006430089322804889,1.0,0.0,0.041666666666666664,0.0,0.96
20270027,n24_c65,random_replay,0.24,0.6912,0.48,0.88,0.04,0.006430089322804889,1.0,0.0,0.041666666666666664,0.0,0.96
20270027,n24_c65,random_replay,0.48,0.9384,0.08,0.88,0.04,0.006430089322804889,1.0,0.0,0.041666666666666664,0.0,0.96
20270027,n40_c15,high_energy,0.12,0.6713265913146936,0.7073170731707317,0.8780487804878049,0.036585365853658534,0.0131810343157148,1.0,0.0,0.0375,0.0,1.0
20270027,n40_c15,high_energy,0.24,0.8319452706722188,0.24390243902439024,0.8780487804878049,0.036585365853658534,0.0131810343157148,1.0,0.0,0.0375,0.0,1.0
20270027,n40_c15,high_energy,0.48,0.8429506246281976,0.1951219512195122,0.8780487804878049,0.036585365853658534,0.0131810343157148,1.0,0.0,0.0375,0.0,1.0
20270027,n40_c15,low_energy,0.12,0.6662700773349197,0.6829268292682927,0.8536585365853658,0.042682926829268296,0.013100737386471713,1.0,0.0,0.04375,0.0,1.0
20270027,n40_c15,low_energy,0.24,0.830755502676978,0.24390243902439024,0.8536585365853658,0.042682926829268296,0.013100737386471713,1.0,0.0,0.04375,0.0,1.0
20270027,n40_c15,low_energy,0.48,0.8429506246281976,0.1951219512195122,0.8536585365853658,0.042682926829268296,0.013100737386471713,1.0,0.0,0.04375,0.0,1.0
20270027,n40_c15,no_replay,0.12,0.7370612730517548,0.6585365853658537,0.8780487804878049,0.024390243902439025,0.0132275375625551,1.0,0.0,0.025,0.0,1.0
20270027,n40_c15,no_replay,0.24,0.9848304580606781,0.04878048780487805,0.8780487804878049,0.024390243902439025,0.0132275375625551,1.0,0.0,0.025,0.0,1.0
20270027,n40_c15,no_replay,0.48,1.0,0.0,0.8780487804878049,0.024390243902439025,0.0132275375625551,1.0,0.0,0.025,0.0,1.0
20270027,n40_c15,random_replay,0.12,0.6662700773349197,0.6829268292682927,0.8536585365853658,0.042682926829268296,0.013100737386471713,1.0,0.0,0.04375,0.0,1.0
20270027,n40_c15,random_replay,0.24,0.830755502676978,0.24390243902439024,0.8536585365853658,0.042682926829268296,0.013100737386471713,1.0,0.0,0.04375,0.0,1.0
20270027,n40_c15,random_replay,0.48,0.8429506246281976,0.1951219512195122,0.8536585365853658,0.042682926829268296,0.013100737386471713,1.0,0.0,0.04375,0.0,1.0
20270027,n40_c35,high_energy,0.12,0.6725163593099346,0.8292682926829268,0.975609756097561,0.024390243902439025,0.01045330638670125,1.0,0.0,0.025,0.0,1.0
20270027,n40_c35,high_energy,0.24,0.8325401546698394,0.24390243902439024,0.975609756097561,0.024390243902439025,0.01045330638670125,1.0,0.0,0.025,0.0,1.0
20270027,n40_c35,high_energy,0.48,0.843545508625818,0.1951219512195122,0.975609756097561,0.024390243902439025,0.01045330638670125,1.0,0.0,0.025,0.0,1.0
20270027,n40_c35,low_energy,0.12,0.6650803093396788,0.8414634146341463,0.9512195121951219,0.024390243902439025,0.010451043237453456,1.0,0.0,0.025,0.0,1.0
20270027,n40_c35,low_energy,0.24,0.8129089827483641,0.25609756097560976,0.9512195121951219,0.024390243902439025,0.010451043237453456,1.0,0.0,0.025,0.0,1.0
20270027,n40_c35,low_energy,0.48,0.8429506246281976,0.1951219512195122,0.9512195121951219,0.024390243902439025,0.010451043237453456,1.0,0.0,0.025,0.0,1.0
20270027,n40_c35,no_replay,0.12,0.729625223081499,0.8536585365853658,0.9512195121951219,0.024390243902439025,0.010547133995772805,1.0,0.0,0.025,0.0,1.0
20270027,n40_c35,no_replay,0.24,0.9669839381320643,0.12195121951219512,0.9512195121951219,0.024390243902439025,0.010547133995772805,1.0,0.0,0.025,0.0,1.0
20270027,n40_c35,no_replay,0.48,1.0,0.0,0.9512195121951219,0.024390243902439025,0.010547133995772805,1.0,0.0,0.025,0.0,1.0
20270027,n40_c35,random_replay,0.12,0.6650803093396788,0.8414634146341463,0.9512195121951219,0.024390243902439025,0.010451043237453456,1.0,0.0,0.025,0.0,1.0
20270027,n40_c35,random_replay,0.24,0.8129089827483641,0.25609756097560976,0.9512195121951219,0.024390243902439025,0.010451043237453456,1.0,0.0,0.025,0.0,1.0
20270027,n40_c35,random_replay,0.48,0.8429506246281976,0.1951219512195122,0.9512195121951219,0.024390243902439025,0.010451043237453456,1.0,0.0,0.025,0.0,1.0
20270027,n40_c65,high_energy,0.12,0.5785246876859013,0.7926829268292683,0.8780487804878049,0.024390243902439025,0.006292320381445572,1.0,0.0,0.025,0.0,0.975609756097561
20270027,n40_c65,high_energy,0.24,0.7272456870910172,0.4878048780487805,0.8780487804878049,0.024390243902439025,0.006292320381445572,1.0,0.0,0.025,0.0,0.975609756097561
20270027,n40_c65,high_energy,0.48,0.9949434860202261,0.012195121951219513,0.8780487804878049,0.024390243902439025,0.006292320381445572,1.0,0.0,0.025,0.0,0.975609756097561
20270027,n40_c65,low_energy,0.12,0.5776323616894705,0.8048780487804879,0.8780487804878049,0.024390243902439025,0.0062522263506691956,1.0,0.0,0.025,0.0,0.975609756097561
20270027,n40_c65,low_energy,0.24,0.715348007138608,0.5,0.8780487804878049,0.024390243902439025,0.0062522263506691956,1.0,0.0,0.025,0.0,0.975609756097561
20270027,n40_c65,low_energy,0.48,0.9741225461035098,0.0,0.8780487804878049,0.024390243902439025,0.0062522263506691956,1.0,0.0,0.025,0.0,0.975609756097561
20270027,n40_c65,no_replay,0.12,0.5951814396192743,0.8414634146341463,0.9024390243902439,0.024390243902439025,0.006582777973946871,1.0,0.0,0.025,0.0,0.975609756097561
20270027,n40_c65,no_replay,0.24,0.7906008328375966,0.5121951219512195,0.9024390243902439,0.024390243902439025,0.006582777973946871,1.0,0.0,0.025,0.0,0.975609756097561
20270027,n40_c65,no_replay,0.48,0.9738251041046996,0.024390243902439025,0.9024390243902439,0.024390243902439025,0.006582777973946871,1.0,0.0,0.025,0.0,0.975609756097561
20270027,n40_c65,random_replay,0.12,0.5776323616894705,0.8170731707317073,0.9512195121951219,0.024390243902439025,0.0062522263506691956,1.0,0.0,0.025,0.0,0.975609756097561
20270027,n40_c65,random_replay,0.24,0.715348007138608,0.5121951219512195,0.9512195121951219,0.024390243902439025,0.0062522263506691956,1.0,0.0,0.025,0.0,0.975609756097561
20270027,n40_c65,random_replay,0.48,0.9741225461035098,0.012195121951219513,0.9512195121951219,0.024390243902439025,0.0062522263506691956,1.0,0.0,0.025,0.0,0.975609756097561
20270028,n12_c15,high_energy,0.12,0.727810650887574,0.8076923076923077,0.9230769230769231,0.5961538461538461,0.006660177619930979,1.0,0.75,0.5833333333333334,0.0,1.0
20270028,n12_c15,high_energy,0.24,0.7544378698224852,0.6153846153846154,0.9230769230769231,0.5961538461538461,0.006660177619930979,1.0,0.75,0.5833333333333334,0.0,1.0
20270028,n12_c15,high_energy,0.48,0.7633136094674556,0.6153846153846154,0.9230769230769231,0.5961538461538461,0.006660177619930979,1.0,0.75,0.5833333333333334,0.0,1.0
20270028,n12_c15,low_energy,0.12,0.7189349112426036,0.8461538461538461,1.0,0.5961538461538461,0.006410845987098412,1.0,0.0,0.6458333333333334,0.0,1.0
20270028,n12_c15,low_energy,0.24,0.7633136094674556,0.6153846153846154,1.0,0.5961538461538461,0.006410845987098412,1.0,0.0,0.6458333333333334,0.0,1.0
20270028,n12_c15,low_energy,0.48,0.7633136094674556,0.6153846153846154,1.0,0.5961538461538461,0.006410845987098412,1.0,0.0,0.6458333333333334,0.0,1.0
20270028,n12_c15,no_replay,0.12,0.7278106508875739,0.6923076923076923,0.8461538461538461,0.4807692307692308,0.008033631841460376,1.0,0.25,0.5,0.0,1.0
20270028,n12_c15,no_replay,0.24,0.9585798816568047,0.038461538461538464,0.8461538461538461,0.4807692307692308,0.008033631841460376,1.0,0.25,0.5,0.0,1.0
20270028,n12_c15,no_replay,0.48,1.0,0.0,0.8461538461538461,0.4807692307692308,0.008033631841460376,1.0,0.25,0.5,0.0,1.0
20270028,n12_c15,random_replay,0.12,0.727810650887574,0.8076923076923077,0.9230769230769231,0.5961538461538461,0.006660177619930979,1.0,0.75,0.5833333333333334,0.0,1.0
20270028,n12_c15,random_replay,0.24,0.7544378698224852,0.6153846153846154,0.9230769230769231,0.5961538461538461,0.006660177619930979,1.0,0.75,0.5833333333333334,0.0,1.0
20270028,n12_c15,random_replay,0.48,0.7633136094674556,0.6153846153846154,0.9230769230769231,0.5961538461538461,0.006660177619930979,1.0,0.75,0.5833333333333334,0.0,1.0
20270028,n12_c35,high_energy,0.12,0.7189349112426036,0.7692307692307693,0.9230769230769231,0.25,0.008169446113037448,1.0,0.75,0.20833333333333334,0.0,1.0
20270028,n12_c35,high_energy,0.24,0.7603550295857988,0.6153846153846154,0.9230769230769231,0.25,0.008169446113037448,1.0,0.75,0.20833333333333334,0.0,1.0
20270028,n12_c35,high_energy,0.48,0.7633136094674556,0.6153846153846154,0.9230769230769231,0.25,0.008169446113037448,1.0,0.75,0.20833333333333334,0.0,1.0
20270028,n12_c35,low_energy,0.12,0.7218934911242605,0.8846153846153846,0.9230769230769231,0.15384615384615385,0.009686505751200631,1.0,0.0,0.16666666666666666,0.0,1.0
20270028,n12_c35,low_energy,0.24,0.7573964497041421,0.6153846153846154,0.9230769230769231,0.15384615384615385,0.009686505751200631,1.0,0.0,0.16666666666666666,0.0,1.0
20270028,n12_c35,low_energy,0.48,0.7633136094674556,0.6153846153846154,0.9230769230769231,0.15384615384615385,0.009686505751200631,1.0,0.0,0.16666666666666666,0.0,1.0
20270028,n12_c35,no_replay,0.12,0.7514792899408285,0.5769230769230769,0.9230769230769231,0.09615384615384616,0.010353190148228221,1.0,0.25,0.08333333333333333,0.0,1.0
20270028,n12_c35,no_replay,0.24,0.9940828402366865,0.0,0.9230769230769231,0.09615384615384616,0.010353190148228221,1.0,0.25,0.08333333333333333,0.0,1.0
20270028,n12_c35,no_replay,0.48,1.0,0.0,0.9230769230769231,0.09615384615384616,0.010353190148228221,1.0,0.25,0.08333333333333333,0.0,1.0
20270028,n12_c35,random_replay,0.12,0.7189349112426036,0.8076923076923077,0.9230769230769231,0.25,0.008169446113037448,1.0,0.75,0.20833333333333334,0.0,1.0
20270028,n12_c35,random_replay,0.24,0.7603550295857988,0.6153846153846154,0.9230769230769231,0.25,0.008169446113037448,1.0,0.75,0.20833333333333334,0.0,1.0
20270028,n12_c35,random_replay,0.48,0.7633136094674556,0.6153846153846154,0.9230769230769231,0.25,0.008169446113037448,1.0,0.75,0.20833333333333334,0.0,1.0
20270028,n12_c65,high_energy,0.12,0.665680473372781,0.8461538461538461,1.0,0.09615384615384616,0.006398264865542632,1.0,0.25,0.08333333333333333,0.0,1.0
20270028,n12_c65,high_energy,0.24,0.7366863905325444,0.6153846153846154,1.0,0.09615384615384616,0.006398264865542632,1.0,0.25,0.08333333333333333,0.0,1.0
20270028,n12_c65,high_energy,0.48,0.9704142011834319,0.15384615384615385,1.0,0.09615384615384616,0.006398264865542632,1.0,0.25,0.08333333333333333,0.0,1.0
20270028,n12_c65,low_energy,0.12,0.6863905325443787,0.7692307692307693,0.9230769230769231,0.07692307692307693,0.006875382082869948,1.0,0.0,0.08333333333333333,0.0,0.9230769230769231
20270028,n12_c65,low_energy,0.24,0.7396449704142012,0.6923076923076923,0.9230769230769231,0.07692307692307693,0.006875382082869948,1.0,0.0,0.08333333333333333,0.0,0.9230769230769231
20270028,n12_c65,low_energy,0.48,0.9082840236686391,0.23076923076923078,0.9230769230769231,0.07692307692307693,0.006875382082869948,1.0,0.0,0.08333333333333333,0.0,0.9230769230769231
20270028,n12_c65,no_replay,0.12,0.6479289940828403,0.8846153846153846,0.9230769230769231,0.09615384615384616,0.00694081750536593,1.0,0.25,0.08333333333333333,0.0,0.9230769230769231
20270028,n12_c65,no_replay,0.24,0.9112426035502958,0.46153846153846156,0.9230769230769231,0.09615384615384616,0.00694081750536593,1.0,0.25,0.08333333333333333,0.0,0.9230769230769231
20270028,n12_c65,no_replay,0.48,0.9763313609467456,0.0,0.9230769230769231,0.09615384615384616,0.00694081750536593,1.0,0.25,0.08333333333333333,0.0,0.9230769230769231
20270028,n12_c65,random_replay,0.12,0.665680473372781,0.8461538461538461,1.0,0.09615384615384616,0.006398264865542632,1.0,0.25,0.08333333333333333,0.0,1.0
20270028,n12_c65,random_replay,0.24,0.7366863905325444,0.6538461538461539,1.0,0.09615384615384616,0.006398264865542632,1.0,0.25,0.08333333333333333,0.0,1.0
20270028,n12_c65,random_replay,0.48,0.9704142011834319,0.15384615384615385,1.0,0.09615384615384616,0.006398264865542632,1.0,0.25,0.08333333333333333,0.0,1.0
20270028,n24_c15,high_energy,0.12,0.68,0.64,0.88,0.21,0.010645014119190284,1.0,1.0,0.17708333333333334,0.0,1.0
20270028,n24_c15,high_energy,0.24,0.7799999999999999,0.32,0.88,0.21,0.010645014119190284,1.0,1.0,0.17708333333333334,0.0,1.0
20270028,n24_c15,high_energy,0.48,0.7824,0.32,0.88,0.21,0.010645014119190284,1.0,1.0,0.17708333333333334,0.0,1.0
20270028,n24_c15,low_energy,0.12,0.6784000000000001,0.64,0.84,0.19,0.011262564209143162,1.0,0.25,0.1875,0.0,1.0
20270028,n24_c15,low_energy,0.24,0.7791999999999999,0.34,0.84,0.19,0.011262564209143162,1.0,0.25,0.1875,0.0,1.0
20270028,n24_c15,low_energy,0.48,0.7824,0.32,0.84,0.19,0.011262564209143162,1.0,0.25,0.1875,0.0,1.0
20270028,n24_c15,no_replay,0.12,0.7672,0.72,0.96,0.06,0.012821998993592565,1.0,0.5,0.041666666666666664,0.0,1.0
20270028,n24_c15,no_replay,0.24,0.9975999999999999,0.02,0.96,0.06,0.012821998993592565,1.0,0.5,0.041666666666666664,0.0,1.0
20270028,n24_c15,no_replay,0.48,1.0,0.0,0.96,0.06,0.012821998993592565,1.0,0.5,0.041666666666666664,0.0,1.0
20270028,n24_c15,random_replay,0.12,0.68,0.66,0.88,0.21,0.010645014119190284,1.0,1.0,0.17708333333333334,0.0,1.0
20270028,n24_c15,random_replay,0.24,0.7799999999999999,0.34,0.88,0.21,0.010645014119190284,1.0,1.0,0.17708333333333334,0.0,1.0
20270028,n24_c15,random_replay,0.48,0.7824,0.32,0.88,0.21,0.010645014119190284,1.0,1.0,0.17708333333333334,0.0,1.0
20270028,n24_c35,high_energy,0.12,0.6664,0.48,0.72,0.04,0.010594820119660137,1.0,0.0,0.041666666666666664,0.0,1.0
20270028,n24_c35,high_energy,0.24,0.7776000000000001,0.32,0.72,0.04,0.010594820119660137,1.0,0.0,0.041666666666666664,0.0,1.0
20270028,n24_c35,high_energy,0.48,0.7824,0.32,0.72,0.04,0.010594820119660137,1.0,0.0,0.041666666666666664,0.0,1.0
20270028,n24_c35,low_energy,0.12,0.6567999999999999,0.52,0.8,0.04,0.010530447111149522,1.0,0.0,0.041666666666666664,0.0,1.0
20270028,n24_c35,low_energy,0.24,0.7615999999999999,0.32,0.8,0.04,0.010530447111149522,1.0,0.0,0.041666666666666664,0.0,1.0
20270028,n24_c35,low_energy,0.48,0.7824,0.32,0.8,0.04,0.010530447111149522,1.0,0.0,0.041666666666666664,0.0,1.0
20270028,n24_c35,no_replay,0.12,0.7160000000000001,0.44,0.76,0.04,0.010674903556757168,1.0,0.0,0.041666666666666664,0.0,1.0
20270028,n24_c35,no_replay,0.24,0.9856,0.02,0.76,0.04,0.010674903556757168,1.0,0.0,0.041666666666666664,0.0,1.0
20270028,n24_c35,no_replay,0.48,1.0,0.0,0.76,0.04,0.010674903556757168,1.0,0.0,0.041666666666666664,0.0,1.0
20270028,n24_c35,random_replay,0.12,0.6664,0.5,0.72,0.04,0.010594820119660137,1.0,0.0,0.041666666666666664,0.0,1.0
20270028,n24_c35,random_replay,0.24,0.7776000000000001,0.32,0.72,0.04,0.010594820119660137,1.0,0.0,0.041666666666666664,0.0,1.0
20270028,n24_c35,random_replay,0.48,0.7824,0.32,0.72,0.04,0.010594820119660137,1.0,0.0,0.041666666666666664,0.0,1.0
20270028,n24_c65,high_energy,0.12,0.6128,0.66,0.84,0.04,0.006479772891605923,1.0,0.0,0.041666666666666664,0.0,0.96
20270028,n24_c65,high_energy,0.24,0.7288,0.38,0.84,0.04,0.006479772891605923,1.0,0.0,0.041666666666666664,0.0,0.96
20270028,n24_c65,high_energy,0.48,0.9912000000000001,0.0,0.84,0.04,0.006479772891605923,1.0,0.0,0.041666666666666664,0.0,0.96
20270028,n24_c65,low_energy,0.12,0.6032,0.74,0.88,0.04,0.006416124347700483,1.0,0.0,0.041666666666666664,0.0,0.96
20270028,n24_c65,low_energy,0.24,0.7016,0.44,0.88,0.04,0.006416124347700483,1.0,0.0,0.041666666666666664,0.0,0.96
20270028,n24_c65,low_energy,0.48,0.9576,0.0,0.88,0.04,0.006416124347700483,1.0,0.0,0.041666666666666664,0.0,0.96
20270028,n24_c65,no_replay,0.12,0.5968,0.72,0.8,0.04,0.006970326991057599,1.0,0.0,0.041666666666666664,0.0,0.96
20270028,n24_c65,no_replay,0.24,0.8096,0.26,0.8,0.04,0.006970326991057599,1.0,0.0,0.041666666666666664,0.0,0.96
20270028,n24_c65,no_replay,0.48,0.9624,0.0,0.8,0.04,0.006970326991057599,1.0,0.0,0.041666666666666664,0.0,0.96
20270028,n24_c65,random_replay,0.12,0.6032,0.78,0.88,0.04,0.006416124347700483,1.0,0.0,0.041666666666666664,0.0,0.96
20270028,n24_c65,random_replay,0.24,0.7016,0.46,0.88,0.04,0.006416124347700483,1.0,0.0,0.041666666666666664,0.0,0.96
20270028,n24_c65,random_replay,0.48,0.9576,0.0,0.88,0.04,0.006416124347700483,1.0,0.0,0.041666666666666664,0.0,0.96
20270028,n40_c15,high_energy,0.12,0.6546698393813206,0.6707317073170732,0.8780487804878049,0.054878048780487805,0.012811279237108524,1.0,0.5,0.04375,0.0,1.0
20270028,n40_c15,high_energy,0.24,0.8277810826888756,0.24390243902439024,0.8780487804878049,0.054878048780487805,0.012811279237108524,1.0,0.5,0.04375,0.0,1.0
20270028,n40_c15,high_energy,0.48,0.8429506246281976,0.1951219512195122,0.8780487804878049,0.054878048780487805,0.012811279237108524,1.0,0.5,0.04375,0.0,1.0
20270028,n40_c15,low_energy,0.12,0.6454491374182035,0.6585365853658537,0.8536585365853658,0.042682926829268296,0.013023161054012277,1.0,0.0,0.04375,0.0,1.0
20270028,n40_c15,low_energy,0.24,0.8242117787031529,0.24390243902439024,0.8536585365853658,0.042682926829268296,0.013023161054012277,1.0,0.0,0.04375,0.0,1.0
20270028,n40_c15,low_energy,0.48,0.8429506246281976,0.1951219512195122,0.8536585365853658,0.042682926829268296,0.013023161054012277,1.0,0.0,0.04375,0.0,1.0
20270028,n40_c15,no_replay,0.12,0.7096966091612137,0.5853658536585366,0.8536585365853658,0.024390243902439025,0.013261225257185606,1.0,0.0,0.025,0.0,1.0
20270028,n40_c15,no_replay,0.24,0.976799524092802,0.04878048780487805,0.8536585365853658,0.024390243902439025,0.013261225257185606,1.0,0.0,0.025,0.0,1.0
20270028,n40_c15,no_replay,0.48,1.0,0.0,0.8536585365853658,0.024390243902439025,0.013261225257185606,1.0,0.0,0.025,0.0,1.0
20270028,n40_c15,random_replay,0.12,0.6546698393813206,0.6707317073170732,0.8780487804878049,0.054878048780487805,0.012811279237108524,1.0,0.5,0.04375,0.0,1.0
20270028,n40_c15,random_replay,0.24,0.8277810826888756,0.24390243902439024,0.8780487804878049,0.054878048780487805,0.012811279237108524,1.0,0.5,0.04375,0.0,1.0
20270028,n40_c15,random_replay,0.48,0.8429506246281976,0.1951219512195122,0.8780487804878049,0.054878048780487805,0.012811279237108524,1.0,0.5,0.04375,0.0,1.0
20270028,n40_c35,high_energy,0.12,0.6760856632956573,0.6951219512195121,0.8780487804878049,0.024390243902439025,0.010563239188168079,1.0,0.0,0.025,0.0,1.0
20270028,n40_c35,high_energy,0.24,0.8319452706722188,0.23170731707317074,0.8780487804878049,0.024390243902439025,0.010563239188168079,1.0,0.0,0.025,0.0,1.0
20270028,n40_c35,high_energy,0.48,0.8429506246281976,0.1951219512195122,0.8780487804878049,0.024390243902439025,0.010563239188168079,1.0,0.0,0.025,0.0,1.0
20270028,n40_c35,low_energy,0.12,0.6677572873289709,0.7073170731707317,0.8780487804878049,0.024390243902439025,0.010543808421412119,1.0,0.0,0.025,0.0,1.0
20270028,n40_c35,low_energy,0.24,0.8143961927424153,0.24390243902439024,0.8780487804878049,0.024390243902439025,0.010543808421412119,1.0,0.0,0.025,0.0,1.0
20270028,n40_c35,low_energy,0.48,0.8429506246281976,0.1951219512195122,0.8780487804878049,0.024390243902439025,0.010543808421412119,1.0,0.0,0.025,0.0,1.0
20270028,n40_c35,no_replay,0.12,0.7299226650803093,0.7195121951219512,0.9024390243902439,0.024390243902439025,0.010647516510437407,1.0,0.0,0.025,0.0,1.0
20270028,n40_c35,no_replay,0.24,0.9690660321237359,0.06097560975609756,0.9024390243902439,0.024390243902439025,0.010647516510437407,1.0,0.0,0.025,0.0,1.0
20270028,n40_c35,no_replay,0.48,1.0,0.0,0.9024390243902439,0.024390243902439025,0.010647516510437407,1.0,0.0,0.025,0.0,1.0
20270028,n40_c35,random_replay,0.12,0.6760856632956573,0.6951219512195121,0.8536585365853658,0.024390243902439025,0.010563239188168079,1.0,0.0,0.025,0.0,1.0
20270028,n40_c35,random_replay,0.24,0.8319452706722188,0.23170731707317074,0.8536585365853658,0.024390243902439025,0.010563239188168079,1.0,0.0,0.025,0.0,1.0
20270028,n40_c35,random_replay,0.48,0.8429506246281976,0.1951219512195122,0.8536585365853658,0.024390243902439025,0.010563239188168079,1.0,0.0,0.025,0.0,1.0
20270028,n40_c65,high_energy,0.12,0.6005353955978584,0.926829268292683,0.9512195121951219,0.024390243902439025,0.006147680097944564,1.0,0.0,0.025,0.0,0.975609756097561
20270028,n40_c65,high_energy,0.24,0.7623438429506246,0.5975609756097561,0.9512195121951219,0.024390243902439025,0.006147680097944564,1.0,0.0,0.025,0.0,0.975609756097561
20270028,n40_c65,high_energy,0.48,0.9895895300416419,0.036585365853658534,0.9512195121951219,0.024390243902439025,0.006147680097944564,1.0,0.0,0.025,0.0,0.975609756097561
20270028,n40_c65,low_energy,0.12,0.5960737656157049,0.926829268292683,0.9512195121951219,0.024390243902439025,0.006130423678753371,1.0,0.0,0.025,0.0,0.975609756097561
20270028,n40_c65,low_energy,0.24,0.7522308149910768,0.5853658536585366,0.9512195121951219,0.024390243902439025,0.006130423678753371,1.0,0.0,0.025,0.0,0.975609756097561
20270028,n40_c65,low_energy,0.48,0.9702558001189767,0.036585365853658534,0.9512195121951219,0.024390243902439025,0.006130423678753371,1.0,0.0,0.025,0.0,0.975609756097561
20270028,n40_c65,no_replay,0.12,0.6097560975609756,0.9390243902439024,0.975609756097561,0.024390243902439025,0.0063493884264573105,1.0,0.0,0.025,0.0,0.975609756097561
20270028,n40_c65,no_replay,0.24,0.8242117787031529,0.7073170731707317,0.975609756097561,0.024390243902439025,0.0063493884264573105,1.0,0.0,0.025,0.0,0.975609756097561
20270028,n40_c65,no_replay,0.48,0.9759071980963713,0.024390243902439025,0.975609756097561,0.024390243902439025,0.0063493884264573105,1.0,0.0,0.025,0.0,0.975609756097561
20270028,n40_c65,random_replay,0.12,0.6005353955978584,0.8658536585365854,0.9512195121951219,0.024390243902439025,0.006147680097944564,1.0,0.0,0.025,0.0,0.975609756097561
20270028,n40_c65,random_replay,0.24,0.7623438429506246,0.524390243902439,0.9512195121951219,0.024390243902439025,0.006147680097944564,1.0,0.0,0.025,0.0,0.975609756097561
20270028,n40_c65,random_replay,0.48,0.9895895300416419,0.024390243902439025,0.9512195121951219,0.024390243902439025,0.006147680097944564,1.0,0.0,0.025,0.0,0.975609756097561
20270029,n12_c15,high_energy,0.12,0.7011834319526629,0.7692307692307693,0.8461538461538461,0.5961538461538461,0.007594696675774272,1.0,1.0,0.5625,0.0,1.0
20270029,n12_c15,high_energy,0.24,0.7603550295857988,0.6153846153846154,0.8461538461538461,0.5961538461538461,0.007594696675774272,1.0,1.0,0.5625,0.0,1.0
20270029,n12_c15,high_energy,0.48,0.7633136094674556,0.6153846153846154,0.8461538461538461,0.5961538461538461,0.007594696675774272,1.0,1.0,0.5625,0.0,1.0
20270029,n12_c15,low_energy,0.12,0.7189349112426037,0.7307692307692307,0.8461538461538461,0.5769230769230769,0.00682538920867815,1.0,0.0,0.625,0.0,1.0
20270029,n12_c15,low_energy,0.24,0.7633136094674556,0.6153846153846154,0.8461538461538461,0.5769230769230769,0.00682538920867815,1.0,0.0,0.625,0.0,1.0
20270029,n12_c15,low_energy,0.48,0.7633136094674556,0.6153846153846154,0.8461538461538461,0.5769230769230769,0.00682538920867815,1.0,0.0,0.625,0.0,1.0
20270029,n12_c15,no_replay,0.12,0.7248520710059171,0.7692307692307693,0.9230769230769231,0.5,0.007094187422039671,1.0,0.75,0.4791666666666667,0.0,1.0
20270029,n12_c15,no_replay,0.24,0.9763313609467456,0.11538461538461539,0.9230769230769231,0.5,0.007094187422039671,1.0,0.75,0.4791666666666667,0.0,1.0
20270029,n12_c15,no_replay,0.48,1.0,0.0,0.9230769230769231,0.5,0.007094187422039671,1.0,0.75,0.4791666666666667,0.0,1.0
20270029,n12_c15,random_replay,0.12,0.7189349112426037,0.6923076923076923,0.8461538461538461,0.5769230769230769,0.00682538920867815,1.0,0.0,0.625,0.0,1.0
20270029,n12_c15,random_replay,0.24,0.7633136094674556,0.6153846153846154,0.8461538461538461,0.5769230769230769,0.00682538920867815,1.0,0.0,0.625,0.0,1.0
20270029,n12_c15,random_replay,0.48,0.7633136094674556,0.6153846153846154,0.8461538461538461,0.5769230769230769,0.00682538920867815,1.0,0.0,0.625,0.0,1.0
20270029,n12_c35,high_energy,0.12,0.7218934911242604,0.8846153846153846,1.0,0.19230769230769232,0.008949941058320816,1.0,0.5,0.16666666666666666,0.0,1.0
20270029,n12_c35,high_energy,0.24,0.7633136094674556,0.6153846153846154,1.0,0.19230769230769232,0.008949941058320816,1.0,0.5,0.16666666666666666,0.0,1.0
20270029,n12_c35,high_energy,0.48,0.7633136094674556,0.6153846153846154,1.0,0.19230769230769232,0.008949941058320816,1.0,0.5,0.16666666666666666,0.0,1.0
20270029,n12_c35,low_energy,0.12,0.7189349112426036,0.8846153846153846,0.9230769230769231,0.1346153846153846,0.009865812307892166,1.0,0.0,0.14583333333333334,0.0,1.0
20270029,n12_c35,low_energy,0.24,0.742603550295858,0.6153846153846154,0.9230769230769231,0.1346153846153846,0.009865812307892166,1.0,0.0,0.14583333333333334,0.0,1.0
20270029,n12_c35,low_energy,0.48,0.7633136094674556,0.6153846153846154,0.9230769230769231,0.1346153846153846,0.009865812307892166,1.0,0.0,0.14583333333333334,0.0,1.0
20270029,n12_c35,no_replay,0.12,0.7130177514792899,0.6923076923076923,0.8461538461538461,0.09615384615384616,0.010328805386683163,1.0,0.25,0.08333333333333333,0.0,1.0
20270029,n12_c35,no_replay,0.24,0.9733727810650887,0.038461538461538464,0.8461538461538461,0.09615384615384616,0.010328805386683163,1.0,0.25,0.08333333333333333,0.0,1.0
20270029,n12_c35,no_replay,0.48,1.0,0.0,0.8461538461538461,0.09615384615384616,0.010328805386683163,1.0,0.25,0.08333333333333333,0.0,1.0
20270029,n12_c35,random_replay,0.12,0.7218934911242604,0.8846153846153846,1.0,0.19230769230769232,0.008949941058320816,1.0,0.5,0.16666666666666666,0.0,1.0
20270029,n12_c35,random_replay,0.24,0.7633136094674556,0.6153846153846154,1.0,0.19230769230769232,0.008949941058320816,1.0,0.5,0.16666666666666666,0.0,1.0
20270029,n12_c35,random_replay,0.48,0.7633136094674556,0.6153846153846154,1.0,0.19230769230769232,0.008949941058320816,1.0,0.5,0.16666666666666666,0.0,1.0
20270029,n12_c65,high_energy,0.12,0.636094674556213,0.8846153846153846,0.9230769230769231,0.07692307692307693,0.006850710393515842,1.0,0.0,0.08333333333333333,0.0,1.0
20270029,n12_c65,high_energy,0.24,0.7100591715976332,0.7307692307692307,0.9230769230769231,0.07692307692307693,0.006850710393515842,1.0,0.0,0.08333333333333333,0.0,1.0
20270029,n12_c65,high_energy,0.48,0.9822485207100592,0.038461538461538464,0.9230769230769231,0.07692307692307693,0.006850710393515842,1.0,0.0,0.08333333333333333,0.0,1.0
20270029,n12_c65,low_energy,0.12,0.6597633136094674,0.8846153846153846,0.9230769230769231,0.07692307692307693,0.006828716931515167,1.0,0.0,0.08333333333333333,0.0,0.9230769230769231
20270029,n12_c65,low_energy,0.24,0.7248520710059172,0.6923076923076923,0.9230769230769231,0.07692307692307693,0.006828716931515167,1.0,0.0,0.08333333333333333,0.0,0.9230769230769231
20270029,n12_c65,low_energy,0.48,0.911242603550296,0.11538461538461539,0.9230769230769231,0.07692307692307693,0.006828716931515167,1.0,0.0,0.08333333333333333,0.0,0.9230769230769231
20270029,n12_c65,no_replay,0.12,0.6331360946745562,0.8076923076923077,0.8461538461538461,0.07692307692307693,0.00740112439131496,1.0,0.0,0.08333333333333333,0.0,0.9230769230769231
20270029,n12_c65,no_replay,0.24,0.849112426035503,0.3076923076923077,0.8461538461538461,0.07692307692307693,0.00740112439131496,1.0,0.0,0.08333333333333333,0.0,0.9230769230769231
20270029,n12_c65,no_replay,0.48,0.9881656804733727,0.0,0.8461538461538461,0.07692307692307693,0.00740112439131496,1.0,0.0,0.08333333333333333,0.0,0.9230769230769231
20270029,n12_c65,random_replay,0.12,0.6597633136094674,0.9230769230769231,0.9230769230769231,0.07692307692307693,0.006828716931515167,1.0,0.0,0.08333333333333333,0.0,0.9230769230769231
20270029,n12_c65,random_replay,0.24,0.7248520710059172,0.7307692307692307,0.9230769230769231,0.07692307692307693,0.006828716931515167,1.0,0.0,0.08333333333333333,0.0,0.9230769230769231
20270029,n12_c65,random_replay,0.48,0.911242603550296,0.11538461538461539,0.9230769230769231,0.07692307692307693,0.006828716931515167,1.0,0.0,0.08333333333333333,0.0,0.9230769230769231
20270029,n24_c15,high_energy,0.12,0.6384,0.6,0.72,0.17,0.011651838980820972,1.0,0.5,0.15625,0.0,1.0
20270029,n24_c15,high_energy,0.24,0.7704,0.32,0.72,0.17,0.011651838980820972,1.0,0.5,0.15625,0.0,1.0
20270029,n24_c15,high_energy,0.48,0.7824,0.32,0.72,0.17,0.011651838980820972,1.0,0.5,0.15625,0.0,1.0
20270029,n24_c15,low_energy,0.12,0.6384,0.6,0.72,0.16,0.01186155370647101,1.0,0.0,0.16666666666666666,0.0,1.0
20270029,n24_c15,low_energy,0.24,0.7704,0.32,0.72,0.16,0.01186155370647101,1.0,0.0,0.16666666666666666,0.0,1.0
20270029,n24_c15,low_energy,0.48,0.7824,0.32,0.72,0.16,0.01186155370647101,1.0,0.0,0.16666666666666666,0.0,1.0
20270029,n24_c15,no_replay,0.12,0.7264,0.5,0.84,0.04,0.013236910989939364,1.0,0.0,0.041666666666666664,0.0,1.0
20270029,n24_c15,no_replay,0.24,0.9856,0.0,0.84,0.04,0.013236910989939364,1.0,0.0,0.041666666666666664,0.0,1.0
20270029,n24_c15,no_replay,0.48,1.0,0.0,0.84,0.04,0.013236910989939364,1.0,0.0,0.041666666666666664,0.0,1.0
20270029,n24_c15,random_replay,0.12,0.6384,0.6,0.72,0.16,0.01186155370647101,1.0,0.0,0.16666666666666666,0.0,1.0
20270029,n24_c15,random_replay,0.24,0.7704,0.32,0.72,0.16,0.01186155370647101,1.0,0.0,0.16666666666666666,0.0,1.0
20270029,n24_c15,random_replay,0.48,0.7824,0.32,0.72,0.16,0.01186155370647101,1.0,0.0,0.16666666666666666,0.0,1.0
20270029,n24_c35,high_energy,0.12,0.664,0.84,1.0,0.06,0.010054858426360282,1.0,0.5,0.041666666666666664,0.0,1.0
20270029,n24_c35,high_energy,0.24,0.7824,0.34,1.0,0.06,0.010054858426360282,1.0,0.5,0.041666666666666664,0.0,1.0
20270029,n24_c35,high_energy,0.48,0.7824,0.32,1.0,0.06,0.010054858426360282,1.0,0.5,0.041666666666666664,0.0,1.0
20270029,n24_c35,low_energy,0.12,0.6608,0.86,0.96,0.04,0.010460052625334197,1.0,0.0,0.041666666666666664,0.0,1.0
20270029,n24_c35,low_energy,0.24,0.7584000000000001,0.38,0.96,0.04,0.010460052625334197,1.0,0.0,0.041666666666666664,0.0,1.0
20270029,n24_c35,low_energy,0.48,0.7824,0.32,0.96,0.04,0.010460052625334197,1.0,0.0,0.041666666666666664,0.0,1.0
20270029,n24_c35,no_replay,0.12,0.7448,0.8,0.96,0.04,0.010479866859225907,1.0,0.0,0.041666666666666664,0.0,1.0
20270029,n24_c35,no_replay,0.24,0.9752,0.12,0.96,0.04,0.010479866859225907,1.0,0.0,0.041666666666666664,0.0,1.0
20270029,n24_c35,no_replay,0.48,1.0,0.0,0.96,0.04,0.010479866859225907,1.0,0.0,0.041666666666666664,0.0,1.0
20270029,n24_c35,random_replay,0.12,0.664,0.84,1.0,0.06,0.010054858426360282,1.0,0.5,0.041666666666666664,0.0,1.0
20270029,n24_c35,random_replay,0.24,0.7824,0.34,1.0,0.06,0.010054858426360282,1.0,0.5,0.041666666666666664,0.0,1.0
20270029,n24_c35,random_replay,0.48,0.7824,0.32,1.0,0.06,0.010054858426360282,1.0,0.5,0.041666666666666664,0.0,1.0
20270029,n24_c65,high_energy,0.12,0.6144000000000001,0.54,0.76,0.06,0.006048563899552403,1.0,0.5,0.041666666666666664,0.0,0.96
20270029,n24_c65,high_energy,0.24,0.7448,0.38,0.76,0.06,0.006048563899552403,1.0,0.5,0.041666666666666664,0.0,0.96
20270029,n24_c65,high_energy,0.48,0.98,0.02,0.76,0.06,0.006048563899552403,1.0,0.5,0.041666666666666664,0.0,0.96
20270029,n24_c65,low_energy,0.12,0.5992000000000001,0.62,0.76,0.04,0.006531942933971452,1.0,0.0,0.041666666666666664,0.0,0.96
20270029,n24_c65,low_energy,0.24,0.7111999999999999,0.42,0.76,0.04,0.006531942933971452,1.0,0.0,0.041666666666666664,0.0,0.96
20270029,n24_c65,low_energy,0.48,0.9488000000000001,0.04,0.76,0.04,0.006531942933971452,1.0,0.0,0.041666666666666664,0.0,0.96
20270029,n24_c65,no_replay,0.12,0.6088,0.6,0.72,0.05,0.00684504467603251,1.0,0.25,0.041666666666666664,0.0,0.96
20270029,n24_c65,no_replay,0.24,0.8128,0.28,0.72,0.05,0.00684504467603251,1.0,0.25,0.041666666666666664,0.0,0.96
20270029,n24_c65,no_replay,0.48,0.9663999999999999,0.0,0.72,0.05,0.00684504467603251,1.0,0.25,0.041666666666666664,0.0,0.96
20270029,n24_c65,random_replay,0.12,0.5992000000000001,0.66,0.8,0.04,0.006531942933971452,1.0,0.0,0.041666666666666664,0.0,0.96
20270029,n24_c65,random_replay,0.24,0.7111999999999999,0.44,0.8,0.04,0.006531942933971452,1.0,0.0,0.041666666666666664,0.0,0.96
20270029,n24_c65,random_replay,0.48,0.9488000000000001,0.04,0.8,0.04,0.006531942933971452,1.0,0.0,0.041666666666666664,0.0,0.96
20270029,n40_c15,high_energy,0.12,0.6751933372992266,0.7560975609756098,0.975609756097561,0.054878048780487805,0.012857789902650253,1.0,0.0,0.05625,0.0,1.0
20270029,n40_c15,high_energy,0.24,0.8405710886377157,0.23170731707317074,0.975609756097561,0.054878048780487805,0.012857789902650253,1.0,0.0,0.05625,0.0,1.0
20270029,n40_c15,high_energy,0.48,0.8429506246281976,0.1951219512195122,0.975609756097561,0.054878048780487805,0.012857789902650253,1.0,0.0,0.05625,0.0,1.0
20270029,n40_c15,low_energy,0.12,0.6745984533016062,0.7682926829268293,0.975609756097561,0.04878048780487805,0.01292571964041294,1.0,0.0,0.05,0.0,1.0
20270029,n40_c15,low_energy,0.24,0.8405710886377157,0.23170731707317074,0.975609756097561,0.04878048780487805,0.01292571964041294,1.0,0.0,0.05,0.0,1.0
20270029,n40_c15,low_energy,0.48,0.8429506246281976,0.1951219512195122,0.975609756097561,0.04878048780487805,0.01292571964041294,1.0,0.0,0.05,0.0,1.0
20270029,n40_c15,no_replay,0.12,0.7528256989886972,0.7195121951219512,0.975609756097561,0.024390243902439025,0.013261211165941136,1.0,0.0,0.025,0.0,1.0
20270029,n40_c15,no_replay,0.24,0.9952409280190363,0.036585365853658534,0.975609756097561,0.024390243902439025,0.013261211165941136,1.0,0.0,0.025,0.0,1.0
20270029,n40_c15,no_replay,0.48,1.0,0.0,0.975609756097561,0.024390243902439025,0.013261211165941136,1.0,0.0,0.025,0.0,1.0
20270029,n40_c15,random_replay,0.12,0.6751933372992266,0.7560975609756098,0.975609756097561,0.054878048780487805,0.012857789902650253,1.0,0.0,0.05625,0.0,1.0
20270029,n40_c15,random_replay,0.24,0.8405710886377157,0.23170731707317074,0.975609756097561,0.054878048780487805,0.012857789902650253,1.0,0.0,0.05625,0.0,1.0
20270029,n40_c15,random_replay,0.48,0.8429506246281976,0.1951219512195122,0.975609756097561,0.054878048780487805,0.012857789902650253,1.0,0.0,0.05625,0.0,1.0
20270029,n40_c35,high_energy,0.12,0.6745984533016062,0.7682926829268293,1.0,0.024390243902439025,0.01051637238175752,1.0,0.0,0.025,0.0,1.0
20270029,n40_c35,high_energy,0.24,0.8254015466983938,0.2682926829268293,1.0,0.024390243902439025,0.01051637238175752,1.0,0.0,0.025,0.0,1.0
20270029,n40_c35,high_energy,0.48,0.8429506246281976,0.1951219512195122,1.0,0.024390243902439025,0.01051637238175752,1.0,0.0,0.025,0.0,1.0
20270029,n40_c35,low_energy,0.12,0.6638905413444378,0.8170731707317073,0.975609756097561,0.024390243902439025,0.01051768417014328,1.0,0.0,0.025,0.0,1.0
20270029,n40_c35,low_energy,0.24,0.8051754907792981,0.2804878048780488,0.975609756097561,0.024390243902439025,0.01051768417014328,1.0,0.0,0.025,0.0,1.0
20270029,n40_c35,low_energy,0.48,0.8426531826293873,0.1951219512195122,0.975609756097561,0.024390243902439025,0.01051768417014328,1.0,0.0,0.025,0.0,1.0
20270029,n40_c35,no_replay,0.12,0.7409280190362879,0.8536585365853658,0.975609756097561,0.024390243902439025,0.010544666059260431,1.0,0.0,0.025,0.0,1.0
20270029,n40_c35,no_replay,0.24,0.9646044021415824,0.13414634146341464,0.975609756097561,0.024390243902439025,0.010544666059260431,1.0,0.0,0.025,0.0,1.0
20270029,n40_c35,no_replay,0.48,1.0,0.0,0.975609756097561,0.024390243902439025,0.010544666059260431,1.0,0.0,0.025,0.0,1.0
20270029,n40_c35,random_replay,0.12,0.6638905413444378,0.8170731707317073,0.975609756097561,0.024390243902439025,0.01051768417014328,1.0,0.0,0.025,0.0,1.0
20270029,n40_c35,random_replay,0.24,0.8051754907792981,0.2804878048780488,0.975609756097561,0.024390243902439025,0.01051768417014328,1.0,0.0,0.025,0.0,1.0
20270029,n40_c35,random_replay,0.48,0.8426531826293873,0.1951219512195122,0.975609756097561,0.024390243902439025,0.01051768417014328,1.0,0.0,0.025,0.0,1.0
20270029,n40_c65,high_energy,0.12,0.5951814396192743,0.8292682926829268,0.9512195121951219,0.024390243902439025,0.0062421394292778735,1.0,0.0,0.025,0.0,0.975609756097561
20270029,n40_c65,high_energy,0.24,0.7501487209994051,0.4634146341463415,0.9512195121951219,0.024390243902439025,0.0062421394292778735,1.0,0.0,0.025,0.0,0.975609756097561
20270029,n40_c65,high_energy,0.48,0.9898869720404522,0.012195121951219513,0.9512195121951219,0.024390243902439025,0.0062421394292778735,1.0,0.0,0.025,0.0,0.975609756097561
20270029,n40_c65,low_energy,0.12,0.5904223676383105,0.8292682926829268,0.9512195121951219,0.024390243902439025,0.0062283854329300455,1.0,0.0,0.025,0.0,0.975609756097561
20270029,n40_c65,low_energy,0.24,0.7373587150505652,0.47560975609756095,0.9512195121951219,0.024390243902439025,0.0062283854329300455,1.0,0.0,0.025,0.0,0.975609756097561
20270029,n40_c65,low_energy,0.48,0.9681737061273052,0.012195121951219513,0.9512195121951219,0.024390243902439025,0.0062283854329300455,1.0,0.0,0.025,0.0,0.975609756097561
20270029,n40_c65,no_replay,0.12,0.6008328375966686,0.8902439024390244,0.926829268292683,0.024390243902439025,0.006546345122183471,1.0,0.0,0.025,0.0,0.975609756097561
20270029,n40_c65,no_replay,0.24,0.8051754907792981,0.47560975609756095,0.926829268292683,0.024390243902439025,0.006546345122183471,1.0,0.0,0.025,0.0,0.975609756097561
20270029,n40_c65,no_replay,0.48,0.9741225461035098,0.024390243902439025,0.926829268292683,0.024390243902439025,0.006546345122183471,1.0,0.0,0.025,0.0,0.975609756097561
20270029,n40_c65,random_replay,0.12,0.5951814396192743,0.7560975609756098,0.9024390243902439,0.024390243902439025,0.0062421394292778735,1.0,0.0,0.025,0.0,0.975609756097561
20270029,n40_c65,random_replay,0.24,0.7501487209994051,0.45121951219512196,0.9024390243902439,0.024390243902439025,0.0062421394292778735,1.0,0.0,0.025,0.0,0.975609756097561
20270029,n40_c65,random_replay,0.48,0.9898869720404522,0.012195121951219513,0.9024390243902439,0.024390243902439025,0.0062421394292778735,1.0,0.0,0.025,0.0,0.975609756097561
20270030,n12_c15,high_energy,0.12,0.7218934911242603,0.8076923076923077,0.9230769230769231,0.6153846153846154,0.010206940660337841,1.0,1.0,0.5833333333333334,0.0,1.0
20270030,n12_c15,high_energy,0.24,0.7633136094674556,0.6153846153846154,0.9230769230769231,0.6153846153846154,0.010206940660337841,1.0,1.0,0.5833333333333334,0.0,1.0
20270030,n12_c15,high_energy,0.48,0.7633136094674556,0.6153846153846154,0.9230769230769231,0.6153846153846154,0.010206940660337841,1.0,1.0,0.5833333333333334,0.0,1.0
20270030,n12_c15,low_energy,0.12,0.7307692307692308,0.8076923076923077,0.9230769230769231,0.5384615384615384,0.00704068986226289,1.0,0.0,0.5833333333333334,0.0,1.0
20270030,n12_c15,low_energy,0.24,0.7633136094674556,0.6153846153846154,0.9230769230769231,0.5384615384615384,0.00704068986226289,1.0,0.0,0.5833333333333334,0.0,1.0
20270030,n12_c15,low_energy,0.48,0.7633136094674556,0.6153846153846154,0.9230769230769231,0.5384615384615384,0.00704068986226289,1.0,0.0,0.5833333333333334,0.0,1.0
20270030,n12_c15,no_replay,0.12,0.7071005917159763,0.6538461538461539,0.8461538461538461,0.5384615384615384,0.007082071775579803,1.0,0.5,0.5416666666666666,0.0,1.0
20270030,n12_c15,no_replay,0.24,0.9911242603550297,0.038461538461538464,0.8461538461538461,0.5384615384615384,0.007082071775579803,1.0,0.5,0.5416666666666666,0.0,1.0
20270030,n12_c15,no_replay,0.48,1.0,0.0,0.8461538461538461,0.5384615384615384,0.007082071775579803,1.0,0.5,0.5416666666666666,0.0,1.0
20270030,n12_c15,random_replay,0.12,0.7307692307692308,0.8076923076923077,0.9230769230769231,0.5384615384615384,0.00704068986226289,1.0,0.0,0.5833333333333334,0.0,1.0
20270030,n12_c15,random_replay,0.24,0.7633136094674556,0.6153846153846154,0.9230769230769231,0.5384615384615384,0.00704068986226289,1.0,0.0,0.5833333333333334,0.0,1.0
20270030,n12_c15,random_replay,0.48,0.7633136094674556,0.6153846153846154,0.9230769230769231,0.5384615384615384,0.00704068986226289,1.0,0.0,0.5833333333333334,0.0,1.0
20270030,n12_c35,high_energy,0.12,0.7100591715976332,0.6923076923076923,0.7692307692307693,0.1346153846153846,0.009951569097285718,1.0,0.0,0.14583333333333334,0.0,1.0
20270030,n12_c35,high_energy,0.24,0.7633136094674556,0.6153846153846154,0.7692307692307693,0.1346153846153846,0.009951569097285718,1.0,0.0,0.14583333333333334,0.0,1.0
20270030,n12_c35,high_energy,0.48,0.7633136094674556,0.6153846153846154,0.7692307692307693,0.1346153846153846,0.009951569097285718,1.0,0.0,0.14583333333333334,0.0,1.0
20270030,n12_c35,low_energy,0.12,0.7071005917159764,0.7307692307692307,0.8461538461538461,0.1346153846153846,0.009884458613905751,1.0,0.0,0.14583333333333334,0.0,1.0
20270030,n12_c35,low_energy,0.24,0.7603550295857988,0.6153846153846154,0.8461538461538461,0.1346153846153846,0.009884458613905751,1.0,0.0,0.14583333333333334,0.0,1.0
20270030,n12_c35,low_energy,0.48,0.7633136094674556,0.6153846153846154,0.8461538461538461,0.1346153846153846,0.009884458613905751,1.0,0.0,0.14583333333333334,0.0,1.0
20270030,n12_c35,no_replay,0.12,0.7130177514792899,0.5,0.8461538461538461,0.07692307692307693,0.010770494999661753,1.0,0.0,0.08333333333333333,0.0,1.0
20270030,n12_c35,no_replay,0.24,0.9674556213017752,0.038461538461538464,0.8461538461538461,0.07692307692307693,0.010770494999661753,1.0,0.0,0.08333333333333333,0.0,1.0
20270030,n12_c35,no_replay,0.48,1.0,0.0,0.8461538461538461,0.07692307692307693,0.010770494999661753,1.0,0.0,0.08333333333333333,0.0,1.0
20270030,n12_c35,random_replay,0.12,0.7071005917159764,0.7307692307692307,0.7692307692307693,0.1346153846153846,0.009884458613905751,1.0,0.0,0.14583333333333334,0.0,1.0
20270030,n12_c35,random_replay,0.24,0.7603550295857988,0.6153846153846154,0.7692307692307693,0.1346153846153846,0.009884458613905751,1.0,0.0,0.14583333333333334,0.0,1.0
20270030,n12_c35,random_replay,0.48,0.7633136094674556,0.6153846153846154,0.7692307692307693,0.1346153846153846,0.009884458613905751,1.0,0.0,0.14583333333333334,0.0,1.0
20270030,n12_c65,high_energy,0.12,0.6242603550295858,0.8461538461538461,0.8461538461538461,0.07692307692307693,0.006925365455792207,1.0,0.0,0.08333333333333333,0.0,1.0
20270030,n12_c65,high_energy,0.24,0.7278106508875739,0.6153846153846154,0.8461538461538461,0.07692307692307693,0.006925365455792207,1.0,0.0,0.08333333333333333,0.0,1.0
20270030,n12_c65,high_energy,0.48,0.9644970414201183,0.11538461538461539,0.8461538461538461,0.07692307692307693,0.006925365455792207,1.0,0.0,0.08333333333333333,0.0,1.0
20270030,n12_c65,low_energy,0.12,0.668639053254438,0.8461538461538461,0.9230769230769231,0.07692307692307693,0.006885710350152341,1.0,0.0,0.08333333333333333,0.0,0.9230769230769231
20270030,n12_c65,low_energy,0.24,0.7396449704142012,0.6153846153846154,0.9230769230769231,0.07692307692307693,0.006885710350152341,1.0,0.0,0.08333333333333333,0.0,0.9230769230769231
20270030,n12_c65,low_energy,0.48,0.9023668639053255,0.15384615384615385,0.9230769230769231,0.07692307692307693,0.006885710350152341,1.0,0.0,0.08333333333333333,0.0,0.9230769230769231
20270030,n12_c65,no_replay,0.12,0.6094674556213018,0.8461538461538461,0.9230769230769231,0.07692307692307693,0.007526953561835867,1.0,0.0,0.08333333333333333,0.0,0.9230769230769231
20270030,n12_c65,no_replay,0.24,0.863905325443787,0.34615384615384615,0.9230769230769231,0.07692307692307693,0.007526953561835867,1.0,0.0,0.08333333333333333,0.0,0.9230769230769231
20270030,n12_c65,no_replay,0.48,0.985207100591716,0.0,0.9230769230769231,0.07692307692307693,0.007526953561835867,1.0,0.0,0.08333333333333333,0.0,0.9230769230769231
20270030,n12_c65,random_replay,0.12,0.668639053254438,0.8461538461538461,0.9230769230769231,0.07692307692307693,0.006885710350152341,1.0,0.0,0.08333333333333333,0.0,0.9230769230769231
20270030,n12_c65,random_replay,0.24,0.7396449704142012,0.6923076923076923,0.9230769230769231,0.07692307692307693,0.006885710350152341,1.0,0.0,0.08333333333333333,0.0,0.9230769230769231
20270030,n12_c65,random_replay,0.48,0.9023668639053255,0.2692307692307692,0.9230769230769231,0.07692307692307693,0.006885710350152341,1.0,0.0,0.08333333333333333,0.0,0.9230769230769231
20270030,n24_c15,high_energy,0.12,0.6584,0.68,0.84,0.17,0.011676015312777621,1.0,0.0,0.17708333333333334,0.0,1.0
20270030,n24_c15,high_energy,0.24,0.7799999999999999,0.32,0.84,0.17,0.011676015312777621,1.0,0.0,0.17708333333333334,0.0,1.0
20270030,n24_c15,high_energy,0.48,0.7824,0.32,0.84,0.17,0.011676015312777621,1.0,0.0,0.17708333333333334,0.0,1.0
20270030,n24_c15,low_energy,0.12,0.6608,0.72,0.88,0.16,0.011744561340543271,1.0,0.0,0.16666666666666666,0.0,1.0
20270030,n24_c15,low_energy,0.24,0.7799999999999999,0.32,0.88,0.16,0.011744561340543271,1.0,0.0,0.16666666666666666,0.0,1.0
20270030,n24_c15,low_energy,0.48,0.7824,0.32,0.88,0.16,0.011744561340543271,1.0,0.0,0.16666666666666666,0.0,1.0
20270030,n24_c15,no_replay,0.12,0.7312,0.66,0.84,0.04,0.013184536690453165,1.0,0.0,0.041666666666666664,0.0,1.0
20270030,n24_c15,no_replay,0.24,0.9927999999999999,0.0,0.84,0.04,0.013184536690453165,1.0,0.0,0.041666666666666664,0.0,1.0
20270030,n24_c15,no_replay,0.48,1.0,0.0,0.84,0.04,0.013184536690453165,1.0,0.0,0.041666666666666664,0.0,1.0
20270030,n24_c15,random_replay,0.12,0.6608,0.72,0.88,0.16,0.011744561340543271,1.0,0.0,0.16666666666666666,0.0,1.0
20270030,n24_c15,random_replay,0.24,0.7799999999999999,0.32,0.88,0.16,0.011744561340543271,1.0,0.0,0.16666666666666666,0.0,1.0
20270030,n24_c15,random_replay,0.48,0.7824,0.32,0.88,0.16,0.011744561340543271,1.0,0.0,0.16666666666666666,0.0,1.0
20270030,n24_c35,high_energy,0.12,0.6872,0.7,0.96,0.04,0.01053225757703087,1.0,0.0,0.041666666666666664,0.0,1.0
20270030,n24_c35,high_energy,0.24,0.7807999999999999,0.32,0.96,0.04,0.01053225757703087,1.0,0.0,0.041666666666666664,0.0,1.0
20270030,n24_c35,high_energy,0.48,0.7824,0.32,0.96,0.04,0.01053225757703087,1.0,0.0,0.041666666666666664,0.0,1.0
20270030,n24_c35,low_energy,0.12,0.6776,0.8,0.92,0.04,0.010506410131938067,1.0,0.0,0.041666666666666664,0.0,1.0
20270030,n24_c35,low_energy,0.24,0.7687999999999999,0.34,0.92,0.04,0.010506410131938067,1.0,0.0,0.041666666666666664,0.0,1.0
20270030,n24_c35,low_energy,0.48,0.7824,0.32,0.92,0.04,0.010506410131938067,1.0,0.0,0.041666666666666664,0.0,1.0
20270030,n24_c35,no_replay,0.12,0.736,0.64,0.88,0.04,0.01066446801341393,1.0,0.0,0.041666666666666664,0.0,1.0
20270030,n24_c35,no_replay,0.24,0.9904000000000001,0.02,0.88,0.04,0.01066446801341393,1.0,0.0,0.041666666666666664,0.0,1.0
20270030,n24_c35,no_replay,0.48,1.0,0.0,0.88,0.04,0.01066446801341393,1.0,0.0,0.041666666666666664,0.0,1.0
20270030,n24_c35,random_replay,0.12,0.6776,0.8,0.92,0.04,0.010506410131938067,1.0,0.0,0.041666666666666664,0.0,1.0
20270030,n24_c35,random_replay,0.24,0.7687999999999999,0.34,0.92,0.04,0.010506410131938067,1.0,0.0,0.041666666666666664,0.0,1.0
20270030,n24_c35,random_replay,0.48,0.7824,0.32,0.92,0.04,0.010506410131938067,1.0,0.0,0.041666666666666664,0.0,1.0
20270030,n24_c65,high_energy,0.12,0.5936,0.72,0.92,0.04,0.006508357163531632,1.0,0.0,0.041666666666666664,0.0,1.0
20270030,n24_c65,high_energy,0.24,0.7408,0.48,0.92,0.04,0.006508357163531632,1.0,0.0,0.041666666666666664,0.0,1.0
20270030,n24_c65,high_energy,0.48,0.984,0.02,0.92,0.04,0.006508357163531632,1.0,0.0,0.041666666666666664,0.0,1.0
20270030,n24_c65,low_energy,0.12,0.584,0.74,0.88,0.04,0.006457098741313751,1.0,0.0,0.041666666666666664,0.0,0.96
20270030,n24_c65,low_energy,0.24,0.7112,0.54,0.88,0.04,0.006457098741313751,1.0,0.0,0.041666666666666664,0.0,0.96
20270030,n24_c65,low_energy,0.48,0.9487999999999999,0.04,0.88,0.04,0.006457098741313751,1.0,0.0,0.041666666666666664,0.0,0.96
20270030,n24_c65,no_replay,0.12,0.5864,0.84,0.92,0.04,0.006935716572850461,1.0,0.0,0.041666666666666664,0.0,0.96
20270030,n24_c65,no_replay,0.24,0.8191999999999999,0.46,0.92,0.04,0.006935716572850461,1.0,0.0,0.041666666666666664,0.0,0.96
20270030,n24_c65,no_replay,0.48,0.9616,0.02,0.92,0.04,0.006935716572850461,1.0,0.0,0.041666666666666664,0.0,0.96
20270030,n24_c65,random_replay,0.12,0.584,0.78,0.96,0.04,0.006457098741313751,1.0,0.0,0.041666666666666664,0.0,0.96
20270030,n24_c65,random_replay,0.24,0.7112,0.54,0.96,0.04,0.006457098741313751,1.0,0.0,0.041666666666666664,0.0,0.96
20270030,n24_c65,random_replay,0.48,0.9487999999999999,0.06,0.96,0.04,0.006457098741313751,1.0,0.0,0.041666666666666664,0.0,0.96
20270030,n40_c15,high_energy,0.12,0.7266508030933968,0.8048780487804879,0.975609756097561,0.04878048780487805,0.01300492964427588,1.0,0.25,0.04375,0.0,1.0
20270030,n40_c15,high_energy,0.24,0.8349196906603212,0.23170731707317074,0.975609756097561,0.04878048780487805,0.01300492964427588,1.0,0.25,0.04375,0.0,1.0
20270030,n40_c15,high_energy,0.48,0.8429506246281976,0.1951219512195122,0.975609756097561,0.04878048780487805,0.01300492964427588,1.0,0.25,0.04375,0.0,1.0
20270030,n40_c15,low_energy,0.12,0.714158239143367,0.7926829268292683,0.975609756097561,0.03048780487804878,0.013268056551002404,1.0,0.0,0.03125,0.0,1.0
20270030,n40_c15,low_energy,0.24,0.8328375966686495,0.23170731707317074,0.975609756097561,0.03048780487804878,0.013268056551002404,1.0,0.0,0.03125,0.0,1.0
20270030,n40_c15,low_energy,0.48,0.8429506246281976,0.1951219512195122,0.975609756097561,0.03048780487804878,0.013268056551002404,1.0,0.0,0.03125,0.0,1.0
20270030,n40_c15,no_replay,0.12,0.7876264128494944,0.8048780487804879,0.975609756097561,0.024390243902439025,0.01323405604481678,1.0,0.0,0.025,0.0,1.0
20270030,n40_c15,no_replay,0.24,0.9875074360499703,0.04878048780487805,0.975609756097561,0.024390243902439025,0.01323405604481678,1.0,0.0,0.025,0.0,1.0
20270030,n40_c15,no_replay,0.48,1.0,0.0,0.975609756097561,0.024390243902439025,0.01323405604481678,1.0,0.0,0.025,0.0,1.0
20270030,n40_c15,random_replay,0.12,0.714158239143367,0.7926829268292683,0.975609756097561,0.03048780487804878,0.013268056551002404,1.0,0.0,0.03125,0.0,1.0
20270030,n40_c15,random_replay,0.24,0.8328375966686495,0.23170731707317074,0.975609756097561,0.03048780487804878,0.013268056551002404,1.0,0.0,0.03125,0.0,1.0
20270030,n40_c15,random_replay,0.48,0.8429506246281976,0.1951219512195122,0.975609756097561,0.03048780487804878,0.013268056551002404,1.0,0.0,0.03125,0.0,1.0
20270030,n40_c35,high_energy,0.12,0.7105889351576443,0.8902439024390244,0.975609756097561,0.03048780487804878,0.01033855704088707,1.0,0.25,0.025,0.0,1.0
20270030,n40_c35,high_energy,0.24,0.8390838786436645,0.25609756097560976,0.975609756097561,0.03048780487804878,0.01033855704088707,1.0,0.25,0.025,0.0,1.0
20270030,n40_c35,high_energy,0.48,0.8432480666270078,0.1951219512195122,0.975609756097561,0.03048780487804878,0.01033855704088707,1.0,0.25,0.025,0.0,1.0
20270030,n40_c35,low_energy,0.12,0.7049375371802498,0.9146341463414634,0.9512195121951219,0.024390243902439025,0.010467370689133157,1.0,0.0,0.025,0.0,1.0
20270030,n40_c35,low_energy,0.24,0.8209399167162403,0.25609756097560976,0.9512195121951219,0.024390243902439025,0.010467370689133157,1.0,0.0,0.025,0.0,1.0
20270030,n40_c35,low_energy,0.48,0.8429506246281976,0.1951219512195122,0.9512195121951219,0.024390243902439025,0.010467370689133157,1.0,0.0,0.025,0.0,1.0
20270030,n40_c35,no_replay,0.12,0.762938726948245,0.9146341463414634,0.975609756097561,0.024390243902439025,0.010537117097027204,1.0,0.0,0.025,0.0,1.0
20270030,n40_c35,no_replay,0.24,0.9720404521118382,0.15853658536585366,0.975609756097561,0.024390243902439025,0.010537117097027204,1.0,0.0,0.025,0.0,1.0
20270030,n40_c35,no_replay,0.48,1.0,0.0,0.975609756097561,0.024390243902439025,0.010537117097027204,1.0,0.0,0.025,0.0,1.0
20270030,n40_c35,random_replay,0.12,0.7049375371802498,0.9146341463414634,0.9512195121951219,0.024390243902439025,0.010467370689133157,1.0,0.0,0.025,0.0,1.0
20270030,n40_c35,random_replay,0.24,0.8209399167162403,0.2682926829268293,0.9512195121951219,0.024390243902439025,0.010467370689133157,1.0,0.0,0.025,0.0,1.0
20270030,n40_c35,random_replay,0.48,0.8429506246281976,0.1951219512195122,0.9512195121951219,0.024390243902439025,0.010467370689133157,1.0,0.0,0.025,0.0,1.0
20270030,n40_c65,high_energy,0.12,0.5936942296252231,0.8048780487804879,0.926829268292683,0.024390243902439025,0.006264030203922099,1.0,0.0,0.025,0.0,0.975609756097561
20270030,n40_c65,high_energy,0.24,0.7766210588935157,0.5,0.926829268292683,0.024390243902439025,0.006264030203922099,1.0,0.0,0.025,0.0,0.975609756097561
20270030,n40_c65,high_energy,0.48,0.9886972040452112,0.024390243902439025,0.926829268292683,0.024390243902439025,0.006264030203922099,1.0,0.0,0.025,0.0,0.975609756097561
20270030,n40_c65,low_energy,0.12,0.5907198096371207,0.8048780487804879,0.926829268292683,0.024390243902439025,0.0062600364595931605,1.0,0.0,0.025,0.0,0.975609756097561
20270030,n40_c65,low_energy,0.24,0.7650208209399167,0.5,0.926829268292683,0.024390243902439025,0.0062600364595931605,1.0,0.0,0.025,0.0,0.975609756097561
20270030,n40_c65,low_energy,0.48,0.9678762641284949,0.024390243902439025,0.926829268292683,0.024390243902439025,0.0062600364595931605,1.0,0.0,0.025,0.0,0.975609756097561
20270030,n40_c65,no_replay,0.12,0.6109458655562165,0.8536585365853658,0.9512195121951219,0.024390243902439025,0.0065958892287239545,1.0,0.0,0.025,0.0,0.975609756097561
20270030,n40_c65,no_replay,0.24,0.8319452706722189,0.5121951219512195,0.9512195121951219,0.024390243902439025,0.0065958892287239545,1.0,0.0,0.025,0.0,0.975609756097561
20270030,n40_c65,no_replay,0.48,0.975609756097561,0.012195121951219513,0.9512195121951219,0.024390243902439025,0.0065958892287239545,1.0,0.0,0.025,0.0,0.975609756097561
20270030,n40_c65,random_replay,0.12,0.5907198096371207,0.8170731707317073,0.9512195121951219,0.024390243902439025,0.0062600364595931605,1.0,0.0,0.025,0.0,0.975609756097561
20270030,n40_c65,random_replay,0.24,0.7650208209399167,0.5487804878048781,0.9512195121951219,0.024390243902439025,0.0062600364595931605,1.0,0.0,0.025,0.0,0.975609756097561
20270030,n40_c65,random_replay,0.48,0.9678762641284949,0.024390243902439025,0.9512195121951219,0.024390243902439025,0.0062600364595931605,1.0,0.0,0.025,0.0,0.975609756097561
20270031,n12_c15,high_energy,0.12,0.7307692307692307,0.7692307692307693,0.9230769230769231,0.5769230769230769,0.007053105179613737,1.0,0.75,0.5625,0.0,1.0
20270031,n12_c15,high_energy,0.24,0.7633136094674556,0.6153846153846154,0.9230769230769231,0.5769230769230769,0.007053105179613737,1.0,0.75,0.5625,0.0,1.0
20270031,n12_c15,high_energy,0.48,0.7633136094674556,0.6153846153846154,0.9230769230769231,0.5769230769230769,0.007053105179613737,1.0,0.75,0.5625,0.0,1.0
20270031,n12_c15,low_energy,0.12,0.7366863905325445,0.7307692307692307,0.8461538461538461,0.5769230769230769,0.006764710964520098,1.0,0.0,0.625,0.0,1.0
20270031,n12_c15,low_energy,0.24,0.7633136094674556,0.6153846153846154,0.8461538461538461,0.5769230769230769,0.006764710964520098,1.0,0.0,0.625,0.0,1.0
20270031,n12_c15,low_energy,0.48,0.7633136094674556,0.6153846153846154,0.8461538461538461,0.5769230769230769,0.006764710964520098,1.0,0.0,0.625,0.0,1.0
20270031,n12_c15,no_replay,0.12,0.8047337278106509,0.8461538461538461,1.0,0.5576923076923077,0.0067079474626195144,1.0,0.25,0.5833333333333334,0.0,1.0
20270031,n12_c15,no_replay,0.24,1.0,0.038461538461538464,1.0,0.5576923076923077,0.0067079474626195144,1.0,0.25,0.5833333333333334,0.0,1.0
20270031,n12_c15,no_replay,0.48,1.0,0.0,1.0,0.5576923076923077,0.0067079474626195144,1.0,0.25,0.5833333333333334,0.0,1.0
20270031,n12_c15,random_replay,0.12,0.7366863905325445,0.7307692307692307,0.8461538461538461,0.5769230769230769,0.006764710964520098,1.0,0.0,0.625,0.0,1.0
20270031,n12_c15,random_replay,0.24,0.7633136094674556,0.6153846153846154,0.8461538461538461,0.5769230769230769,0.006764710964520098,1.0,0.0,0.625,0.0,1.0
20270031,n12_c15,random_replay,0.48,0.7633136094674556,0.6153846153846154,0.8461538461538461,0.5769230769230769,0.006764710964520098,1.0,0.0,0.625,0.0,1.0
20270031,n12_c35,high_energy,0.12,0.7218934911242603,0.6923076923076923,0.9230769230769231,0.25,0.008805873113950938,1.0,0.0,0.2708333333333333,0.0,1.0
20270031,n12_c35,high_energy,0.24,0.7603550295857988,0.6153846153846154,0.9230769230769231,0.25,0.008805873113950938,1.0,0.0,0.2708333333333333,0.0,1.0
20270031,n12_c35,high_energy,0.48,0.7633136094674556,0.6153846153846154,0.9230769230769231,0.25,0.008805873113950938,1.0,0.0,0.2708333333333333,0.0,1.0
20270031,n12_c35,low_energy,0.12,0.7189349112426036,0.7692307692307693,0.9230769230769231,0.1346153846153846,0.009863974379436143,1.0,0.0,0.14583333333333334,0.0,1.0
20270031,n12_c35,low_energy,0.24,0.7544378698224852,0.6538461538461539,0.9230769230769231,0.1346153846153846,0.009863974379436143,1.0,0.0,0.14583333333333334,0.0,1.0
20270031,n12_c35,low_energy,0.48,0.7633136094674556,0.6153846153846154,0.9230769230769231,0.1346153846153846,0.009863974379436143,1.0,0.0,0.14583333333333334,0.0,1.0
20270031,n12_c35,no_replay,0.12,0.7603550295857988,0.6538461538461539,1.0,0.07692307692307693,0.010706223516060823,1.0,0.0,0.08333333333333333,0.0,1.0
20270031,n12_c35,no_replay,0.24,0.9911242603550297,0.038461538461538464,1.0,0.07692307692307693,0.010706223516060823,1.0,0.0,0.08333333333333333,0.0,1.0
20270031,n12_c35,no_replay,0.48,1.0,0.0,1.0,0.07692307692307693,0.010706223516060823,1.0,0.0,0.08333333333333333,0.0,1.0
20270031,n12_c35,random_replay,0.12,0.7218934911242603,0.7307692307692307,0.9230769230769231,0.25,0.008805873113950938,1.0,0.0,0.2708333333333333,0.0,1.0
20270031,n12_c35,random_replay,0.24,0.7603550295857988,0.6538461538461539,0.9230769230769231,0.25,0.008805873113950938,1.0,0.0,0.2708333333333333,0.0,1.0
20270031,n12_c35,random_replay,0.48,0.7633136094674556,0.6153846153846154,0.9230769230769231,0.25,0.008805873113950938,1.0,0.0,0.2708333333333333,0.0,1.0
20270031,n12_c65,high_energy,0.12,0.6627218934911242,0.6923076923076923,0.8461538461538461,0.09615384615384616,0.006412186316261684,1.0,0.25,0.08333333333333333,0.0,1.0
20270031,n12_c65,high_energy,0.24,0.7189349112426036,0.6538461538461539,0.8461538461538461,0.09615384615384616,0.006412186316261684,1.0,0.25,0.08333333333333333,0.0,1.0
20270031,n12_c65,high_energy,0.48,0.9674556213017751,0.07692307692307693,0.8461538461538461,0.09615384615384616,0.006412186316261684,1.0,0.25,0.08333333333333333,0.0,1.0
20270031,n12_c65,low_energy,0.12,0.6923076923076923,0.8076923076923077,0.9230769230769231,0.07692307692307693,0.006849121590747007,1.0,0.0,0.08333333333333333,0.0,0.9230769230769231
20270031,n12_c65,low_energy,0.24,0.7307692307692308,0.6538461538461539,0.9230769230769231,0.07692307692307693,0.006849121590747007,1.0,0.0,0.08333333333333333,0.0,0.9230769230769231
20270031,n12_c65,low_energy,0.48,0.9142011834319527,0.11538461538461539,0.9230769230769231,0.07692307692307693,0.006849121590747007,1.0,0.0,0.08333333333333333,0.0,0.9230769230769231
20270031,n12_c65,no_replay,0.12,0.6804733727810652,0.6538461538461539,0.9230769230769231,0.07692307692307693,0.007564931746444384,1.0,0.0,0.08333333333333333,0.0,0.9230769230769231
20270031,n12_c65,no_replay,0.24,0.9142011834319527,0.19230769230769232,0.9230769230769231,0.07692307692307693,0.007564931746444384,1.0,0.0,0.08333333333333333,0.0,0.9230769230769231
20270031,n12_c65,no_replay,0.48,1.0,0.0,0.9230769230769231,0.07692307692307693,0.007564931746444384,1.0,0.0,0.08333333333333333,0.0,0.9230769230769231
20270031,n12_c65,random_replay,0.12,0.6627218934911242,0.6923076923076923,0.8461538461538461,0.09615384615384616,0.006412186316261684,1.0,0.25,0.08333333333333333,0.0,1.0
20270031,n12_c65,random_replay,0.24,0.7189349112426036,0.6538461538461539,0.8461538461538461,0.09615384615384616,0.006412186316261684,1.0,0.25,0.08333333333333333,0.0,1.0
20270031,n12_c65,random_replay,0.48,0.9674556213017751,0.07692307692307693,0.8461538461538461,0.09615384615384616,0.006412186316261684,1.0,0.25,0.08333333333333333,0.0,1.0
20270031,n24_c15,high_energy,0.12,0.6952,0.84,0.96,0.19,0.011192425822277814,1.0,0.75,0.16666666666666666,0.0,1.0
20270031,n24_c15,high_energy,0.24,0.7824,0.32,0.96,0.19,0.011192425822277814,1.0,0.75,0.16666666666666666,0.0,1.0
20270031,n24_c15,high_energy,0.48,0.7824,0.32,0.96,0.19,0.011192425822277814,1.0,0.75,0.16666666666666666,0.0,1.0
20270031,n24_c15,low_energy,0.12,0.6880000000000001,0.82,0.96,0.13,0.012038037908574106,1.0,0.0,0.13541666666666666,0.0,1.0
20270031,n24_c15,low_energy,0.24,0.7824,0.32,0.96,0.13,0.012038037908574106,1.0,0.0,0.13541666666666666,0.0,1.0
20270031,n24_c15,low_energy,0.48,0.7824,0.32,0.96,0.13,0.012038037908574106,1.0,0.0,0.13541666666666666,0.0,1.0
20270031,n24_c15,no_replay,0.12,0.7792,0.84,1.0,0.04,0.013125659275859855,1.0,0.0,0.041666666666666664,0.0,1.0
20270031,n24_c15,no_replay,0.24,0.9984,0.04,1.0,0.04,0.013125659275859855,1.0,0.0,0.041666666666666664,0.0,1.0
20270031,n24_c15,no_replay,0.48,1.0,0.0,1.0,0.04,0.013125659275859855,1.0,0.0,0.041666666666666664,0.0,1.0
20270031,n24_c15,random_replay,0.12,0.6952,0.86,0.96,0.19,0.011192425822277814,1.0,0.75,0.16666666666666666,0.0,1.0
20270031,n24_c15,random_replay,0.24,0.7824,0.32,0.96,0.19,0.011192425822277814,1.0,0.75,0.16666666666666666,0.0,1.0
20270031,n24_c15,random_replay,0.48,0.7824,0.32,0.96,0.19,0.011192425822277814,1.0,0.75,0.16666666666666666,0.0,1.0
20270031,n24_c35,high_energy,0.12,0.6664,0.48,0.68,0.04,0.01067012019440847,1.0,0.0,0.041666666666666664,0.0,1.0
20270031,n24_c35,high_energy,0.24,0.7696000000000001,0.34,0.68,0.04,0.01067012019440847,1.0,0.0,0.041666666666666664,0.0,1.0
20270031,n24_c35,high_energy,0.48,0.7824,0.32,0.68,0.04,0.01067012019440847,1.0,0.0,0.041666666666666664,0.0,1.0
20270031,n24_c35,low_energy,0.12,0.6512,0.48,0.72,0.04,0.010638797894332957,1.0,0.0,0.041666666666666664,0.0,1.0
20270031,n24_c35,low_energy,0.24,0.7616,0.34,0.72,0.04,0.010638797894332957,1.0,0.0,0.041666666666666664,0.0,1.0
20270031,n24_c35,low_energy,0.48,0.7824,0.32,0.72,0.04,0.010638797894332957,1.0,0.0,0.041666666666666664,0.0,1.0
20270031,n24_c35,no_replay,0.12,0.7544000000000001,0.28,0.72,0.04,0.010817482651224944,1.0,0.0,0.041666666666666664,0.0,1.0
20270031,n24_c35,no_replay,0.24,0.9688000000000001,0.02,0.72,0.04,0.010817482651224944,1.0,0.0,0.041666666666666664,0.0,1.0
20270031,n24_c35,no_replay,0.48,1.0,0.0,0.72,0.04,0.010817482651224944,1.0,0.0,0.041666666666666664,0.0,1.0
20270031,n24_c35,random_replay,0.12,0.6512,0.48,0.72,0.04,0.010638797894332957,1.0,0.0,0.041666666666666664,0.0,1.0
20270031,n24_c35,random_replay,0.24,0.7616,0.34,0.72,0.04,0.010638797894332957,1.0,0.0,0.041666666666666664,0.0,1.0
20270031,n24_c35,random_replay,0.48,0.7824,0.32,0.72,0.04,0.010638797894332957,1.0,0.0,0.041666666666666664,0.0,1.0
20270031,n24_c65,high_energy,0.12,0.5976,0.76,0.96,0.04,0.006357034170058244,1.0,0.0,0.041666666666666664,0.0,0.96
20270031,n24_c65,high_energy,0.24,0.7272000000000001,0.52,0.96,0.04,0.006357034170058244,1.0,0.0,0.041666666666666664,0.0,0.96
20270031,n24_c65,high_energy,0.48,0.9992,0.0,0.96,0.04,0.006357034170058244,1.0,0.0,0.041666666666666664,0.0,0.96
20270031,n24_c65,low_energy,0.12,0.5848,0.82,0.96,0.04,0.00633234466538567,1.0,0.0,0.041666666666666664,0.0,0.96
20270031,n24_c65,low_energy,0.24,0.6960000000000001,0.58,0.96,0.04,0.00633234466538567,1.0,0.0,0.041666666666666664,0.0,0.96
20270031,n24_c65,low_energy,0.48,0.9616,0.0,0.96,0.04,0.00633234466538567,1.0,0.0,0.041666666666666664,0.0,0.96
20270031,n24_c65,no_replay,0.12,0.62,0.88,0.92,0.04,0.006646115330458168,1.0,0.0,0.041666666666666664,0.0,0.96
20270031,n24_c65,no_replay,0.24,0.8288,0.52,0.92,0.04,0.006646115330458168,1.0,0.0,0.041666666666666664,0.0,0.96
20270031,n24_c65,no_replay,0.48,0.9615999999999999,0.02,0.92,0.04,0.006646115330458168,1.0,0.0,0.041666666666666664,0.0,0.96
20270031,n24_c65,random_replay,0.12,0.5848,0.84,0.96,0.04,0.00633234466538567,1.0,0.0,0.041666666666666664,0.0,0.96
20270031,n24_c65,random_replay,0.24,0.6960000000000001,0.58,0.96,0.04,0.00633234466538567,1.0,0.0,0.041666666666666664,0.0,0.96
20270031,n24_c65,random_replay,0.48,0.9616,0.02,0.96,0.04,0.00633234466538567,1.0,0.0,0.041666666666666664,0.0,0.96
20270031,n40_c15,high_energy,0.12,0.6409875074360499,0.6585365853658537,0.8780487804878049,0.03048780487804878,0.013215596673859588,1.0,0.25,0.025,0.0,1.0
20270031,n40_c15,high_energy,0.24,0.8239143367043427,0.24390243902439024,0.8780487804878049,0.03048780487804878,0.013215596673859588,1.0,0.25,0.025,0.0,1.0
20270031,n40_c15,high_energy,0.48,0.8429506246281976,0.1951219512195122,0.8780487804878049,0.03048780487804878,0.013215596673859588,1.0,0.25,0.025,0.0,1.0
20270031,n40_c15,low_energy,0.12,0.6445568114217728,0.6707317073170732,0.9024390243902439,0.03048780487804878,0.013259458757315969,1.0,0.0,0.03125,0.0,1.0
20270031,n40_c15,low_energy,0.24,0.8242117787031529,0.24390243902439024,0.9024390243902439,0.03048780487804878,0.013259458757315969,1.0,0.0,0.03125,0.0,1.0
20270031,n40_c15,low_energy,0.48,0.8429506246281976,0.1951219512195122,0.9024390243902439,0.03048780487804878,0.013259458757315969,1.0,0.0,0.03125,0.0,1.0
20270031,n40_c15,no_replay,0.12,0.6903628792385486,0.5975609756097561,0.8780487804878049,0.024390243902439025,0.013283163716390307,1.0,0.0,0.025,0.0,1.0
20270031,n40_c15,no_replay,0.24,0.9726353361094586,0.06097560975609756,0.8780487804878049,0.024390243902439025,0.013283163716390307,1.0,0.0,0.025,0.0,1.0
20270031,n40_c15,no_replay,0.48,1.0,0.0,0.8780487804878049,0.024390243902439025,0.013283163716390307,1.0,0.0,0.025,0.0,1.0
20270031,n40_c15,random_replay,0.12,0.6445568114217728,0.6707317073170732,0.9024390243902439,0.03048780487804878,0.013259458757315969,1.0,0.0,0.03125,0.0,1.0
20270031,n40_c15,random_replay,0.24,0.8242117787031529,0.24390243902439024,0.9024390243902439,0.03048780487804878,0.013259458757315969,1.0,0.0,0.03125,0.0,1.0
20270031,n40_c15,random_replay,0.48,0.8429506246281976,0.1951219512195122,0.9024390243902439,0.03048780487804878,0.013259458757315969,1.0,0.0,0.03125,0.0,1.0
20270031,n40_c35,high_energy,0.12,0.6644854253420583,0.7804878048780488,0.975609756097561,0.024390243902439025,0.010498517165394834,1.0,0.0,0.025,0.0,1.0
20270031,n40_c35,high_energy,0.24,0.825698988697204,0.25609756097560976,0.975609756097561,0.024390243902439025,0.010498517165394834,1.0,0.0,0.025,0.0,1.0
20270031,n40_c35,high_energy,0.48,0.8429506246281976,0.1951219512195122,0.975609756097561,0.024390243902439025,0.010498517165394834,1.0,0.0,0.025,0.0,1.0
20270031,n40_c35,low_energy,0.12,0.6653777513384891,0.7926829268292683,0.9512195121951219,0.024390243902439025,0.01053249120468393,1.0,0.0,0.025,0.0,1.0
20270031,n40_c35,low_energy,0.24,0.8087447947650208,0.25609756097560976,0.9512195121951219,0.024390243902439025,0.01053249120468393,1.0,0.0,0.025,0.0,1.0
20270031,n40_c35,low_energy,0.48,0.8429506246281976,0.1951219512195122,0.9512195121951219,0.024390243902439025,0.01053249120468393,1.0,0.0,0.025,0.0,1.0
20270031,n40_c35,no_replay,0.12,0.7037477691850089,0.7804878048780488,0.9512195121951219,0.024390243902439025,0.01066344870803053,1.0,0.0,0.025,0.0,1.0
20270031,n40_c35,no_replay,0.24,0.9535990481856038,0.13414634146341464,0.9512195121951219,0.024390243902439025,0.01066344870803053,1.0,0.0,0.025,0.0,1.0
20270031,n40_c35,no_replay,0.48,1.0,0.0,0.9512195121951219,0.024390243902439025,0.01066344870803053,1.0,0.0,0.025,0.0,1.0
20270031,n40_c35,random_replay,0.12,0.6653777513384891,0.8048780487804879,0.9512195121951219,0.024390243902439025,0.01053249120468393,1.0,0.0,0.025,0.0,1.0
20270031,n40_c35,random_replay,0.24,0.8087447947650208,0.25609756097560976,0.9512195121951219,0.024390243902439025,0.01053249120468393,1.0,0.0,0.025,0.0,1.0
20270031,n40_c35,random_replay,0.48,0.8429506246281976,0.1951219512195122,0.9512195121951219,0.024390243902439025,0.01053249120468393,1.0,0.0,0.025,0.0,1.0
20270031,n40_c65,high_energy,0.12,0.6038072575847709,0.7682926829268293,0.926829268292683,0.024390243902439025,0.006260772558909603,1.0,0.0,0.025,0.0,0.975609756097561
20270031,n40_c65,high_energy,0.24,0.7453896490184414,0.4634146341463415,0.926829268292683,0.024390243902439025,0.006260772558909603,1.0,0.0,0.025,0.0,0.975609756097561
20270031,n40_c65,high_energy,0.48,0.9818560380725758,0.024390243902439025,0.926829268292683,0.024390243902439025,0.006260772558909603,1.0,0.0,0.025,0.0,0.975609756097561
20270031,n40_c65,low_energy,0.12,0.6055919095776323,0.7682926829268293,0.926829268292683,0.024390243902439025,0.006263451774335104,1.0,0.0,0.025,0.0,0.975609756097561
20270031,n40_c65,low_energy,0.24,0.7364663890541344,0.4634146341463415,0.926829268292683,0.024390243902439025,0.006263451774335104,1.0,0.0,0.025,0.0,0.975609756097561
20270031,n40_c65,low_energy,0.48,0.9610350981558595,0.024390243902439025,0.926829268292683,0.024390243902439025,0.006263451774335104,1.0,0.0,0.025,0.0,0.975609756097561
20270031,n40_c65,no_replay,0.12,0.6189767995240928,0.8048780487804879,0.926829268292683,0.024390243902439025,0.006568376847946231,1.0,0.0,0.025,0.0,0.975609756097561
20270031,n40_c65,no_replay,0.24,0.816478286734087,0.4146341463414634,0.926829268292683,0.024390243902439025,0.006568376847946231,1.0,0.0,0.025,0.0,0.975609756097561
20270031,n40_c65,no_replay,0.48,0.9672813801308744,0.024390243902439025,0.926829268292683,0.024390243902439025,0.006568376847946231,1.0,0.0,0.025,0.0,0.975609756097561
20270031,n40_c65,random_replay,0.12,0.6055919095776323,0.7804878048780488,0.926829268292683,0.024390243902439025,0.006263451774335104,1.0,0.0,0.025,0.0,0.975609756097561
20270031,n40_c65,random_replay,0.24,0.7364663890541344,0.4878048780487805,0.926829268292683,0.024390243902439025,0.006263451774335104,1.0,0.0,0.025,0.0,0.975609756097561
20270031,n40_c65,random_replay,0.48,0.9610350981558595,0.024390243902439025,0.926829268292683,0.024390243902439025,0.006263451774335104,1.0,0.0,0.025,0.0,0.975609756097561
20270032,n12_c15,high_energy,0.12,0.7248520710059172,0.7692307692307693,0.7692307692307693,0.5384615384615384,0.008135750014349082,1.0,0.5,0.5416666666666666,0.0,1.0
20270032,n12_c15,high_energy,0.24,0.7633136094674556,0.6153846153846154,0.7692307692307693,0.5384615384615384,0.008135750014349082,1.0,0.5,0.5416666666666666,0.0,1.0
20270032,n12_c15,high_energy,0.48,0.7633136094674556,0.6153846153846154,0.7692307692307693,0.5384615384615384,0.008135750014349082,1.0,0.5,0.5416666666666666,0.0,1.0
20270032,n12_c15,low_energy,0.12,0.7189349112426036,0.8461538461538461,0.9230769230769231,0.5192307692307693,0.007310018016861884,1.0,0.0,0.5625,0.0,1.0
20270032,n12_c15,low_energy,0.24,0.7633136094674556,0.6153846153846154,0.9230769230769231,0.5192307692307693,0.007310018016861884,1.0,0.0,0.5625,0.0,1.0
20270032,n12_c15,low_energy,0.48,0.7633136094674556,0.6153846153846154,0.9230769230769231,0.5192307692307693,0.007310018016861884,1.0,0.0,0.5625,0.0,1.0
20270032,n12_c15,no_replay,0.12,0.8195266272189349,0.6538461538461539,1.0,0.5576923076923077,0.007072532127757906,1.0,0.5,0.5625,0.0,1.0
20270032,n12_c15,no_replay,0.24,1.0,0.0,1.0,0.5576923076923077,0.007072532127757906,1.0,0.5,0.5625,0.0,1.0
20270032,n12_c15,no_replay,0.48,1.0,0.0,1.0,0.5576923076923077,0.007072532127757906,1.0,0.5,0.5625,0.0,1.0
20270032,n12_c15,random_replay,0.12,0.7248520710059172,0.7692307692307693,0.7692307692307693,0.5384615384615384,0.008135750014349082,1.0,0.5,0.5416666666666666,0.0,1.0
20270032,n12_c15,random_replay,0.24,0.7633136094674556,0.6153846153846154,0.7692307692307693,0.5384615384615384,0.008135750014349082,1.0,0.5,0.5416666666666666,0.0,1.0
20270032,n12_c15,random_replay,0.48,0.7633136094674556,0.6153846153846154,0.7692307692307693,0.5384615384615384,0.008135750014349082,1.0,0.5,0.5416666666666666,0.0,1.0
20270032,n12_c35,high_energy,0.12,0.7100591715976331,1.0,1.0,0.21153846153846154,0.008816303989232539,1.0,0.25,0.20833333333333334,0.0,1.0
20270032,n12_c35,high_energy,0.24,0.7633136094674556,0.6538461538461539,1.0,0.21153846153846154,0.008816303989232539,1.0,0.25,0.20833333333333334,0.0,1.0
20270032,n12_c35,high_energy,0.48,0.7633136094674556,0.6153846153846154,1.0,0.21153846153846154,0.008816303989232539,1.0,0.25,0.20833333333333334,0.0,1.0
20270032,n12_c35,low_energy,0.12,0.7100591715976331,0.9230769230769231,0.9230769230769231,0.17307692307692307,0.009457227143693247,1.0,0.0,0.1875,0.0,1.0
20270032,n12_c35,low_energy,0.24,0.7485207100591716,0.6538461538461539,0.9230769230769231,0.17307692307692307,0.009457227143693247,1.0,0.0,0.1875,0.0,1.0
20270032,n12_c35,low_energy,0.48,0.7633136094674556,0.6153846153846154,0.9230769230769231,0.17307692307692307,0.009457227143693247,1.0,0.0,0.1875,0.0,1.0
20270032,n12_c35,no_replay,0.12,0.7071005917159763,0.9230769230769231,1.0,0.07692307692307693,0.010415498412689597,1.0,0.0,0.08333333333333333,0.0,1.0
20270032,n12_c35,no_replay,0.24,0.9940828402366865,0.2692307692307692,1.0,0.07692307692307693,0.010415498412689597,1.0,0.0,0.08333333333333333,0.0,1.0
20270032,n12_c35,no_replay,0.48,1.0,0.0,1.0,0.07692307692307693,0.010415498412689597,1.0,0.0,0.08333333333333333,0.0,1.0
20270032,n12_c35,random_replay,0.12,0.7100591715976331,1.0,1.0,0.21153846153846154,0.008816303989232539,1.0,0.25,0.20833333333333334,0.0,1.0
20270032,n12_c35,random_replay,0.24,0.7633136094674556,0.6538461538461539,1.0,0.21153846153846154,0.008816303989232539,1.0,0.25,0.20833333333333334,0.0,1.0
20270032,n12_c35,random_replay,0.48,0.7633136094674556,0.6153846153846154,1.0,0.21153846153846154,0.008816303989232539,1.0,0.25,0.20833333333333334,0.0,1.0
20270032,n12_c65,high_energy,0.12,0.665680473372781,0.8461538461538461,1.0,0.07692307692307693,0.006899229307321203,1.0,0.0,0.08333333333333333,0.0,1.0
20270032,n12_c65,high_energy,0.24,0.7278106508875739,0.6153846153846154,1.0,0.07692307692307693,0.006899229307321203,1.0,0.0,0.08333333333333333,0.0,1.0
20270032,n12_c65,high_energy,0.48,0.985207100591716,0.07692307692307693,1.0,0.07692307692307693,0.006899229307321203,1.0,0.0,0.08333333333333333,0.0,1.0
20270032,n12_c65,low_energy,0.12,0.6952662721893491,0.8846153846153846,0.9230769230769231,0.07692307692307693,0.006844514404499225,1.0,0.0,0.08333333333333333,0.0,0.9230769230769231
20270032,n12_c65,low_energy,0.24,0.7396449704142012,0.6923076923076923,0.9230769230769231,0.07692307692307693,0.006844514404499225,1.0,0.0,0.08333333333333333,0.0,0.9230769230769231
20270032,n12_c65,low_energy,0.48,0.9230769230769231,0.15384615384615385,0.9230769230769231,0.07692307692307693,0.006844514404499225,1.0,0.0,0.08333333333333333,0.0,0.9230769230769231
20270032,n12_c65,no_replay,0.12,0.6745562130177516,0.9230769230769231,0.9230769230769231,0.07692307692307693,0.0071960052485817855,1.0,0.0,0.08333333333333333,0.0,0.9230769230769231
20270032,n12_c65,no_replay,0.24,0.8994082840236687,0.5,0.9230769230769231,0.07692307692307693,0.0071960052485817855,1.0,0.0,0.08333333333333333,0.0,0.9230769230769231
20270032,n12_c65,no_replay,0.48,0.9822485207100591,0.0,0.9230769230769231,0.07692307692307693,0.0071960052485817855,1.0,0.0,0.08333333333333333,0.0,0.9230769230769231
20270032,n12_c65,random_replay,0.12,0.6952662721893491,0.8846153846153846,0.9230769230769231,0.07692307692307693,0.006844514404499225,1.0,0.0,0.08333333333333333,0.0,0.9230769230769231
20270032,n12_c65,random_replay,0.24,0.7396449704142012,0.6923076923076923,0.9230769230769231,0.07692307692307693,0.006844514404499225,1.0,0.0,0.08333333333333333,0.0,0.9230769230769231
20270032,n12_c65,random_replay,0.48,0.9230769230769231,0.15384615384615385,0.9230769230769231,0.07692307692307693,0.006844514404499225,1.0,0.0,0.08333333333333333,0.0,0.9230769230769231
20270032,n24_c15,high_energy,0.12,0.6808000000000001,0.8,1.0,0.17,0.011438847505773337,1.0,0.25,0.16666666666666666,0.0,1.0
20270032,n24_c15,high_energy,0.24,0.7824,0.32,1.0,0.17,0.011438847505773337,1.0,0.25,0.16666666666666666,0.0,1.0
20270032,n24_c15,high_energy,0.48,0.7824,0.32,1.0,0.17,0.011438847505773337,1.0,0.25,0.16666666666666666,0.0,1.0
20270032,n24_c15,low_energy,0.12,0.6848000000000001,0.86,1.0,0.15,0.011683314349211682,1.0,0.0,0.15625,0.0,1.0
20270032,n24_c15,low_energy,0.24,0.7824,0.32,1.0,0.15,0.011683314349211682,1.0,0.0,0.15625,0.0,1.0
20270032,n24_c15,low_energy,0.48,0.7824,0.32,1.0,0.15,0.011683314349211682,1.0,0.0,0.15625,0.0,1.0
20270032,n24_c15,no_replay,0.12,0.804,0.7,1.0,0.05,0.0130035716743803,1.0,0.0,0.052083333333333336,0.0,1.0
20270032,n24_c15,no_replay,0.24,1.0,0.0,1.0,0.05,0.0130035716743803,1.0,0.0,0.052083333333333336,0.0,1.0
20270032,n24_c15,no_replay,0.48,1.0,0.0,1.0,0.05,0.0130035716743803,1.0,0.0,0.052083333333333336,0.0,1.0
20270032,n24_c15,random_replay,0.12,0.6808000000000001,0.8,1.0,0.17,0.011438847505773337,1.0,0.25,0.16666666666666666,0.0,1.0
20270032,n24_c15,random_replay,0.24,0.7824,0.32,1.0,0.17,0.011438847505773337,1.0,0.25,0.16666666666666666,0.0,1.0
20270032,n24_c15,random_replay,0.48,0.7824,0.32,1.0,0.17,0.011438847505773337,1.0,0.25,0.16666666666666666,0.0,1.0
20270032,n24_c35,high_energy,0.12,0.6416000000000001,0.52,0.76,0.06,0.010189489951862175,1.0,0.5,0.041666666666666664,0.0,1.0
20270032,n24_c35,high_energy,0.24,0.768,0.32,0.76,0.06,0.010189489951862175,1.0,0.5,0.041666666666666664,0.0,1.0
20270032,n24_c35,high_energy,0.48,0.7824,0.32,0.76,0.06,0.010189489951862175,1.0,0.5,0.041666666666666664,0.0,1.0
20270032,n24_c35,low_energy,0.12,0.628,0.58,0.8,0.04,0.010627723190562934,1.0,0.0,0.041666666666666664,0.0,1.0
20270032,n24_c35,low_energy,0.24,0.7528,0.32,0.8,0.04,0.010627723190562934,1.0,0.0,0.041666666666666664,0.0,1.0
20270032,n24_c35,low_energy,0.48,0.7824,0.32,0.8,0.04,0.010627723190562934,1.0,0.0,0.041666666666666664,0.0,1.0
20270032,n24_c35,no_replay,0.12,0.7024,0.48,0.76,0.04,0.010739722359631752,1.0,0.0,0.041666666666666664,0.0,1.0
20270032,n24_c35,no_replay,0.24,0.9712000000000001,0.02,0.76,0.04,0.010739722359631752,1.0,0.0,0.041666666666666664,0.0,1.0
20270032,n24_c35,no_replay,0.48,1.0,0.0,0.76,0.04,0.010739722359631752,1.0,0.0,0.041666666666666664,0.0,1.0
20270032,n24_c35,random_replay,0.12,0.6416000000000001,0.54,0.8,0.06,0.010189489951862175,1.0,0.5,0.041666666666666664,0.0,1.0
20270032,n24_c35,random_replay,0.24,0.768,0.32,0.8,0.06,0.010189489951862175,1.0,0.5,0.041666666666666664,0.0,1.0
20270032,n24_c35,random_replay,0.48,0.7824,0.32,0.8,0.06,0.010189489951862175,1.0,0.5,0.041666666666666664,0.0,1.0
20270032,n24_c65,high_energy,0.12,0.6,0.88,1.0,0.04,0.00631830094254194,1.0,0.0,0.041666666666666664,0.0,0.96
20270032,n24_c65,high_energy,0.24,0.74,0.5,1.0,0.04,0.00631830094254194,1.0,0.0,0.041666666666666664,0.0,0.96
20270032,n24_c65,high_energy,0.48,0.976,0.04,1.0,0.04,0.00631830094254194,1.0,0.0,0.041666666666666664,0.0,0.96
20270032,n24_c65,low_energy,0.12,0.592,0.94,0.96,0.04,0.006287287029457109,1.0,0.0,0.041666666666666664,0.0,0.96
20270032,n24_c65,low_energy,0.24,0.7056,0.58,0.96,0.04,0.006287287029457109,1.0,0.0,0.041666666666666664,0.0,0.96
20270032,n24_c65,low_energy,0.48,0.9408,0.04,0.96,0.04,0.006287287029457109,1.0,0.0,0.041666666666666664,0.0,0.96
20270032,n24_c65,no_replay,0.12,0.6136,0.94,0.96,0.04,0.006533556110653253,1.0,0.0,0.041666666666666664,0.0,0.96
20270032,n24_c65,no_replay,0.24,0.8535999999999999,0.7,0.96,0.04,0.006533556110653253,1.0,0.0,0.041666666666666664,0.0,0.96
20270032,n24_c65,no_replay,0.48,0.9615999999999999,0.02,0.96,0.04,0.006533556110653253,1.0,0.0,0.041666666666666664,0.0,0.96
20270032,n24_c65,random_replay,0.12,0.592,0.94,0.96,0.04,0.006287287029457109,1.0,0.0,0.041666666666666664,0.0,0.96
20270032,n24_c65,random_replay,0.24,0.7056,0.64,0.96,0.04,0.006287287029457109,1.0,0.0,0.041666666666666664,0.0,0.96
20270032,n24_c65,random_replay,0.48,0.9408,0.04,0.96,0.04,0.006287287029457109,1.0,0.0,0.041666666666666664,0.0,0.96
20270032,n40_c15,high_energy,0.12,0.6656751933372993,0.6707317073170732,0.926829268292683,0.042682926829268296,0.013133876049545563,1.0,0.0,0.04375,0.0,1.0
20270032,n40_c15,high_energy,0.24,0.8399762046400951,0.2073170731707317,0.926829268292683,0.042682926829268296,0.013133876049545563,1.0,0.0,0.04375,0.0,1.0
20270032,n40_c15,high_energy,0.48,0.8429506246281976,0.1951219512195122,0.926829268292683,0.042682926829268296,0.013133876049545563,1.0,0.0,0.04375,0.0,1.0
20270032,n40_c15,low_energy,0.12,0.6674598453301606,0.6951219512195121,0.9512195121951219,0.04878048780487805,0.013059474149266302,1.0,0.0,0.05,0.0,1.0
20270032,n40_c15,low_energy,0.24,0.8399762046400951,0.2073170731707317,0.9512195121951219,0.04878048780487805,0.013059474149266302,1.0,0.0,0.05,0.0,1.0
20270032,n40_c15,low_energy,0.48,0.8429506246281976,0.1951219512195122,0.9512195121951219,0.04878048780487805,0.013059474149266302,1.0,0.0,0.05,0.0,1.0
20270032,n40_c15,no_replay,0.12,0.7540154669839381,0.6341463414634146,0.926829268292683,0.024390243902439025,0.013264978596242769,1.0,0.0,0.025,0.0,1.0
20270032,n40_c15,no_replay,0.24,0.9967281380130875,0.012195121951219513,0.926829268292683,0.024390243902439025,0.013264978596242769,1.0,0.0,0.025,0.0,1.0
20270032,n40_c15,no_replay,0.48,1.0,0.0,0.926829268292683,0.024390243902439025,0.013264978596242769,1.0,0.0,0.025,0.0,1.0
20270032,n40_c15,random_replay,0.12,0.6674598453301606,0.6951219512195121,0.9512195121951219,0.04878048780487805,0.013059474149266302,1.0,0.0,0.05,0.0,1.0
20270032,n40_c15,random_replay,0.24,0.8399762046400951,0.2073170731707317,0.9512195121951219,0.04878048780487805,0.013059474149266302,1.0,0.0,0.05,0.0,1.0
20270032,n40_c15,random_replay,0.48,0.8429506246281976,0.1951219512195122,0.9512195121951219,0.04878048780487805,0.013059474149266302,1.0,0.0,0.05,0.0,1.0
20270032,n40_c35,high_energy,0.12,0.6201665675193337,0.7926829268292683,0.975609756097561,0.024390243902439025,0.010495659896700812,1.0,0.0,0.025,0.0,1.0
20270032,n40_c35,high_energy,0.24,0.8129089827483641,0.35365853658536583,0.975609756097561,0.024390243902439025,0.010495659896700812,1.0,0.0,0.025,0.0,1.0
20270032,n40_c35,high_energy,0.48,0.8429506246281976,0.1951219512195122,0.975609756097561,0.024390243902439025,0.010495659896700812,1.0,0.0,0.025,0.0,1.0
20270032,n40_c35,low_energy,0.12,0.6228435455086259,0.7804878048780488,0.975609756097561,0.024390243902439025,0.01047887333397665,1.0,0.0,0.025,0.0,1.0
20270032,n40_c35,low_energy,0.24,0.7971445568114217,0.35365853658536583,0.975609756097561,0.024390243902439025,0.01047887333397665,1.0,0.0,0.025,0.0,1.0
20270032,n40_c35,low_energy,0.48,0.8426531826293873,0.1951219512195122,0.975609756097561,0.024390243902439025,0.01047887333397665,1.0,0.0,0.025,0.0,1.0
20270032,n40_c35,no_replay,0.12,0.6638905413444378,0.8414634146341463,0.975609756097561,0.024390243902439025,0.01056487256622289,1.0,0.0,0.025,0.0,1.0
20270032,n40_c35,no_replay,0.24,0.9464604402141581,0.23170731707317074,0.975609756097561,0.024390243902439025,0.01056487256622289,1.0,0.0,0.025,0.0,1.0
20270032,n40_c35,no_replay,0.48,1.0,0.0,0.975609756097561,0.024390243902439025,0.01056487256622289,1.0,0.0,0.025,0.0,1.0
20270032,n40_c35,random_replay,0.12,0.6228435455086259,0.7926829268292683,0.975609756097561,0.024390243902439025,0.01047887333397665,1.0,0.0,0.025,0.0,1.0
20270032,n40_c35,random_replay,0.24,0.7971445568114217,0.35365853658536583,0.975609756097561,0.024390243902439025,0.01047887333397665,1.0,0.0,0.025,0.0,1.0
20270032,n40_c35,random_replay,0.48,0.8426531826293873,0.1951219512195122,0.975609756097561,0.024390243902439025,0.01047887333397665,1.0,0.0,0.025,0.0,1.0
20270032,n40_c65,high_energy,0.12,0.5933967876264129,0.8048780487804879,0.9512195121951219,0.024390243902439025,0.006339681595276498,1.0,0.0,0.025,0.0,0.975609756097561
20270032,n40_c65,high_energy,0.24,0.7403331350386675,0.47560975609756095,0.9512195121951219,0.024390243902439025,0.006339681595276498,1.0,0.0,0.025,0.0,0.975609756097561
20270032,n40_c65,high_energy,0.48,0.962819750148721,0.08536585365853659,0.9512195121951219,0.024390243902439025,0.006339681595276498,1.0,0.0,0.025,0.0,0.975609756097561
20270032,n40_c65,low_energy,0.12,0.5874479476502081,0.8170731707317073,0.9512195121951219,0.024390243902439025,0.006318299205068152,1.0,0.0,0.025,0.0,0.975609756097561
20270032,n40_c65,low_energy,0.24,0.7230814991076739,0.47560975609756095,0.9512195121951219,0.024390243902439025,0.006318299205068152,1.0,0.0,0.025,0.0,0.975609756097561
20270032,n40_c65,low_energy,0.48,0.9446757882212969,0.07317073170731707,0.9512195121951219,0.024390243902439025,0.006318299205068152,1.0,0.0,0.025,0.0,0.975609756097561
20270032,n40_c65,no_replay,0.12,0.6046995835812017,0.8902439024390244,0.9512195121951219,0.024390243902439025,0.006595354094453738,1.0,0.0,0.025,0.0,0.975609756097561
20270032,n40_c65,no_replay,0.24,0.7911957168352171,0.5487804878048781,0.9512195121951219,0.024390243902439025,0.006595354094453738,1.0,0.0,0.025,0.0,0.975609756097561
20270032,n40_c65,no_replay,0.48,0.9530041641879834,0.07317073170731707,0.9512195121951219,0.024390243902439025,0.006595354094453738,1.0,0.0,0.025,0.0,0.975609756097561
20270032,n40_c65,random_replay,0.12,0.5874479476502081,0.8658536585365854,0.9512195121951219,0.024390243902439025,0.006318299205068152,1.0,0.0,0.025,0.0,0.975609756097561
20270032,n40_c65,random_replay,0.24,0.7230814991076739,0.5121951219512195,0.9512195121951219,0.024390243902439025,0.006318299205068152,1.0,0.0,0.025,0.0,0.975609756097561
20270032,n40_c65,random_replay,0.48,0.9446757882212969,0.08536585365853659,0.9512195121951219,0.024390243902439025,0.006318299205068152,1.0,0.0,0.025,0.0,0.975609756097561
20270033,n12_c15,high_energy,0.12,0.7307692307692307,0.7692307692307693,0.8461538461538461,0.5961538461538461,0.010744767357976361,1.0,0.75,0.5833333333333334,0.0,1.0
20270033,n12_c15,high_energy,0.24,0.7633136094674556,0.6153846153846154,0.8461538461538461,0.5961538461538461,0.010744767357976361,1.0,0.75,0.5833333333333334,0.0,1.0
20270033,n12_c15,high_energy,0.48,0.7633136094674556,0.6153846153846154,0.8461538461538461,0.5961538461538461,0.010744767357976361,1.0,0.75,0.5833333333333334,0.0,1.0
20270033,n12_c15,low_energy,0.12,0.7307692307692307,0.7692307692307693,0.8461538461538461,0.5769230769230769,0.006557408025471851,1.0,0.0,0.625,0.0,1.0
20270033,n12_c15,low_energy,0.24,0.7633136094674556,0.6153846153846154,0.8461538461538461,0.5769230769230769,0.006557408025471851,1.0,0.0,0.625,0.0,1.0
20270033,n12_c15,low_energy,0.48,0.7633136094674556,0.6153846153846154,0.8461538461538461,0.5769230769230769,0.006557408025471851,1.0,0.0,0.625,0.0,1.0
20270033,n12_c15,no_replay,0.12,0.7840236686390533,0.5,0.9230769230769231,0.5576923076923077,0.007080596933055767,1.0,0.25,0.5833333333333334,0.0,1.0
20270033,n12_c15,no_replay,0.24,0.9911242603550297,0.07692307692307693,0.9230769230769231,0.5576923076923077,0.007080596933055767,1.0,0.25,0.5833333333333334,0.0,1.0
20270033,n12_c15,no_replay,0.48,1.0,0.0,0.9230769230769231,0.5576923076923077,0.007080596933055767,1.0,0.25,0.5833333333333334,0.0,1.0
20270033,n12_c15,random_replay,0.12,0.7307692307692307,0.7692307692307693,0.8461538461538461,0.5769230769230769,0.006557408025471851,1.0,0.0,0.625,0.0,1.0
20270033,n12_c15,random_replay,0.24,0.7633136094674556,0.6153846153846154,0.8461538461538461,0.5769230769230769,0.006557408025471851,1.0,0.0,0.625,0.0,1.0
20270033,n12_c15,random_replay,0.48,0.7633136094674556,0.6153846153846154,0.8461538461538461,0.5769230769230769,0.006557408025471851,1.0,0.0,0.625,0.0,1.0
20270033,n12_c35,high_energy,0.12,0.742603550295858,0.8461538461538461,0.9230769230769231,0.40384615384615385,0.0065547770125579516,1.0,1.0,0.3541666666666667,0.0,1.0
20270033,n12_c35,high_energy,0.24,0.7633136094674556,0.6153846153846154,0.9230769230769231,0.40384615384615385,0.0065547770125579516,1.0,1.0,0.3541666666666667,0.0,1.0
20270033,n12_c35,high_energy,0.48,0.7633136094674556,0.6153846153846154,0.9230769230769231,0.40384615384615385,0.0065547770125579516,1.0,1.0,0.3541666666666667,0.0,1.0
20270033,n12_c35,low_energy,0.12,0.7396449704142012,0.9230769230769231,0.9230769230769231,0.2692307692307692,0.008781072291823101,1.0,0.0,0.2916666666666667,0.0,1.0
20270033,n12_c35,low_energy,0.24,0.7603550295857988,0.6153846153846154,0.9230769230769231,0.2692307692307692,0.008781072291823101,1.0,0.0,0.2916666666666667,0.0,1.0
20270033,n12_c35,low_energy,0.48,0.7633136094674556,0.6153846153846154,0.9230769230769231,0.2692307692307692,0.008781072291823101,1.0,0.0,0.2916666666666667,0.0,1.0
20270033,n12_c35,no_replay,0.12,0.8550295857988166,0.7692307692307693,1.0,0.11538461538461539,0.010158283173218641,1.0,0.25,0.10416666666666667,0.0,1.0
20270033,n12_c35,no_replay,0.24,1.0,0.0,1.0,0.11538461538461539,0.010158283173218641,1.0,0.25,0.10416666666666667,0.0,1.0
20270033,n12_c35,no_replay,0.48,1.0,0.0,1.0,0.11538461538461539,0.010158283173218641,1.0,0.25,0.10416666666666667,0.0,1.0
20270033,n12_c35,random_replay,0.12,0.742603550295858,0.9230769230769231,1.0,0.40384615384615385,0.0065547770125579516,1.0,1.0,0.3541666666666667,0.0,1.0
20270033,n12_c35,random_replay,0.24,0.7633136094674556,0.6153846153846154,1.0,0.40384615384615385,0.0065547770125579516,1.0,1.0,0.3541666666666667,0.0,1.0
20270033,n12_c35,random_replay,0.48,0.7633136094674556,0.6153846153846154,1.0,0.40384615384615385,0.0065547770125579516,1.0,1.0,0.3541666666666667,0.0,1.0
20270033,n12_c65,high_energy,0.12,0.6863905325443787,0.6923076923076923,0.9230769230769231,0.09615384615384616,0.006408764608387505,1.0,0.25,0.08333333333333333,0.0,1.0
20270033,n12_c65,high_energy,0.24,0.7307692307692308,0.6153846153846154,0.9230769230769231,0.09615384615384616,0.006408764608387505,1.0,0.25,0.08333333333333333,0.0,1.0
20270033,n12_c65,high_energy,0.48,0.9644970414201184,0.11538461538461539,0.9230769230769231,0.09615384615384616,0.006408764608387505,1.0,0.25,0.08333333333333333,0.0,1.0
20270033,n12_c65,low_energy,0.12,0.6923076923076923,0.7307692307692307,0.9230769230769231,0.07692307692307693,0.006843263478628093,1.0,0.0,0.08333333333333333,0.0,0.9230769230769231
20270033,n12_c65,low_energy,0.24,0.7396449704142012,0.6153846153846154,0.9230769230769231,0.07692307692307693,0.006843263478628093,1.0,0.0,0.08333333333333333,0.0,0.9230769230769231
20270033,n12_c65,low_energy,0.48,0.9053254437869823,0.15384615384615385,0.9230769230769231,0.07692307692307693,0.006843263478628093,1.0,0.0,0.08333333333333333,0.0,0.9230769230769231
20270033,n12_c65,no_replay,0.12,0.6952662721893491,0.7307692307692307,0.9230769230769231,0.09615384615384616,0.006982865718956662,1.0,0.25,0.08333333333333333,0.0,0.9230769230769231
20270033,n12_c65,no_replay,0.24,0.8994082840236687,0.2692307692307692,0.9230769230769231,0.09615384615384616,0.006982865718956662,1.0,0.25,0.08333333333333333,0.0,0.9230769230769231
20270033,n12_c65,no_replay,0.48,0.9733727810650887,0.0,0.9230769230769231,0.09615384615384616,0.006982865718956662,1.0,0.25,0.08333333333333333,0.0,0.9230769230769231
20270033,n12_c65,random_replay,0.12,0.6863905325443787,0.6923076923076923,0.9230769230769231,0.09615384615384616,0.006408764608387505,1.0,0.25,0.08333333333333333,0.0,1.0
20270033,n12_c65,random_replay,0.24,0.7307692307692308,0.6153846153846154,0.9230769230769231,0.09615384615384616,0.006408764608387505,1.0,0.25,0.08333333333333333,0.0,1.0
20270033,n12_c65,random_replay,0.48,0.9644970414201184,0.11538461538461539,0.9230769230769231,0.09615384615384616,0.006408764608387505,1.0,0.25,0.08333333333333333,0.0,1.0
20270033,n24_c15,high_energy,0.12,0.664,0.54,0.8,0.13,0.012138599688004747,1.0,0.0,0.13541666666666666,0.0,1.0
20270033,n24_c15,high_energy,0.24,0.7784,0.32,0.8,0.13,0.012138599688004747,1.0,0.0,0.13541666666666666,0.0,1.0
20270033,n24_c15,high_energy,0.48,0.7824,0.32,0.8,0.13,0.012138599688004747,1.0,0.0,0.13541666666666666,0.0,1.0
20270033,n24_c15,low_energy,0.12,0.6672,0.62,0.84,0.14,0.011965130600347427,1.0,0.0,0.14583333333333334,0.0,1.0
20270033,n24_c15,low_energy,0.24,0.7784,0.32,0.84,0.14,0.011965130600347427,1.0,0.0,0.14583333333333334,0.0,1.0
20270033,n24_c15,low_energy,0.48,0.7824,0.32,0.84,0.14,0.011965130600347427,1.0,0.0,0.14583333333333334,0.0,1.0
20270033,n24_c15,no_replay,0.12,0.752,0.72,0.96,0.04,0.013186345827471684,1.0,0.0,0.041666666666666664,0.0,1.0
20270033,n24_c15,no_replay,0.24,0.9935999999999999,0.0,0.96,0.04,0.013186345827471684,1.0,0.0,0.041666666666666664,0.0,1.0
20270033,n24_c15,no_replay,0.48,1.0,0.0,0.96,0.04,0.013186345827471684,1.0,0.0,0.041666666666666664,0.0,1.0
20270033,n24_c15,random_replay,0.12,0.6672,0.62,0.84,0.14,0.011965130600347427,1.0,0.0,0.14583333333333334,0.0,1.0
20270033,n24_c15,random_replay,0.24,0.7784,0.32,0.84,0.14,0.011965130600347427,1.0,0.0,0.14583333333333334,0.0,1.0
20270033,n24_c15,random_replay,0.48,0.7824,0.32,0.84,0.14,0.011965130600347427,1.0,0.0,0.14583333333333334,0.0,1.0
20270033,n24_c35,high_energy,0.12,0.6552,0.68,0.96,0.05,0.010436916578074187,1.0,0.0,0.052083333333333336,0.0,1.0
20270033,n24_c35,high_energy,0.24,0.7807999999999999,0.34,0.96,0.05,0.010436916578074187,1.0,0.0,0.052083333333333336,0.0,1.0
20270033,n24_c35,high_energy,0.48,0.7824,0.32,0.96,0.05,0.010436916578074187,1.0,0.0,0.052083333333333336,0.0,1.0
20270033,n24_c35,low_energy,0.12,0.6528,0.7,0.92,0.05,0.010429344595307793,1.0,0.0,0.052083333333333336,0.0,1.0
20270033,n24_c35,low_energy,0.24,0.7687999999999999,0.34,0.92,0.05,0.010429344595307793,1.0,0.0,0.052083333333333336,0.0,1.0
20270033,n24_c35,low_energy,0.48,0.7824,0.32,0.92,0.05,0.010429344595307793,1.0,0.0,0.052083333333333336,0.0,1.0
20270033,n24_c35,no_replay,0.12,0.7064,0.64,0.92,0.04,0.010517418483543556,1.0,0.0,0.041666666666666664,0.0,1.0
20270033,n24_c35,no_replay,0.24,0.9887999999999999,0.04,0.92,0.04,0.010517418483543556,1.0,0.0,0.041666666666666664,0.0,1.0
20270033,n24_c35,no_replay,0.48,1.0,0.0,0.92,0.04,0.010517418483543556,1.0,0.0,0.041666666666666664,0.0,1.0
20270033,n24_c35,random_replay,0.12,0.6552,0.7,0.96,0.05,0.010436916578074187,1.0,0.0,0.052083333333333336,0.0,1.0
20270033,n24_c35,random_replay,0.24,0.7807999999999999,0.34,0.96,0.05,0.010436916578074187,1.0,0.0,0.052083333333333336,0.0,1.0
20270033,n24_c35,random_replay,0.48,0.7824,0.32,0.96,0.05,0.010436916578074187,1.0,0.0,0.052083333333333336,0.0,1.0
20270033,n24_c65,high_energy,0.12,0.652,0.74,0.96,0.05,0.006106863151203184,1.0,0.25,0.041666666666666664,0.0,1.0
20270033,n24_c65,high_energy,0.24,0.7568,0.44,0.96,0.05,0.006106863151203184,1.0,0.25,0.041666666666666664,0.0,1.0
20270033,n24_c65,high_energy,0.48,0.9832000000000001,0.04,0.96,0.05,0.006106863151203184,1.0,0.25,0.041666666666666664,0.0,1.0
20270033,n24_c65,low_energy,0.12,0.6368,0.78,0.92,0.04,0.006337213568762073,1.0,0.0,0.041666666666666664,0.0,0.96
20270033,n24_c65,low_energy,0.24,0.724,0.46,0.92,0.04,0.006337213568762073,1.0,0.0,0.041666666666666664,0.0,0.96
20270033,n24_c65,low_energy,0.48,0.9456,0.06,0.92,0.04,0.006337213568762073,1.0,0.0,0.041666666666666664,0.0,0.96
20270033,n24_c65,no_replay,0.12,0.6672,0.86,0.96,0.04,0.006763945713968232,1.0,0.0,0.041666666666666664,0.0,0.96
20270033,n24_c65,no_replay,0.24,0.8663999999999998,0.38,0.96,0.04,0.006763945713968232,1.0,0.0,0.041666666666666664,0.0,0.96
20270033,n24_c65,no_replay,0.48,0.9688,0.0,0.96,0.04,0.006763945713968232,1.0,0.0,0.041666666666666664,0.0,0.96
20270033,n24_c65,random_replay,0.12,0.6368,0.84,0.96,0.04,0.006337213568762073,1.0,0.0,0.041666666666666664,0.0,0.96
20270033,n24_c65,random_replay,0.24,0.724,0.46,0.96,0.04,0.006337213568762073,1.0,0.0,0.041666666666666664,0.0,0.96
20270033,n24_c65,random_replay,0.48,0.9456,0.08,0.96,0.04,0.006337213568762073,1.0,0.0,0.041666666666666664,0.0,0.96
20270033,n40_c15,high_energy,0.12,0.6894705532421178,0.7073170731707317,0.9512195121951219,0.036585365853658534,0.013197070601435127,1.0,0.25,0.03125,0.0,1.0
20270033,n40_c15,high_energy,0.24,0.8343248066627007,0.21951219512195122,0.9512195121951219,0.036585365853658534,0.013197070601435127,1.0,0.25,0.03125,0.0,1.0
20270033,n40_c15,high_energy,0.48,0.8429506246281976,0.1951219512195122,0.9512195121951219,0.036585365853658534,0.013197070601435127,1.0,0.25,0.03125,0.0,1.0
20270033,n40_c15,low_energy,0.12,0.683521713265913,0.7073170731707317,0.9512195121951219,0.03048780487804878,0.013299027906782949,1.0,0.0,0.03125,0.0,1.0
20270033,n40_c15,low_energy,0.24,0.8337299226650803,0.21951219512195122,0.9512195121951219,0.03048780487804878,0.013299027906782949,1.0,0.0,0.03125,0.0,1.0
20270033,n40_c15,low_energy,0.48,0.8429506246281976,0.1951219512195122,0.9512195121951219,0.03048780487804878,0.013299027906782949,1.0,0.0,0.03125,0.0,1.0
20270033,n40_c15,no_replay,0.12,0.7391433670434265,0.5975609756097561,0.926829268292683,0.024390243902439025,0.01327652880158951,1.0,0.0,0.025,0.0,1.0
20270033,n40_c15,no_replay,0.24,0.9857227840571089,0.04878048780487805,0.926829268292683,0.024390243902439025,0.01327652880158951,1.0,0.0,0.025,0.0,1.0
20270033,n40_c15,no_replay,0.48,1.0,0.0,0.926829268292683,0.024390243902439025,0.01327652880158951,1.0,0.0,0.025,0.0,1.0
20270033,n40_c15,random_replay,0.12,0.683521713265913,0.7073170731707317,0.9512195121951219,0.03048780487804878,0.013299027906782949,1.0,0.0,0.03125,0.0,1.0
20270033,n40_c15,random_replay,0.24,0.8337299226650803,0.21951219512195122,0.9512195121951219,0.03048780487804878,0.013299027906782949,1.0,0.0,0.03125,0.0,1.0
20270033,n40_c15,random_replay,0.48,0.8429506246281976,0.1951219512195122,0.9512195121951219,0.03048780487804878,0.013299027906782949,1.0,0.0,0.03125,0.0,1.0
20270033,n40_c35,high_energy,0.12,0.6621058893515764,0.6341463414634146,0.9024390243902439,0.024390243902439025,0.010603050325570459,1.0,0.0,0.025,0.0,1.0
20270033,n40_c35,high_energy,0.24,0.8218322427126712,0.2926829268292683,0.9024390243902439,0.024390243902439025,0.010603050325570459,1.0,0.0,0.025,0.0,1.0
20270033,n40_c35,high_energy,0.48,0.8429506246281976,0.1951219512195122,0.9024390243902439,0.024390243902439025,0.010603050325570459,1.0,0.0,0.025,0.0,1.0
20270033,n40_c35,low_energy,0.12,0.6549672813801308,0.6585365853658537,0.8780487804878049,0.024390243902439025,0.010595339668381056,1.0,0.0,0.025,0.0,1.0
20270033,n40_c35,low_energy,0.24,0.8027959547888162,0.3048780487804878,0.8780487804878049,0.024390243902439025,0.010595339668381056,1.0,0.0,0.025,0.0,1.0
20270033,n40_c35,low_energy,0.48,0.8429506246281976,0.1951219512195122,0.8780487804878049,0.024390243902439025,0.010595339668381056,1.0,0.0,0.025,0.0,1.0
20270033,n40_c35,no_replay,0.12,0.7126710291493159,0.6951219512195121,0.9512195121951219,0.024390243902439025,0.010647339141878206,1.0,0.0,0.025,0.0,1.0
20270033,n40_c35,no_replay,0.24,0.9455681142177276,0.17073170731707318,0.9512195121951219,0.024390243902439025,0.010647339141878206,1.0,0.0,0.025,0.0,1.0
20270033,n40_c35,no_replay,0.48,1.0,0.0,0.9512195121951219,0.024390243902439025,0.010647339141878206,1.0,0.0,0.025,0.0,1.0
20270033,n40_c35,random_replay,0.12,0.6621058893515764,0.6341463414634146,0.9024390243902439,0.024390243902439025,0.010603050325570459,1.0,0.0,0.025,0.0,1.0
20270033,n40_c35,random_replay,0.24,0.8218322427126712,0.2804878048780488,0.9024390243902439,0.024390243902439025,0.010603050325570459,1.0,0.0,0.025,0.0,1.0
20270033,n40_c35,random_replay,0.48,0.8429506246281976,0.1951219512195122,0.9024390243902439,0.024390243902439025,0.010603050325570459,1.0,0.0,0.025,0.0,1.0
20270033,n40_c65,high_energy,0.12,0.5859607376561571,0.8658536585365854,0.926829268292683,0.024390243902439025,0.006345531289372385,1.0,0.0,0.025,0.0,0.975609756097561
20270033,n40_c65,high_energy,0.24,0.7519333729922665,0.43902439024390244,0.926829268292683,0.024390243902439025,0.006345531289372385,1.0,0.0,0.025,0.0,0.975609756097561
20270033,n40_c65,high_energy,0.48,0.9866151100535395,0.04878048780487805,0.926829268292683,0.024390243902439025,0.006345531289372385,1.0,0.0,0.025,0.0,0.975609756097561
20270033,n40_c65,low_energy,0.12,0.5814991076740035,0.8658536585365854,0.926829268292683,0.024390243902439025,0.006323998613390654,1.0,0.0,0.025,0.0,0.975609756097561
20270033,n40_c65,low_energy,0.24,0.7382510410469958,0.4268292682926829,0.926829268292683,0.024390243902439025,0.006323998613390654,1.0,0.0,0.025,0.0,0.975609756097561
20270033,n40_c65,low_energy,0.48,0.9654967281380131,0.036585365853658534,0.926829268292683,0.024390243902439025,0.006323998613390654,1.0,0.0,0.025,0.0,0.975609756097561
20270033,n40_c65,no_replay,0.12,0.5972635336109459,0.8902439024390244,0.926829268292683,0.024390243902439025,0.006562042353548989,1.0,0.0,0.025,0.0,0.975609756097561
20270033,n40_c65,no_replay,0.24,0.8072575847709698,0.5487804878048781,0.926829268292683,0.024390243902439025,0.006562042353548989,1.0,0.0,0.025,0.0,0.975609756097561
20270033,n40_c65,no_replay,0.48,0.9735276621058893,0.012195121951219513,0.926829268292683,0.024390243902439025,0.006562042353548989,1.0,0.0,0.025,0.0,0.975609756097561
20270033,n40_c65,random_replay,0.12,0.5859607376561571,0.7804878048780488,0.8536585365853658,0.024390243902439025,0.006345531289372387,1.0,0.0,0.025,0.0,0.975609756097561
20270033,n40_c65,random_replay,0.24,0.7519333729922665,0.36585365853658536,0.8536585365853658,0.024390243902439025,0.006345531289372387,1.0,0.0,0.025,0.0,0.975609756097561
20270033,n40_c65,random_replay,0.48,0.9866151100535395,0.024390243902439025,0.8536585365853658,0.024390243902439025,0.006345531289372387,1.0,0.0,0.025,0.0,0.975609756097561
20270034,n12_c15,high_energy,0.12,0.7248520710059172,0.7307692307692307,0.7692307692307693,0.6153846153846154,0.010178144794431911,1.0,1.0,0.5833333333333334,0.0,1.0
20270034,n12_c15,high_energy,0.24,0.7633136094674556,0.6153846153846154,0.7692307692307693,0.6153846153846154,0.010178144794431911,1.0,1.0,0.5833333333333334,0.0,1.0
20270034,n12_c15,high_energy,0.48,0.7633136094674556,0.6153846153846154,0.7692307692307693,0.6153846153846154,0.010178144794431911,1.0,1.0,0.5833333333333334,0.0,1.0
20270034,n12_c15,low_energy,0.12,0.7278106508875739,0.7307692307692307,0.8461538461538461,0.6153846153846154,0.0063472629074100995,1.0,0.0,0.6666666666666666,0.0,1.0
20270034,n12_c15,low_energy,0.24,0.7633136094674556,0.6153846153846154,0.8461538461538461,0.6153846153846154,0.0063472629074100995,1.0,0.0,0.6666666666666666,0.0,1.0
20270034,n12_c15,low_energy,0.48,0.7633136094674556,0.6153846153846154,0.8461538461538461,0.6153846153846154,0.0063472629074100995,1.0,0.0,0.6666666666666666,0.0,1.0
20270034,n12_c15,no_replay,0.12,0.7781065088757396,0.5,0.9230769230769231,0.5,0.007626854515812089,1.0,0.25,0.5208333333333334,0.0,1.0
20270034,n12_c15,no_replay,0.24,1.0,0.0,0.9230769230769231,0.5,0.007626854515812089,1.0,0.25,0.5208333333333334,0.0,1.0
20270034,n12_c15,no_replay,0.48,1.0,0.0,0.9230769230769231,0.5,0.007626854515812089,1.0,0.25,0.5208333333333334,0.0,1.0
20270034,n12_c15,random_replay,0.12,0.7248520710059172,0.7307692307692307,0.7692307692307693,0.6153846153846154,0.010178144794431913,1.0,1.0,0.5833333333333334,0.0,1.0
20270034,n12_c15,random_replay,0.24,0.7633136094674556,0.6153846153846154,0.7692307692307693,0.6153846153846154,0.010178144794431913,1.0,1.0,0.5833333333333334,0.0,1.0
20270034,n12_c15,random_replay,0.48,0.7633136094674556,0.6153846153846154,0.7692307692307693,0.6153846153846154,0.010178144794431913,1.0,1.0,0.5833333333333334,0.0,1.0
20270034,n12_c35,high_energy,0.12,0.7544378698224852,0.6923076923076923,1.0,0.25,0.008892631514512446,1.0,0.25,0.25,0.0,1.0
20270034,n12_c35,high_energy,0.24,0.7633136094674556,0.6153846153846154,1.0,0.25,0.008892631514512446,1.0,0.25,0.25,0.0,1.0
20270034,n12_c35,high_energy,0.48,0.7633136094674556,0.6153846153846154,1.0,0.25,0.008892631514512446,1.0,0.25,0.25,0.0,1.0
20270034,n12_c35,low_energy,0.12,0.7337278106508875,0.7692307692307693,0.9230769230769231,0.19230769230769232,0.009345974863955853,1.0,0.25,0.1875,0.0,1.0
20270034,n12_c35,low_energy,0.24,0.7573964497041421,0.6153846153846154,0.9230769230769231,0.19230769230769232,0.009345974863955853,1.0,0.25,0.1875,0.0,1.0
20270034,n12_c35,low_energy,0.48,0.7633136094674556,0.6153846153846154,0.9230769230769231,0.19230769230769232,0.009345974863955853,1.0,0.25,0.1875,0.0,1.0
20270034,n12_c35,no_replay,0.12,0.8668639053254437,0.6153846153846154,1.0,0.09615384615384616,0.010323861597434886,1.0,0.25,0.08333333333333333,0.0,1.0
20270034,n12_c35,no_replay,0.24,1.0,0.0,1.0,0.09615384615384616,0.010323861597434886,1.0,0.25,0.08333333333333333,0.0,1.0
20270034,n12_c35,no_replay,0.48,1.0,0.0,1.0,0.09615384615384616,0.010323861597434886,1.0,0.25,0.08333333333333333,0.0,1.0
20270034,n12_c35,random_replay,0.12,0.7337278106508875,0.7692307692307693,0.9230769230769231,0.19230769230769232,0.009345974863955853,1.0,0.25,0.1875,0.0,1.0
20270034,n12_c35,random_replay,0.24,0.7573964497041421,0.6153846153846154,0.9230769230769231,0.19230769230769232,0.009345974863955853,1.0,0.25,0.1875,0.0,1.0
20270034,n12_c35,random_replay,0.48,0.7633136094674556,0.6153846153846154,0.9230769230769231,0.19230769230769232,0.009345974863955853,1.0,0.25,0.1875,0.0,1.0
20270034,n12_c65,high_energy,0.12,0.6893491124260355,0.6538461538461539,0.8461538461538461,0.07692307692307693,0.006915854301960049,1.0,0.0,0.08333333333333333,0.0,1.0
20270034,n12_c65,high_energy,0.24,0.7278106508875739,0.6153846153846154,0.8461538461538461,0.07692307692307693,0.006915854301960049,1.0,0.0,0.08333333333333333,0.0,1.0
20270034,n12_c65,high_energy,0.48,1.0,0.0,0.8461538461538461,0.07692307692307693,0.006915854301960049,1.0,0.0,0.08333333333333333,0.0,1.0
20270034,n12_c65,low_energy,0.12,0.7071005917159763,0.6538461538461539,0.9230769230769231,0.07692307692307693,0.006865742840094411,1.0,0.0,0.08333333333333333,0.0,0.9230769230769231
20270034,n12_c65,low_energy,0.24,0.7396449704142012,0.6153846153846154,0.9230769230769231,0.07692307692307693,0.006865742840094411,1.0,0.0,0.08333333333333333,0.0,0.9230769230769231
20270034,n12_c65,low_energy,0.48,0.9289940828402368,0.0,0.9230769230769231,0.07692307692307693,0.006865742840094411,1.0,0.0,0.08333333333333333,0.0,0.9230769230769231
20270034,n12_c65,no_replay,0.12,0.7130177514792899,0.6538461538461539,0.8461538461538461,0.07692307692307693,0.0074499681067590195,1.0,0.0,0.08333333333333333,0.0,0.9230769230769231
20270034,n12_c65,no_replay,0.24,0.9053254437869822,0.15384615384615385,0.8461538461538461,0.07692307692307693,0.0074499681067590195,1.0,0.0,0.08333333333333333,0.0,0.9230769230769231
20270034,n12_c65,no_replay,0.48,1.0,0.0,0.8461538461538461,0.07692307692307693,0.0074499681067590195,1.0,0.0,0.08333333333333333,0.0,0.9230769230769231
20270034,n12_c65,random_replay,0.12,0.7071005917159763,0.7692307692307693,0.9230769230769231,0.07692307692307693,0.006865742840094411,1.0,0.0,0.08333333333333333,0.0,0.9230769230769231
20270034,n12_c65,random_replay,0.24,0.7396449704142012,0.6153846153846154,0.9230769230769231,0.07692307692307693,0.006865742840094411,1.0,0.0,0.08333333333333333,0.0,0.9230769230769231
20270034,n12_c65,random_replay,0.48,0.9289940828402368,0.0,0.9230769230769231,0.07692307692307693,0.006865742840094411,1.0,0.0,0.08333333333333333,0.0,0.9230769230769231
20270034,n24_c15,high_energy,0.12,0.6912,0.66,0.96,0.2,0.011248001138923847,1.0,0.0,0.20833333333333334,0.0,1.0
20270034,n24_c15,high_energy,0.24,0.7816,0.32,0.96,0.2,0.011248001138923847,1.0,0.0,0.20833333333333334,0.0,1.0
20270034,n24_c15,high_energy,0.48,0.7824,0.32,0.96,0.2,0.011248001138923847,1.0,0.0,0.20833333333333334,0.0,1.0
20270034,n24_c15,low_energy,0.12,0.6936,0.66,0.96,0.18,0.01143537628386416,1.0,0.0,0.1875,0.0,1.0
20270034,n24_c15,low_energy,0.24,0.7816,0.32,0.96,0.18,0.01143537628386416,1.0,0.0,0.1875,0.0,1.0
20270034,n24_c15,low_energy,0.48,0.7824,0.32,0.96,0.18,0.01143537628386416,1.0,0.0,0.1875,0.0,1.0
20270034,n24_c15,no_replay,0.12,0.7864,0.72,1.0,0.04,0.013123562317874498,1.0,0.0,0.041666666666666664,0.0,1.0
20270034,n24_c15,no_replay,0.24,0.9863999999999999,0.06,1.0,0.04,0.013123562317874498,1.0,0.0,0.041666666666666664,0.0,1.0
20270034,n24_c15,no_replay,0.48,1.0,0.0,1.0,0.04,0.013123562317874498,1.0,0.0,0.041666666666666664,0.0,1.0
20270034,n24_c15,random_replay,0.12,0.6936,0.66,0.96,0.18,0.01143537628386416,1.0,0.0,0.1875,0.0,1.0
20270034,n24_c15,random_replay,0.24,0.7816,0.32,0.96,0.18,0.01143537628386416,1.0,0.0,0.1875,0.0,1.0
20270034,n24_c15,random_replay,0.48,0.7824,0.32,0.96,0.18,0.01143537628386416,1.0,0.0,0.1875,0.0,1.0
20270034,n24_c35,high_energy,0.12,0.6784,0.4,0.6,0.04,0.01058813037000988,1.0,0.0,0.041666666666666664,0.0,1.0
20270034,n24_c35,high_energy,0.24,0.7816,0.32,0.6,0.04,0.01058813037000988,1.0,0.0,0.041666666666666664,0.0,1.0
20270034,n24_c35,high_energy,0.48,0.7824,0.32,0.6,0.04,0.01058813037000988,1.0,0.0,0.041666666666666664,0.0,1.0
20270034,n24_c35,low_energy,0.12,0.6728000000000001,0.4,0.68,0.04,0.010570940232501982,1.0,0.0,0.041666666666666664,0.0,1.0
20270034,n24_c35,low_energy,0.24,0.7704,0.32,0.68,0.04,0.010570940232501982,1.0,0.0,0.041666666666666664,0.0,1.0
20270034,n24_c35,low_energy,0.48,0.7824,0.32,0.68,0.04,0.010570940232501982,1.0,0.0,0.041666666666666664,0.0,1.0
20270034,n24_c35,no_replay,0.12,0.7223999999999999,0.22,0.52,0.04,0.010806162377500095,1.0,0.0,0.041666666666666664,0.0,1.0
20270034,n24_c35,no_replay,0.24,0.9832,0.0,0.52,0.04,0.010806162377500095,1.0,0.0,0.041666666666666664,0.0,1.0
20270034,n24_c35,no_replay,0.48,1.0,0.0,0.52,0.04,0.010806162377500095,1.0,0.0,0.041666666666666664,0.0,1.0
20270034,n24_c35,random_replay,0.12,0.6784,0.4,0.6,0.04,0.010588130370009883,1.0,0.0,0.041666666666666664,0.0,1.0
20270034,n24_c35,random_replay,0.24,0.7816,0.32,0.6,0.04,0.010588130370009883,1.0,0.0,0.041666666666666664,0.0,1.0
20270034,n24_c35,random_replay,0.48,0.7824,0.32,0.6,0.04,0.010588130370009883,1.0,0.0,0.041666666666666664,0.0,1.0
20270034,n24_c65,high_energy,0.12,0.596,0.64,0.76,0.04,0.006436578941578205,1.0,0.0,0.041666666666666664,0.0,0.96
20270034,n24_c65,high_energy,0.24,0.72,0.44,0.76,0.04,0.006436578941578205,1.0,0.0,0.041666666666666664,0.0,0.96
20270034,n24_c65,high_energy,0.48,0.988,0.02,0.76,0.04,0.006436578941578205,1.0,0.0,0.041666666666666664,0.0,0.96
20270034,n24_c65,low_energy,0.12,0.5824,0.7,0.8,0.04,0.0064023546203387325,1.0,0.0,0.041666666666666664,0.0,0.96
20270034,n24_c65,low_energy,0.24,0.6832,0.5,0.8,0.04,0.0064023546203387325,1.0,0.0,0.041666666666666664,0.0,0.96
20270034,n24_c65,low_energy,0.48,0.9527999999999999,0.02,0.8,0.04,0.0064023546203387325,1.0,0.0,0.041666666666666664,0.0,0.96
20270034,n24_c65,no_replay,0.12,0.608,0.64,0.76,0.04,0.006888036662159689,1.0,0.0,0.041666666666666664,0.0,0.96
20270034,n24_c65,no_replay,0.24,0.7888000000000001,0.34,0.76,0.04,0.006888036662159689,1.0,0.0,0.041666666666666664,0.0,0.96
20270034,n24_c65,no_replay,0.48,0.9672,0.0,0.76,0.04,0.006888036662159689,1.0,0.0,0.041666666666666664,0.0,0.96
20270034,n24_c65,random_replay,0.12,0.596,0.56,0.76,0.04,0.006436578941578205,1.0,0.0,0.041666666666666664,0.0,0.96
20270034,n24_c65,random_replay,0.24,0.72,0.38,0.76,0.04,0.006436578941578205,1.0,0.0,0.041666666666666664,0.0,0.96
20270034,n24_c65,random_replay,0.48,0.988,0.02,0.76,0.04,0.006436578941578205,1.0,0.0,0.041666666666666664,0.0,0.96
20270034,n40_c15,high_energy,0.12,0.6796549672813802,0.6707317073170732,0.9024390243902439,0.036585365853658534,0.013212434906692699,1.0,0.0,0.0375,0.0,1.0
20270034,n40_c15,high_energy,0.24,0.8361094586555621,0.21951219512195122,0.9024390243902439,0.036585365853658534,0.013212434906692699,1.0,0.0,0.0375,0.0,1.0
20270034,n40_c15,high_energy,0.48,0.8429506246281976,0.1951219512195122,0.9024390243902439,0.036585365853658534,0.013212434906692699,1.0,0.0,0.0375,0.0,1.0
20270034,n40_c15,low_energy,0.12,0.6769779892920881,0.6951219512195121,0.9512195121951219,0.03048780487804878,0.013287710584520369,1.0,0.0,0.03125,0.0,1.0
20270034,n40_c15,low_energy,0.24,0.8355145746579417,0.21951219512195122,0.9512195121951219,0.03048780487804878,0.013287710584520369,1.0,0.0,0.03125,0.0,1.0
20270034,n40_c15,low_energy,0.48,0.8429506246281976,0.1951219512195122,0.9512195121951219,0.03048780487804878,0.013287710584520369,1.0,0.0,0.03125,0.0,1.0
20270034,n40_c15,no_replay,0.12,0.7418203450327187,0.6707317073170732,0.926829268292683,0.024390243902439025,0.013263296578619466,1.0,0.0,0.025,0.0,1.0
20270034,n40_c15,no_replay,0.24,0.9901844140392624,0.036585365853658534,0.926829268292683,0.024390243902439025,0.013263296578619466,1.0,0.0,0.025,0.0,1.0
20270034,n40_c15,no_replay,0.48,1.0,0.0,0.926829268292683,0.024390243902439025,0.013263296578619466,1.0,0.0,0.025,0.0,1.0
20270034,n40_c15,random_replay,0.12,0.6769779892920881,0.6951219512195121,0.9512195121951219,0.03048780487804878,0.013287710584520369,1.0,0.0,0.03125,0.0,1.0
20270034,n40_c15,random_replay,0.24,0.8355145746579417,0.21951219512195122,0.9512195121951219,0.03048780487804878,0.013287710584520369,1.0,0.0,0.03125,0.0,1.0
20270034,n40_c15,random_replay,0.48,0.8429506246281976,0.1951219512195122,0.9512195121951219,0.03048780487804878,0.013287710584520369,1.0,0.0,0.03125,0.0,1.0
20270034,n40_c35,high_energy,0.12,0.6624033313503868,0.8292682926829268,0.926829268292683,0.024390243902439025,0.010523024339897878,1.0,0.0,0.025,0.0,1.0
20270034,n40_c35,high_energy,0.24,0.8271861986912552,0.2804878048780488,0.926829268292683,0.024390243902439025,0.010523024339897878,1.0,0.0,0.025,0.0,1.0
20270034,n40_c35,high_energy,0.48,0.8429506246281976,0.1951219512195122,0.926829268292683,0.024390243902439025,0.010523024339897878,1.0,0.0,0.025,0.0,1.0
20270034,n40_c35,low_energy,0.12,0.6528851873884592,0.8414634146341463,0.926829268292683,0.024390243902439025,0.010505430951768459,1.0,0.0,0.025,0.0,1.0
20270034,n40_c35,low_energy,0.24,0.8099345627602618,0.2926829268292683,0.926829268292683,0.024390243902439025,0.010505430951768459,1.0,0.0,0.025,0.0,1.0
20270034,n40_c35,low_energy,0.48,0.8429506246281976,0.1951219512195122,0.926829268292683,0.024390243902439025,0.010505430951768459,1.0,0.0,0.025,0.0,1.0
20270034,n40_c35,no_replay,0.12,0.720404521118382,0.8170731707317073,0.9024390243902439,0.024390243902439025,0.010617538369596311,1.0,0.0,0.025,0.0,1.0
20270034,n40_c35,no_replay,0.24,0.9681737061273052,0.10975609756097561,0.9024390243902439,0.024390243902439025,0.010617538369596311,1.0,0.0,0.025,0.0,1.0
20270034,n40_c35,no_replay,0.48,1.0,0.0,0.9024390243902439,0.024390243902439025,0.010617538369596311,1.0,0.0,0.025,0.0,1.0
20270034,n40_c35,random_replay,0.12,0.6624033313503868,0.8292682926829268,0.926829268292683,0.024390243902439025,0.010523024339897878,1.0,0.0,0.025,0.0,1.0
20270034,n40_c35,random_replay,0.24,0.8271861986912552,0.2804878048780488,0.926829268292683,0.024390243902439025,0.010523024339897878,1.0,0.0,0.025,0.0,1.0
20270034,n40_c35,random_replay,0.48,0.8429506246281976,0.1951219512195122,0.926829268292683,0.024390243902439025,0.010523024339897878,1.0,0.0,0.025,0.0,1.0
20270034,n40_c65,high_energy,0.12,0.5981558596073766,0.7926829268292683,0.9024390243902439,0.024390243902439025,0.006264692162525833,1.0,0.0,0.025,0.0,0.975609756097561
20270034,n40_c65,high_energy,0.24,0.7766210588935158,0.5365853658536586,0.9024390243902439,0.024390243902439025,0.006264692162525833,1.0,0.0,0.025,0.0,0.975609756097561
20270034,n40_c65,high_energy,0.48,0.9949434860202261,0.024390243902439025,0.9024390243902439,0.024390243902439025,0.006264692162525833,1.0,0.0,0.025,0.0,0.975609756097561
20270034,n40_c65,low_energy,0.12,0.5895300416418798,0.7926829268292683,0.9024390243902439,0.024390243902439025,0.006246604928523643,1.0,0.0,0.025,0.0,0.975609756097561
20270034,n40_c65,low_energy,0.24,0.7560975609756098,0.5609756097560976,0.9024390243902439,0.024390243902439025,0.006246604928523643,1.0,0.0,0.025,0.0,0.975609756097561
20270034,n40_c65,low_energy,0.48,0.97441998810232,0.012195121951219513,0.9024390243902439,0.024390243902439025,0.006246604928523643,1.0,0.0,0.025,0.0,0.975609756097561
20270034,n40_c65,no_replay,0.12,0.6038072575847709,0.8170731707317073,0.926829268292683,0.024390243902439025,0.006597822743643113,1.0,0.0,0.025,0.0,0.975609756097561
20270034,n40_c65,no_replay,0.24,0.8221296847114813,0.573170731707317,0.926829268292683,0.024390243902439025,0.006597822743643113,1.0,0.0,0.025,0.0,0.975609756097561
20270034,n40_c65,no_replay,0.48,0.9762046400951814,0.0,0.926829268292683,0.024390243902439025,0.006597822743643113,1.0,0.0,0.025,0.0,0.975609756097561
20270034,n40_c65,random_replay,0.12,0.5895300416418798,0.8292682926829268,0.926829268292683,0.024390243902439025,0.006246604928523643,1.0,0.0,0.025,0.0,0.975609756097561
20270034,n40_c65,random_replay,0.24,0.7560975609756098,0.5609756097560976,0.926829268292683,0.024390243902439025,0.006246604928523643,1.0,0.0,0.025,0.0,0.975609756097561
20270034,n40_c65,random_replay,0.48,0.97441998810232,0.024390243902439025,0.926829268292683,0.024390243902439025,0.006246604928523643,1.0,0.0,0.025,0.0,0.975609756097561
20270035,n12_c15,high_energy,0.12,0.7218934911242604,0.7307692307692307,0.9230769230769231,0.5576923076923077,0.012017993196272883,1.0,0.25,0.5833333333333334,0.0,1.0
20270035,n12_c15,high_energy,0.24,0.7633136094674556,0.6153846153846154,0.9230769230769231,0.5576923076923077,0.012017993196272883,1.0,0.25,0.5833333333333334,0.0,1.0
20270035,n12_c15,high_energy,0.48,0.7633136094674556,0.6153846153846154,0.9230769230769231,0.5576923076923077,0.012017993196272883,1.0,0.25,0.5833333333333334,0.0,1.0
20270035,n12_c15,low_energy,0.12,0.7248520710059172,0.7692307692307693,0.9230769230769231,0.5961538461538461,0.006804837224439997,1.0,0.0,0.6458333333333334,0.0,1.0
20270035,n12_c15,low_energy,0.24,0.7633136094674556,0.6153846153846154,0.9230769230769231,0.5961538461538461,0.006804837224439997,1.0,0.0,0.6458333333333334,0.0,1.0
20270035,n12_c15,low_energy,0.48,0.7633136094674556,0.6153846153846154,0.9230769230769231,0.5961538461538461,0.006804837224439997,1.0,0.0,0.6458333333333334,0.0,1.0
20270035,n12_c15,no_replay,0.12,0.7100591715976332,0.5769230769230769,0.8461538461538461,0.5576923076923077,0.007303512940632367,1.0,0.25,0.5833333333333334,0.0,1.0
20270035,n12_c15,no_replay,0.24,0.9970414201183432,0.0,0.8461538461538461,0.5576923076923077,0.007303512940632367,1.0,0.25,0.5833333333333334,0.0,1.0
20270035,n12_c15,no_replay,0.48,1.0,0.0,0.8461538461538461,0.5576923076923077,0.007303512940632367,1.0,0.25,0.5833333333333334,0.0,1.0
20270035,n12_c15,random_replay,0.12,0.7218934911242604,0.7307692307692307,0.9230769230769231,0.5576923076923077,0.012017993196272883,1.0,0.25,0.5833333333333334,0.0,1.0
20270035,n12_c15,random_replay,0.24,0.7633136094674556,0.6153846153846154,0.9230769230769231,0.5576923076923077,0.012017993196272883,1.0,0.25,0.5833333333333334,0.0,1.0
20270035,n12_c15,random_replay,0.48,0.7633136094674556,0.6153846153846154,0.9230769230769231,0.5576923076923077,0.012017993196272883,1.0,0.25,0.5833333333333334,0.0,1.0
20270035,n12_c35,high_energy,0.12,0.7396449704142012,0.6923076923076923,0.9230769230769231,0.23076923076923078,0.009014759944070368,1.0,0.25,0.22916666666666666,0.0,1.0
20270035,n12_c35,high_energy,0.24,0.7633136094674556,0.6153846153846154,0.9230769230769231,0.23076923076923078,0.009014759944070368,1.0,0.25,0.22916666666666666,0.0,1.0
20270035,n12_c35,high_energy,0.48,0.7633136094674556,0.6153846153846154,0.9230769230769231,0.23076923076923078,0.009014759944070368,1.0,0.25,0.22916666666666666,0.0,1.0
20270035,n12_c35,low_energy,0.12,0.727810650887574,0.8846153846153846,0.9230769230769231,0.11538461538461539,0.01023316104117321,1.0,0.0,0.125,0.0,1.0
20270035,n12_c35,low_energy,0.24,0.7633136094674556,0.6153846153846154,0.9230769230769231,0.11538461538461539,0.01023316104117321,1.0,0.0,0.125,0.0,1.0
20270035,n12_c35,low_energy,0.48,0.7633136094674556,0.6153846153846154,0.9230769230769231,0.11538461538461539,0.01023316104117321,1.0,0.0,0.125,0.0,1.0
20270035,n12_c35,no_replay,0.12,0.7928994082840236,0.7307692307692307,0.9230769230769231,0.11538461538461539,0.010502272022312234,1.0,0.0,0.125,0.0,1.0
20270035,n12_c35,no_replay,0.24,0.9763313609467456,0.038461538461538464,0.9230769230769231,0.11538461538461539,0.010502272022312234,1.0,0.0,0.125,0.0,1.0
20270035,n12_c35,no_replay,0.48,1.0,0.0,0.9230769230769231,0.11538461538461539,0.010502272022312234,1.0,0.0,0.125,0.0,1.0
20270035,n12_c35,random_replay,0.12,0.727810650887574,0.6923076923076923,0.9230769230769231,0.11538461538461539,0.01023316104117321,1.0,0.0,0.125,0.0,1.0
20270035,n12_c35,random_replay,0.24,0.7633136094674556,0.6153846153846154,0.9230769230769231,0.11538461538461539,0.01023316104117321,1.0,0.0,0.125,0.0,1.0
20270035,n12_c35,random_replay,0.48,0.7633136094674556,0.6153846153846154,0.9230769230769231,0.11538461538461539,0.01023316104117321,1.0,0.0,0.125,0.0,1.0
20270035,n12_c65,high_energy,0.12,0.6715976331360947,0.8461538461538461,1.0,0.07692307692307693,0.006868655430887911,1.0,0.0,0.08333333333333333,0.0,1.0
20270035,n12_c65,high_energy,0.24,0.7485207100591715,0.6538461538461539,1.0,0.07692307692307693,0.006868655430887911,1.0,0.0,0.08333333333333333,0.0,1.0
20270035,n12_c65,high_energy,0.48,1.0,0.038461538461538464,1.0,0.07692307692307693,0.006868655430887911,1.0,0.0,0.08333333333333333,0.0,1.0
20270035,n12_c65,low_energy,0.12,0.6982248520710059,0.8846153846153846,0.9230769230769231,0.07692307692307693,0.006817497949659198,1.0,0.0,0.08333333333333333,0.0,0.9230769230769231
20270035,n12_c65,low_energy,0.24,0.7366863905325445,0.6923076923076923,0.9230769230769231,0.07692307692307693,0.006817497949659198,1.0,0.0,0.08333333333333333,0.0,0.9230769230769231
20270035,n12_c65,low_energy,0.48,0.9289940828402368,0.11538461538461539,0.9230769230769231,0.07692307692307693,0.006817497949659198,1.0,0.0,0.08333333333333333,0.0,0.9230769230769231
20270035,n12_c65,no_replay,0.12,0.7011834319526626,0.9230769230769231,0.9230769230769231,0.07692307692307693,0.007127955323996382,1.0,0.0,0.08333333333333333,0.0,0.9230769230769231
20270035,n12_c65,no_replay,0.24,0.911242603550296,0.5384615384615384,0.9230769230769231,0.07692307692307693,0.007127955323996382,1.0,0.0,0.08333333333333333,0.0,0.9230769230769231
20270035,n12_c65,no_replay,0.48,0.985207100591716,0.0,0.9230769230769231,0.07692307692307693,0.007127955323996382,1.0,0.0,0.08333333333333333,0.0,0.9230769230769231
20270035,n12_c65,random_replay,0.12,0.6715976331360947,0.8461538461538461,1.0,0.07692307692307693,0.006868655430887911,1.0,0.0,0.08333333333333333,0.0,1.0
20270035,n12_c65,random_replay,0.24,0.7485207100591715,0.6538461538461539,1.0,0.07692307692307693,0.006868655430887911,1.0,0.0,0.08333333333333333,0.0,1.0
20270035,n12_c65,random_replay,0.48,1.0,0.038461538461538464,1.0,0.07692307692307693,0.006868655430887911,1.0,0.0,0.08333333333333333,0.0,1.0
20270035,n24_c15,high_energy,0.12,0.7008,0.7,0.96,0.18,0.011242623131833683,1.0,0.25,0.17708333333333334,0.0,1.0
20270035,n24_c15,high_energy,0.24,0.7816,0.32,0.96,0.18,0.011242623131833683,1.0,0.25,0.17708333333333334,0.0,1.0
20270035,n24_c15,high_energy,0.48,0.7824,0.32,0.96,0.18,0.011242623131833683,1.0,0.25,0.17708333333333334,0.0,1.0
20270035,n24_c15,low_energy,0.12,0.6983999999999999,0.72,0.96,0.16,0.01148829394708146,1.0,0.0,0.16666666666666666,0.0,1.0
20270035,n24_c15,low_energy,0.24,0.7824,0.32,0.96,0.16,0.01148829394708146,1.0,0.0,0.16666666666666666,0.0,1.0
20270035,n24_c15,low_energy,0.48,0.7824,0.32,0.96,0.16,0.01148829394708146,1.0,0.0,0.16666666666666666,0.0,1.0
20270035,n24_c15,no_replay,0.12,0.812,0.72,1.0,0.05,0.01297923897324858,1.0,0.0,0.052083333333333336,0.0,1.0
20270035,n24_c15,no_replay,0.24,1.0,0.02,1.0,0.05,0.01297923897324858,1.0,0.0,0.052083333333333336,0.0,1.0
20270035,n24_c15,no_replay,0.48,1.0,0.0,1.0,0.05,0.01297923897324858,1.0,0.0,0.052083333333333336,0.0,1.0
20270035,n24_c15,random_replay,0.12,0.6983999999999999,0.72,0.96,0.16,0.01148829394708146,1.0,0.0,0.16666666666666666,0.0,1.0
20270035,n24_c15,random_replay,0.24,0.7824,0.32,0.96,0.16,0.01148829394708146,1.0,0.0,0.16666666666666666,0.0,1.0
20270035,n24_c15,random_replay,0.48,0.7824,0.32,0.96,0.16,0.01148829394708146,1.0,0.0,0.16666666666666666,0.0,1.0
20270035,n24_c35,high_energy,0.12,0.6728000000000001,0.44,0.76,0.04,0.01069569969310829,1.0,0.0,0.041666666666666664,0.0,1.0
20270035,n24_c35,high_energy,0.24,0.7752,0.32,0.76,0.04,0.01069569969310829,1.0,0.0,0.041666666666666664,0.0,1.0
20270035,n24_c35,high_energy,0.48,0.7824,0.32,0.76,0.04,0.01069569969310829,1.0,0.0,0.041666666666666664,0.0,1.0
20270035,n24_c35,low_energy,0.12,0.6592,0.58,0.8,0.04,0.010653491604298133,1.0,0.0,0.041666666666666664,0.0,1.0
20270035,n24_c35,low_energy,0.24,0.7616,0.34,0.8,0.04,0.010653491604298133,1.0,0.0,0.041666666666666664,0.0,1.0
20270035,n24_c35,low_energy,0.48,0.7824,0.32,0.8,0.04,0.010653491604298133,1.0,0.0,0.041666666666666664,0.0,1.0
20270035,n24_c35,no_replay,0.12,0.7544000000000001,0.44,0.8,0.04,0.0107442962738987,1.0,0.0,0.041666666666666664,0.0,1.0
20270035,n24_c35,no_replay,0.24,0.984,0.02,0.8,0.04,0.0107442962738987,1.0,0.0,0.041666666666666664,0.0,1.0
20270035,n24_c35,no_replay,0.48,1.0,0.0,0.8,0.04,0.0107442962738987,1.0,0.0,0.041666666666666664,0.0,1.0
20270035,n24_c35,random_replay,0.12,0.6728000000000001,0.46,0.76,0.04,0.01069569969310829,1.0,0.0,0.041666666666666664,0.0,1.0
20270035,n24_c35,random_replay,0.24,0.7752,0.34,0.76,0.04,0.01069569969310829,1.0,0.0,0.041666666666666664,0.0,1.0
20270035,n24_c35,random_replay,0.48,0.7824,0.32,0.76,0.04,0.01069569969310829,1.0,0.0,0.041666666666666664,0.0,1.0
20270035,n24_c65,high_energy,0.12,0.592,0.78,0.88,0.04,0.006471735508329905,1.0,0.0,0.041666666666666664,0.0,0.96
20270035,n24_c65,high_energy,0.24,0.732,0.44,0.88,0.04,0.006471735508329905,1.0,0.0,0.041666666666666664,0.0,0.96
20270035,n24_c65,high_energy,0.48,0.9776,0.08,0.88,0.04,0.006471735508329905,1.0,0.0,0.041666666666666664,0.0,0.96
20270035,n24_c65,low_energy,0.12,0.5784,0.8,0.88,0.04,0.006439659771682187,1.0,0.0,0.041666666666666664,0.0,0.96
20270035,n24_c65,low_energy,0.24,0.7016,0.52,0.88,0.04,0.006439659771682187,1.0,0.0,0.041666666666666664,0.0,0.96
20270035,n24_c65,low_energy,0.48,0.9423999999999999,0.08,0.88,0.04,0.006439659771682187,1.0,0.0,0.041666666666666664,0.0,0.96
20270035,n24_c65,no_replay,0.12,0.5952,0.82,0.92,0.04,0.006795747486007353,1.0,0.0,0.041666666666666664,0.0,0.96
20270035,n24_c65,no_replay,0.24,0.812,0.48,0.92,0.04,0.006795747486007353,1.0,0.0,0.041666666666666664,0.0,0.96
20270035,n24_c65,no_replay,0.48,0.964,0.0,0.92,0.04,0.006795747486007353,1.0,0.0,0.041666666666666664,0.0,0.96
20270035,n24_c65,random_replay,0.12,0.5784,0.84,0.92,0.04,0.006439659771682187,1.0,0.0,0.041666666666666664,0.0,0.96
20270035,n24_c65,random_replay,0.24,0.7016,0.54,0.92,0.04,0.006439659771682187,1.0,0.0,0.041666666666666664,0.0,0.96
20270035,n24_c65,random_replay,0.48,0.9423999999999999,0.08,0.92,0.04,0.006439659771682187,1.0,0.0,0.041666666666666664,0.0,0.96
20270035,n40_c15,high_energy,0.12,0.6915526472337894,0.5975609756097561,0.8536585365853658,0.03048780487804878,0.01324996320782354,1.0,0.0,0.03125,0.0,1.0
20270035,n40_c15,high_energy,0.24,0.8361094586555622,0.2073170731707317,0.8536585365853658,0.03048780487804878,0.01324996320782354,1.0,0.0,0.03125,0.0,1.0
20270035,n40_c15,high_energy,0.48,0.8429506246281976,0.1951219512195122,0.8536585365853658,0.03048780487804878,0.01324996320782354,1.0,0.0,0.03125,0.0,1.0
20270035,n40_c15,low_energy,0.12,0.6891731112433076,0.6097560975609756,0.9024390243902439,0.03048780487804878,0.013259619395398388,1.0,0.0,0.03125,0.0,1.0
20270035,n40_c15,low_energy,0.24,0.8361094586555622,0.2073170731707317,0.9024390243902439,0.03048780487804878,0.013259619395398388,1.0,0.0,0.03125,0.0,1.0
20270035,n40_c15,low_energy,0.48,0.8429506246281976,0.1951219512195122,0.9024390243902439,0.03048780487804878,0.013259619395398388,1.0,0.0,0.03125,0.0,1.0
20270035,n40_c15,no_replay,0.12,0.7659131469363475,0.45121951219512196,0.8292682926829268,0.024390243902439025,0.013349939976627406,1.0,0.0,0.025,0.0,1.0
20270035,n40_c15,no_replay,0.24,0.9857227840571089,0.012195121951219513,0.8292682926829268,0.024390243902439025,0.013349939976627406,1.0,0.0,0.025,0.0,1.0
20270035,n40_c15,no_replay,0.48,1.0,0.0,0.8292682926829268,0.024390243902439025,0.013349939976627406,1.0,0.0,0.025,0.0,1.0
20270035,n40_c15,random_replay,0.12,0.6915526472337894,0.5975609756097561,0.8780487804878049,0.03048780487804878,0.01324996320782354,1.0,0.0,0.03125,0.0,1.0
20270035,n40_c15,random_replay,0.24,0.8361094586555622,0.2073170731707317,0.8780487804878049,0.03048780487804878,0.01324996320782354,1.0,0.0,0.03125,0.0,1.0
20270035,n40_c15,random_replay,0.48,0.8429506246281976,0.1951219512195122,0.8780487804878049,0.03048780487804878,0.01324996320782354,1.0,0.0,0.03125,0.0,1.0
20270035,n40_c35,high_energy,0.12,0.6451516954193932,0.6097560975609756,0.8292682926829268,0.024390243902439025,0.010479168460644662,1.0,0.0,0.025,0.0,1.0
20270035,n40_c35,high_energy,0.24,0.8155859607376561,0.2682926829268293,0.8292682926829268,0.024390243902439025,0.010479168460644662,1.0,0.0,0.025,0.0,1.0
20270035,n40_c35,high_energy,0.48,0.8429506246281976,0.1951219512195122,0.8292682926829268,0.024390243902439025,0.010479168460644662,1.0,0.0,0.025,0.0,1.0
20270035,n40_c35,low_energy,0.12,0.64098750743605,0.6341463414634146,0.8536585365853658,0.024390243902439025,0.010471163507962,1.0,0.0,0.025,0.0,1.0
20270035,n40_c35,low_energy,0.24,0.8007138607971446,0.2804878048780488,0.8536585365853658,0.024390243902439025,0.010471163507962,1.0,0.0,0.025,0.0,1.0
20270035,n40_c35,low_energy,0.48,0.8429506246281976,0.1951219512195122,0.8536585365853658,0.024390243902439025,0.010471163507962,1.0,0.0,0.025,0.0,1.0
20270035,n40_c35,no_replay,0.12,0.6894705532421177,0.6097560975609756,0.8536585365853658,0.024390243902439025,0.010696346730668868,1.0,0.0,0.025,0.0,1.0
20270035,n40_c35,no_replay,0.24,0.942296252230815,0.0975609756097561,0.8536585365853658,0.024390243902439025,0.010696346730668868,1.0,0.0,0.025,0.0,1.0
20270035,n40_c35,no_replay,0.48,1.0,0.0,0.8536585365853658,0.024390243902439025,0.010696346730668868,1.0,0.0,0.025,0.0,1.0
20270035,n40_c35,random_replay,0.12,0.64098750743605,0.6341463414634146,0.8536585365853658,0.024390243902439025,0.010471163507962,1.0,0.0,0.025,0.0,1.0
20270035,n40_c35,random_replay,0.24,0.8007138607971446,0.3048780487804878,0.8536585365853658,0.024390243902439025,0.010471163507962,1.0,0.0,0.025,0.0,1.0
20270035,n40_c35,random_replay,0.48,0.8429506246281976,0.1951219512195122,0.8536585365853658,0.024390243902439025,0.010471163507962,1.0,0.0,0.025,0.0,1.0
20270035,n40_c65,high_energy,0.12,0.5948839976204641,0.7073170731707317,0.9024390243902439,0.024390243902439025,0.0063652923815078095,1.0,0.0,0.025,0.0,0.975609756097561
20270035,n40_c65,high_energy,0.24,0.7334919690660321,0.43902439024390244,0.9024390243902439,0.024390243902439025,0.0063652923815078095,1.0,0.0,0.025,0.0,0.975609756097561
20270035,n40_c65,high_energy,0.48,0.992266508030934,0.012195121951219513,0.9024390243902439,0.024390243902439025,0.0063652923815078095,1.0,0.0,0.025,0.0,0.975609756097561
20270035,n40_c65,low_energy,0.12,0.5928019036287924,0.7195121951219512,0.926829268292683,0.024390243902439025,0.006319003131914324,1.0,0.0,0.025,0.0,0.975609756097561
20270035,n40_c65,low_energy,0.24,0.7215942891136229,0.4634146341463415,0.926829268292683,0.024390243902439025,0.006319003131914324,1.0,0.0,0.025,0.0,0.975609756097561
20270035,n40_c65,low_energy,0.48,0.9735276621058893,0.012195121951219513,0.926829268292683,0.024390243902439025,0.006319003131914324,1.0,0.0,0.025,0.0,0.975609756097561
20270035,n40_c65,no_replay,0.12,0.6041046995835813,0.8170731707317073,0.926829268292683,0.024390243902439025,0.006698086591157238,1.0,0.0,0.025,0.0,0.975609756097561
20270035,n40_c65,no_replay,0.24,0.7920880428316478,0.43902439024390244,0.926829268292683,0.024390243902439025,0.006698086591157238,1.0,0.0,0.025,0.0,0.975609756097561
20270035,n40_c65,no_replay,0.48,0.973230220107079,0.024390243902439025,0.926829268292683,0.024390243902439025,0.006698086591157238,1.0,0.0,0.025,0.0,0.975609756097561
20270035,n40_c65,random_replay,0.12,0.5928019036287924,0.7804878048780488,0.926829268292683,0.024390243902439025,0.006319003131914324,1.0,0.0,0.025,0.0,0.975609756097561
20270035,n40_c65,random_replay,0.24,0.7215942891136229,0.4878048780487805,0.926829268292683,0.024390243902439025,0.006319003131914324,1.0,0.0,0.025,0.0,0.975609756097561
20270035,n40_c65,random_replay,0.48,0.9735276621058893,0.012195121951219513,0.926829268292683,0.024390243902439025,0.006319003131914324,1.0,0.0,0.025,0.0,0.975609756097561
20270036,n12_c15,high_energy,0.12,0.7218934911242604,0.8076923076923077,0.8461538461538461,0.5576923076923077,0.011994467610831484,1.0,0.25,0.5833333333333334,0.0,1.0
20270036,n12_c15,high_energy,0.24,0.7633136094674556,0.6153846153846154,0.8461538461538461,0.5576923076923077,0.011994467610831484,1.0,0.25,0.5833333333333334,0.0,1.0
20270036,n12_c15,high_energy,0.48,0.7633136094674556,0.6153846153846154,0.8461538461538461,0.5576923076923077,0.011994467610831484,1.0,0.25,0.5833333333333334,0.0,1.0
20270036,n12_c15,low_energy,0.12,0.7278106508875739,0.7692307692307693,0.8461538461538461,0.5961538461538461,0.006653669373365003,1.0,0.0,0.6458333333333334,0.0,1.0
20270036,n12_c15,low_energy,0.24,0.7633136094674556,0.6153846153846154,0.8461538461538461,0.5961538461538461,0.006653669373365003,1.0,0.0,0.6458333333333334,0.0,1.0
20270036,n12_c15,low_energy,0.48,0.7633136094674556,0.6153846153846154,0.8461538461538461,0.5961538461538461,0.006653669373365003,1.0,0.0,0.6458333333333334,0.0,1.0
20270036,n12_c15,no_replay,0.12,0.7692307692307692,0.46153846153846156,0.9230769230769231,0.5384615384615384,0.007040216820343261,1.0,0.25,0.5625,0.0,1.0
20270036,n12_c15,no_replay,0.24,1.0,0.0,0.9230769230769231,0.5384615384615384,0.007040216820343261,1.0,0.25,0.5625,0.0,1.0
20270036,n12_c15,no_replay,0.48,1.0,0.0,0.9230769230769231,0.5384615384615384,0.007040216820343261,1.0,0.25,0.5625,0.0,1.0
20270036,n12_c15,random_replay,0.12,0.7218934911242604,0.8076923076923077,0.8461538461538461,0.5576923076923077,0.011994467610831484,1.0,0.25,0.5833333333333334,0.0,1.0
20270036,n12_c15,random_replay,0.24,0.7633136094674556,0.6153846153846154,0.8461538461538461,0.5576923076923077,0.011994467610831484,1.0,0.25,0.5833333333333334,0.0,1.0
20270036,n12_c15,random_replay,0.48,0.7633136094674556,0.6153846153846154,0.8461538461538461,0.5576923076923077,0.011994467610831484,1.0,0.25,0.5833333333333334,0.0,1.0
20270036,n12_c35,high_energy,0.12,0.7130177514792899,0.7692307692307693,1.0,0.23076923076923078,0.008643109294620243,1.0,0.5,0.20833333333333334,0.0,1.0
20270036,n12_c35,high_energy,0.24,0.7633136094674556,0.6153846153846154,1.0,0.23076923076923078,0.008643109294620243,1.0,0.5,0.20833333333333334,0.0,1.0
20270036,n12_c35,high_energy,0.48,0.7633136094674556,0.6153846153846154,1.0,0.23076923076923078,0.008643109294620243,1.0,0.5,0.20833333333333334,0.0,1.0
20270036,n12_c35,low_energy,0.12,0.7337278106508875,0.8076923076923077,0.9230769230769231,0.11538461538461539,0.01009437736453395,1.0,0.0,0.125,0.0,1.0
20270036,n12_c35,low_energy,0.24,0.742603550295858,0.6153846153846154,0.9230769230769231,0.11538461538461539,0.01009437736453395,1.0,0.0,0.125,0.0,1.0
20270036,n12_c35,low_energy,0.48,0.7633136094674556,0.6153846153846154,0.9230769230769231,0.11538461538461539,0.01009437736453395,1.0,0.0,0.125,0.0,1.0
20270036,n12_c35,no_replay,0.12,0.8254437869822486,0.6538461538461539,0.9230769230769231,0.09615384615384616,0.010327591960492676,1.0,0.25,0.08333333333333333,0.0,1.0
20270036,n12_c35,no_replay,0.24,0.9497041420118344,0.038461538461538464,0.9230769230769231,0.09615384615384616,0.010327591960492676,1.0,0.25,0.08333333333333333,0.0,1.0
20270036,n12_c35,no_replay,0.48,1.0,0.0,0.9230769230769231,0.09615384615384616,0.010327591960492676,1.0,0.25,0.08333333333333333,0.0,1.0
20270036,n12_c35,random_replay,0.12,0.7130177514792899,0.8076923076923077,1.0,0.23076923076923078,0.008643109294620243,1.0,0.5,0.20833333333333334,0.0,1.0
20270036,n12_c35,random_replay,0.24,0.7633136094674556,0.6153846153846154,1.0,0.23076923076923078,0.008643109294620243,1.0,0.5,0.20833333333333334,0.0,1.0
20270036,n12_c35,random_replay,0.48,0.7633136094674556,0.6153846153846154,1.0,0.23076923076923078,0.008643109294620243,1.0,0.5,0.20833333333333334,0.0,1.0
20270036,n12_c65,high_energy,0.12,0.6627218934911243,0.7307692307692307,0.7692307692307693,0.07692307692307693,0.0068782696012946905,1.0,0.0,0.08333333333333333,0.0,1.0
20270036,n12_c65,high_energy,0.24,0.7100591715976331,0.6538461538461539,0.7692307692307693,0.07692307692307693,0.0068782696012946905,1.0,0.0,0.08333333333333333,0.0,1.0
20270036,n12_c65,high_energy,0.48,0.9644970414201184,0.11538461538461539,0.7692307692307693,0.07692307692307693,0.0068782696012946905,1.0,0.0,0.08333333333333333,0.0,1.0
20270036,n12_c65,low_energy,0.12,0.6775147928994083,0.8076923076923077,0.8461538461538461,0.07692307692307693,0.006819423178404052,1.0,0.0,0.08333333333333333,0.0,0.9230769230769231
20270036,n12_c65,low_energy,0.24,0.7218934911242604,0.6923076923076923,0.8461538461538461,0.07692307692307693,0.006819423178404052,1.0,0.0,0.08333333333333333,0.0,0.9230769230769231
20270036,n12_c65,low_energy,0.48,0.9053254437869822,0.15384615384615385,0.8461538461538461,0.07692307692307693,0.006819423178404052,1.0,0.0,0.08333333333333333,0.0,0.9230769230769231
20270036,n12_c65,no_replay,0.12,0.6420118343195267,0.8076923076923077,0.9230769230769231,0.07692307692307693,0.00728238763529318,1.0,0.0,0.08333333333333333,0.0,0.9230769230769231
20270036,n12_c65,no_replay,0.24,0.8846153846153848,0.2692307692307692,0.9230769230769231,0.07692307692307693,0.00728238763529318,1.0,0.0,0.08333333333333333,0.0,0.9230769230769231
20270036,n12_c65,no_replay,0.48,0.9881656804733727,0.0,0.9230769230769231,0.07692307692307693,0.00728238763529318,1.0,0.0,0.08333333333333333,0.0,0.9230769230769231
20270036,n12_c65,random_replay,0.12,0.6627218934911243,0.7307692307692307,0.7692307692307693,0.07692307692307693,0.0068782696012946905,1.0,0.0,0.08333333333333333,0.0,1.0
20270036,n12_c65,random_replay,0.24,0.7100591715976331,0.6538461538461539,0.7692307692307693,0.07692307692307693,0.0068782696012946905,1.0,0.0,0.08333333333333333,0.0,1.0
20270036,n12_c65,random_replay,0.48,0.9644970414201184,0.11538461538461539,0.7692307692307693,0.07692307692307693,0.0068782696012946905,1.0,0.0,0.08333333333333333,0.0,1.0
20270036,n24_c15,high_energy,0.12,0.6672,0.7,0.92,0.17,0.011428650563254164,1.0,0.25,0.16666666666666666,0.0,1.0
20270036,n24_c15,high_energy,0.24,0.7752,0.34,0.92,0.17,0.011428650563254164,1.0,0.25,0.16666666666666666,0.0,1.0
20270036,n24_c15,high_energy,0.48,0.7824,0.32,0.92,0.17,0.011428650563254164,1.0,0.25,0.16666666666666666,0.0,1.0
20270036,n24_c15,low_energy,0.12,0.6784,0.74,0.96,0.18,0.011574400364785097,1.0,0.0,0.1875,0.0,1.0
20270036,n24_c15,low_energy,0.24,0.7776000000000001,0.36,0.96,0.18,0.011574400364785097,1.0,0.0,0.1875,0.0,1.0
20270036,n24_c15,low_energy,0.48,0.7824,0.32,0.96,0.18,0.011574400364785097,1.0,0.0,0.1875,0.0,1.0
20270036,n24_c15,no_replay,0.12,0.7824000000000001,0.66,0.96,0.04,0.013171731697900266,1.0,0.0,0.041666666666666664,0.0,1.0
20270036,n24_c15,no_replay,0.24,0.9912000000000001,0.06,0.96,0.04,0.013171731697900266,1.0,0.0,0.041666666666666664,0.0,1.0
20270036,n24_c15,no_replay,0.48,1.0,0.0,0.96,0.04,0.013171731697900266,1.0,0.0,0.041666666666666664,0.0,1.0
20270036,n24_c15,random_replay,0.12,0.6784,0.74,0.96,0.18,0.011574400364785097,1.0,0.0,0.1875,0.0,1.0
20270036,n24_c15,random_replay,0.24,0.7776000000000001,0.36,0.96,0.18,0.011574400364785097,1.0,0.0,0.1875,0.0,1.0
20270036,n24_c15,random_replay,0.48,0.7824,0.32,0.96,0.18,0.011574400364785097,1.0,0.0,0.1875,0.0,1.0
20270036,n24_c35,high_energy,0.12,0.6944,0.68,0.92,0.04,0.010526283319176813,1.0,0.0,0.041666666666666664,0.0,1.0
20270036,n24_c35,high_energy,0.24,0.7816,0.32,0.92,0.04,0.010526283319176813,1.0,0.0,0.041666666666666664,0.0,1.0
20270036,n24_c35,high_energy,0.48,0.7824,0.32,0.92,0.04,0.010526283319176813,1.0,0.0,0.041666666666666664,0.0,1.0
20270036,n24_c35,low_energy,0.12,0.6856,0.76,0.92,0.04,0.010498036522544513,1.0,0.0,0.041666666666666664,0.0,1.0
20270036,n24_c35,low_energy,0.24,0.7559999999999999,0.34,0.92,0.04,0.010498036522544513,1.0,0.0,0.041666666666666664,0.0,1.0
20270036,n24_c35,low_energy,0.48,0.7824,0.32,0.92,0.04,0.010498036522544513,1.0,0.0,0.041666666666666664,0.0,1.0
20270036,n24_c35,no_replay,0.12,0.7784,0.78,0.96,0.04,0.010572580096672588,1.0,0.0,0.041666666666666664,0.0,1.0
20270036,n24_c35,no_replay,0.24,0.976,0.02,0.96,0.04,0.010572580096672588,1.0,0.0,0.041666666666666664,0.0,1.0
20270036,n24_c35,no_replay,0.48,1.0,0.0,0.96,0.04,0.010572580096672588,1.0,0.0,0.041666666666666664,0.0,1.0
20270036,n24_c35,random_replay,0.12,0.6856,0.76,0.92,0.04,0.010498036522544513,1.0,0.0,0.041666666666666664,0.0,1.0
20270036,n24_c35,random_replay,0.24,0.7559999999999999,0.34,0.92,0.04,0.010498036522544513,1.0,0.0,0.041666666666666664,0.0,1.0
20270036,n24_c35,random_replay,0.48,0.7824,0.32,0.92,0.04,0.010498036522544513,1.0,0.0,0.041666666666666664,0.0,1.0
20270036,n24_c65,high_energy,0.12,0.5904,0.78,1.0,0.05,0.006137957694061164,1.0,0.25,0.041666666666666664,0.0,0.96
20270036,n24_c65,high_energy,0.24,0.7272,0.48,1.0,0.05,0.006137957694061164,1.0,0.25,0.041666666666666664,0.0,0.96
20270036,n24_c65,high_energy,0.48,0.9855999999999999,0.04,1.0,0.05,0.006137957694061164,1.0,0.25,0.041666666666666664,0.0,0.96
20270036,n24_c65,low_energy,0.12,0.5768,0.78,0.96,0.04,0.00637077182428775,1.0,0.0,0.041666666666666664,0.0,0.96
20270036,n24_c65,low_energy,0.24,0.6968000000000001,0.58,0.96,0.04,0.00637077182428775,1.0,0.0,0.041666666666666664,0.0,0.96
20270036,n24_c65,low_energy,0.48,0.9503999999999999,0.04,0.96,0.04,0.00637077182428775,1.0,0.0,0.041666666666666664,0.0,0.96
20270036,n24_c65,no_replay,0.12,0.5976,0.82,0.96,0.04,0.006799937558225784,1.0,0.0,0.041666666666666664,0.0,0.96
20270036,n24_c65,no_replay,0.24,0.8256,0.46,0.96,0.04,0.006799937558225784,1.0,0.0,0.041666666666666664,0.0,0.96
20270036,n24_c65,no_replay,0.48,0.9672,0.0,0.96,0.04,0.006799937558225784,1.0,0.0,0.041666666666666664,0.0,0.96
20270036,n24_c65,random_replay,0.12,0.5904,0.74,0.92,0.05,0.006137957694061164,1.0,0.25,0.041666666666666664,0.0,0.96
20270036,n24_c65,random_replay,0.24,0.7272,0.42,0.92,0.05,0.006137957694061164,1.0,0.25,0.041666666666666664,0.0,0.96
20270036,n24_c65,random_replay,0.48,0.9855999999999999,0.04,0.92,0.05,0.006137957694061164,1.0,0.25,0.041666666666666664,0.0,0.96
20270036,n40_c15,high_energy,0.12,0.7251635930993456,0.7317073170731707,0.975609756097561,0.054878048780487805,0.012910532987183634,1.0,0.5,0.04375,0.0,1.0
20270036,n40_c15,high_energy,0.24,0.8420582986317668,0.2073170731707317,0.975609756097561,0.054878048780487805,0.012910532987183634,1.0,0.5,0.04375,0.0,1.0
20270036,n40_c15,high_energy,0.48,0.8429506246281976,0.1951219512195122,0.975609756097561,0.054878048780487805,0.012910532987183634,1.0,0.5,0.04375,0.0,1.0
20270036,n40_c15,low_energy,0.12,0.7236763831052944,0.7073170731707317,0.975609756097561,0.042682926829268296,0.013127422513299115,1.0,0.0,0.04375,0.0,1.0
20270036,n40_c15,low_energy,0.24,0.8420582986317668,0.2073170731707317,0.975609756097561,0.042682926829268296,0.013127422513299115,1.0,0.0,0.04375,0.0,1.0
20270036,n40_c15,low_energy,0.48,0.8429506246281976,0.1951219512195122,0.975609756097561,0.042682926829268296,0.013127422513299115,1.0,0.0,0.04375,0.0,1.0
20270036,n40_c15,no_replay,0.12,0.8081499107674004,0.6951219512195121,0.975609756097561,0.024390243902439025,0.013275044617495367,1.0,0.0,0.025,0.0,1.0
20270036,n40_c15,no_replay,0.24,0.9982153480071386,0.036585365853658534,0.975609756097561,0.024390243902439025,0.013275044617495367,1.0,0.0,0.025,0.0,1.0
20270036,n40_c15,no_replay,0.48,1.0,0.0,0.975609756097561,0.024390243902439025,0.013275044617495367,1.0,0.0,0.025,0.0,1.0
20270036,n40_c15,random_replay,0.12,0.7236763831052944,0.7073170731707317,0.975609756097561,0.042682926829268296,0.013127422513299115,1.0,0.0,0.04375,0.0,1.0
20270036,n40_c15,random_replay,0.24,0.8420582986317668,0.2073170731707317,0.975609756097561,0.042682926829268296,0.013127422513299115,1.0,0.0,0.04375,0.0,1.0
20270036,n40_c15,random_replay,0.48,0.8429506246281976,0.1951219512195122,0.975609756097561,0.042682926829268296,0.013127422513299115,1.0,0.0,0.04375,0.0,1.0
20270036,n40_c35,high_energy,0.12,0.652587745389649,0.573170731707317,0.8780487804878049,0.024390243902439025,0.01052006428472987,1.0,0.0,0.025,0.0,1.0
20270036,n40_c35,high_energy,0.24,0.8155859607376562,0.2804878048780488,0.8780487804878049,0.024390243902439025,0.01052006428472987,1.0,0.0,0.025,0.0,1.0
20270036,n40_c35,high_energy,0.48,0.8429506246281976,0.1951219512195122,0.8780487804878049,0.024390243902439025,0.01052006428472987,1.0,0.0,0.025,0.0,1.0
20270036,n40_c35,low_energy,0.12,0.646044021415824,0.6097560975609756,0.9024390243902439,0.024390243902439025,0.01050735780784329,1.0,0.0,0.025,0.0,1.0
20270036,n40_c35,low_energy,0.24,0.7962522308149911,0.2926829268292683,0.9024390243902439,0.024390243902439025,0.01050735780784329,1.0,0.0,0.025,0.0,1.0
20270036,n40_c35,low_energy,0.48,0.842355740630577,0.1951219512195122,0.9024390243902439,0.024390243902439025,0.01050735780784329,1.0,0.0,0.025,0.0,1.0
20270036,n40_c35,no_replay,0.12,0.699881023200476,0.5853658536585366,0.8536585365853658,0.024390243902439025,0.010701105820569963,1.0,0.0,0.025,0.0,1.0
20270036,n40_c35,no_replay,0.24,0.9434860202260559,0.12195121951219512,0.8536585365853658,0.024390243902439025,0.010701105820569963,1.0,0.0,0.025,0.0,1.0
20270036,n40_c35,no_replay,0.48,1.0,0.0,0.8536585365853658,0.024390243902439025,0.010701105820569963,1.0,0.0,0.025,0.0,1.0
20270036,n40_c35,random_replay,0.12,0.646044021415824,0.6097560975609756,0.9024390243902439,0.024390243902439025,0.01050735780784329,1.0,0.0,0.025,0.0,1.0
20270036,n40_c35,random_replay,0.24,0.7962522308149911,0.2926829268292683,0.9024390243902439,0.024390243902439025,0.01050735780784329,1.0,0.0,0.025,0.0,1.0
20270036,n40_c35,random_replay,0.48,0.842355740630577,0.1951219512195122,0.9024390243902439,0.024390243902439025,0.01050735780784329,1.0,0.0,0.025,0.0,1.0
20270036,n40_c65,high_energy,0.12,0.5838786436644854,0.8048780487804879,0.8780487804878049,0.024390243902439025,0.006322802292572149,1.0,0.0,0.025,0.0,0.975609756097561
20270036,n40_c65,high_energy,0.24,0.7427126710291494,0.4878048780487805,0.8780487804878049,0.024390243902439025,0.006322802292572149,1.0,0.0,0.025,0.0,0.975609756097561
20270036,n40_c65,high_energy,0.48,0.9878048780487805,0.036585365853658534,0.8780487804878049,0.024390243902439025,0.006322802292572149,1.0,0.0,0.025,0.0,0.975609756097561
20270036,n40_c65,low_energy,0.12,0.5820939916716241,0.7926829268292683,0.8780487804878049,0.024390243902439025,0.006289845465508595,1.0,0.0,0.025,0.0,0.975609756097561
20270036,n40_c65,low_energy,0.24,0.7296252230814991,0.5,0.8780487804878049,0.024390243902439025,0.006289845465508595,1.0,0.0,0.025,0.0,0.975609756097561
20270036,n40_c65,low_energy,0.48,0.9649018441403927,0.04878048780487805,0.8780487804878049,0.024390243902439025,0.006289845465508595,1.0,0.0,0.025,0.0,0.975609756097561
20270036,n40_c65,no_replay,0.12,0.5969660916121355,0.8170731707317073,0.8536585365853658,0.024390243902439025,0.006676506584674306,1.0,0.0,0.025,0.0,0.975609756097561
20270036,n40_c65,no_replay,0.24,0.8022010707911957,0.4634146341463415,0.8536585365853658,0.024390243902439025,0.006676506584674306,1.0,0.0,0.025,0.0,0.975609756097561
20270036,n40_c65,no_replay,0.48,0.9708506841165971,0.012195121951219513,0.8536585365853658,0.024390243902439025,0.006676506584674306,1.0,0.0,0.025,0.0,0.975609756097561
20270036,n40_c65,random_replay,0.12,0.5820939916716241,0.8048780487804879,0.8780487804878049,0.024390243902439025,0.006289845465508595,1.0,0.0,0.025,0.0,0.975609756097561
20270036,n40_c65,random_replay,0.24,0.7296252230814991,0.5,0.8780487804878049,0.024390243902439025,0.006289845465508595,1.0,0.0,0.025,0.0,0.975609756097561
20270036,n40_c65,random_replay,0.48,0.9649018441403927,0.04878048780487805,0.8780487804878049,0.024390243902439025,0.006289845465508595,1.0,0.0,0.025,0.0,0.975609756097561
20270037,n12_c15,high_energy,0.12,0.727810650887574,0.7307692307692307,0.8461538461538461,0.5384615384615384,0.00814894030223809,1.0,0.75,0.5208333333333334,0.0,1.0
20270037,n12_c15,high_energy,0.24,0.7633136094674556,0.6153846153846154,0.8461538461538461,0.5384615384615384,0.00814894030223809,1.0,0.75,0.5208333333333334,0.0,1.0
20270037,n12_c15,high_energy,0.48,0.7633136094674556,0.6153846153846154,0.8461538461538461,0.5384615384615384,0.00814894030223809,1.0,0.75,0.5208333333333334,0.0,1.0
20270037,n12_c15,low_energy,0.12,0.7218934911242604,0.8076923076923077,1.0,0.5192307692307693,0.007237292886481815,1.0,0.0,0.5625,0.0,1.0
20270037,n12_c15,low_energy,0.24,0.7633136094674556,0.6153846153846154,1.0,0.5192307692307693,0.007237292886481815,1.0,0.0,0.5625,0.0,1.0
20270037,n12_c15,low_energy,0.48,0.7633136094674556,0.6153846153846154,1.0,0.5192307692307693,0.007237292886481815,1.0,0.0,0.5625,0.0,1.0
20270037,n12_c15,no_replay,0.12,0.7337278106508875,0.6538461538461539,1.0,0.4807692307692308,0.007717685395269297,1.0,0.5,0.4791666666666667,0.0,1.0
20270037,n12_c15,no_replay,0.24,0.9970414201183432,0.07692307692307693,1.0,0.4807692307692308,0.007717685395269297,1.0,0.5,0.4791666666666667,0.0,1.0
20270037,n12_c15,no_replay,0.48,1.0,0.0,1.0,0.4807692307692308,0.007717685395269297,1.0,0.5,0.4791666666666667,0.0,1.0
20270037,n12_c15,random_replay,0.12,0.7218934911242604,0.8076923076923077,0.9230769230769231,0.5192307692307693,0.007237292886481815,1.0,0.0,0.5625,0.0,1.0
20270037,n12_c15,random_replay,0.24,0.7633136094674556,0.6153846153846154,0.9230769230769231,0.5192307692307693,0.007237292886481815,1.0,0.0,0.5625,0.0,1.0
20270037,n12_c15,random_replay,0.48,0.7633136094674556,0.6153846153846154,0.9230769230769231,0.5192307692307693,0.007237292886481815,1.0,0.0,0.5625,0.0,1.0
20270037,n12_c35,high_energy,0.12,0.7307692307692307,0.6923076923076923,0.7692307692307693,0.2692307692307692,0.008295588472991708,1.0,0.5,0.25,0.0,1.0
20270037,n12_c35,high_energy,0.24,0.7633136094674556,0.6153846153846154,0.7692307692307693,0.2692307692307692,0.008295588472991708,1.0,0.5,0.25,0.0,1.0
20270037,n12_c35,high_energy,0.48,0.7633136094674556,0.6153846153846154,0.7692307692307693,0.2692307692307692,0.008295588472991708,1.0,0.5,0.25,0.0,1.0
20270037,n12_c35,low_energy,0.12,0.7307692307692308,0.6923076923076923,0.9230769230769231,0.21153846153846154,0.009223737118790796,1.0,0.0,0.22916666666666666,0.0,1.0
20270037,n12_c35,low_energy,0.24,0.7514792899408284,0.6153846153846154,0.9230769230769231,0.21153846153846154,0.009223737118790796,1.0,0.0,0.22916666666666666,0.0,1.0
20270037,n12_c35,low_energy,0.48,0.7633136094674556,0.6153846153846154,0.9230769230769231,0.21153846153846154,0.009223737118790796,1.0,0.0,0.22916666666666666,0.0,1.0
20270037,n12_c35,no_replay,0.12,0.7840236686390533,0.4230769230769231,0.9230769230769231,0.11538461538461539,0.009929211905203286,1.0,0.5,0.08333333333333333,0.0,1.0
20270037,n12_c35,no_replay,0.24,1.0,0.0,0.9230769230769231,0.11538461538461539,0.009929211905203286,1.0,0.5,0.08333333333333333,0.0,1.0
20270037,n12_c35,no_replay,0.48,1.0,0.0,0.9230769230769231,0.11538461538461539,0.009929211905203286,1.0,0.5,0.08333333333333333,0.0,1.0
20270037,n12_c35,random_replay,0.12,0.7307692307692307,0.6923076923076923,0.9230769230769231,0.2692307692307692,0.008295588472991708,1.0,0.5,0.25,0.0,1.0
20270037,n12_c35,random_replay,0.24,0.7633136094674556,0.6153846153846154,0.9230769230769231,0.2692307692307692,0.008295588472991708,1.0,0.5,0.25,0.0,1.0
20270037,n12_c35,random_replay,0.48,0.7633136094674556,0.6153846153846154,0.9230769230769231,0.2692307692307692,0.008295588472991708,1.0,0.5,0.25,0.0,1.0
20270037,n12_c65,high_energy,0.12,0.6301775147928994,0.7692307692307693,0.8461538461538461,0.07692307692307693,0.006911790325039564,1.0,0.0,0.08333333333333333,0.0,1.0
20270037,n12_c65,high_energy,0.24,0.7100591715976332,0.6923076923076923,0.8461538461538461,0.07692307692307693,0.006911790325039564,1.0,0.0,0.08333333333333333,0.0,1.0
20270037,n12_c65,high_energy,0.48,0.9940828402366864,0.038461538461538464,0.8461538461538461,0.07692307692307693,0.006911790325039564,1.0,0.0,0.08333333333333333,0.0,1.0
20270037,n12_c65,low_energy,0.12,0.668639053254438,0.8076923076923077,0.9230769230769231,0.07692307692307693,0.006871533461381705,1.0,0.0,0.08333333333333333,0.0,0.9230769230769231
20270037,n12_c65,low_energy,0.24,0.7337278106508875,0.6538461538461539,0.9230769230769231,0.07692307692307693,0.006871533461381705,1.0,0.0,0.08333333333333333,0.0,0.9230769230769231
20270037,n12_c65,low_energy,0.48,0.908284023668639,0.11538461538461539,0.9230769230769231,0.07692307692307693,0.006871533461381705,1.0,0.0,0.08333333333333333,0.0,0.9230769230769231
20270037,n12_c65,no_replay,0.12,0.6183431952662722,0.7307692307692307,0.8461538461538461,0.07692307692307693,0.007401064175404156,1.0,0.0,0.08333333333333333,0.0,0.9230769230769231
20270037,n12_c65,no_replay,0.24,0.849112426035503,0.3076923076923077,0.8461538461538461,0.07692307692307693,0.007401064175404156,1.0,0.0,0.08333333333333333,0.0,0.9230769230769231
20270037,n12_c65,no_replay,0.48,0.9940828402366865,0.0,0.8461538461538461,0.07692307692307693,0.007401064175404156,1.0,0.0,0.08333333333333333,0.0,0.9230769230769231
20270037,n12_c65,random_replay,0.12,0.6301775147928994,0.7692307692307693,0.8461538461538461,0.07692307692307693,0.006911790325039564,1.0,0.0,0.08333333333333333,0.0,1.0
20270037,n12_c65,random_replay,0.24,0.7100591715976332,0.6923076923076923,0.8461538461538461,0.07692307692307693,0.006911790325039564,1.0,0.0,0.08333333333333333,0.0,1.0
20270037,n12_c65,random_replay,0.48,0.9940828402366864,0.038461538461538464,0.8461538461538461,0.07692307692307693,0.006911790325039564,1.0,0.0,0.08333333333333333,0.0,1.0
20270037,n24_c15,high_energy,0.12,0.6952,0.7,0.88,0.18,0.011403200709946886,1.0,0.25,0.17708333333333334,0.0,1.0
20270037,n24_c15,high_energy,0.24,0.7824,0.32,0.88,0.18,0.011403200709946886,1.0,0.25,0.17708333333333334,0.0,1.0
20270037,n24_c15,high_energy,0.48,0.7824,0.32,0.88,0.18,0.011403200709946886,1.0,0.25,0.17708333333333334,0.0,1.0
20270037,n24_c15,low_energy,0.12,0.6896,0.68,0.88,0.2,0.0111789230898214,1.0,0.0,0.20833333333333334,0.0,1.0
20270037,n24_c15,low_energy,0.24,0.7824,0.32,0.88,0.2,0.0111789230898214,1.0,0.0,0.20833333333333334,0.0,1.0
20270037,n24_c15,low_energy,0.48,0.7824,0.32,0.88,0.2,0.0111789230898214,1.0,0.0,0.20833333333333334,0.0,1.0
20270037,n24_c15,no_replay,0.12,0.8056,0.62,0.88,0.06,0.012923969516646393,1.0,0.25,0.052083333333333336,0.0,1.0
20270037,n24_c15,no_replay,0.24,0.9728,0.0,0.88,0.06,0.012923969516646393,1.0,0.25,0.052083333333333336,0.0,1.0
20270037,n24_c15,no_replay,0.48,1.0,0.0,0.88,0.06,0.012923969516646393,1.0,0.25,0.052083333333333336,0.0,1.0
20270037,n24_c15,random_replay,0.12,0.6896,0.68,0.88,0.2,0.0111789230898214,1.0,0.0,0.20833333333333334,0.0,1.0
20270037,n24_c15,random_replay,0.24,0.7824,0.32,0.88,0.2,0.0111789230898214,1.0,0.0,0.20833333333333334,0.0,1.0
20270037,n24_c15,random_replay,0.48,0.7824,0.32,0.88,0.2,0.0111789230898214,1.0,0.0,0.20833333333333334,0.0,1.0
20270037,n24_c35,high_energy,0.12,0.6464000000000001,0.66,0.84,0.04,0.010544050408452313,1.0,0.0,0.041666666666666664,0.0,1.0
20270037,n24_c35,high_energy,0.24,0.7752000000000001,0.32,0.84,0.04,0.010544050408452313,1.0,0.0,0.041666666666666664,0.0,1.0
20270037,n24_c35,high_energy,0.48,0.7824,0.32,0.84,0.04,0.010544050408452313,1.0,0.0,0.041666666666666664,0.0,1.0
20270037,n24_c35,low_energy,0.12,0.644,0.72,0.84,0.04,0.010524065228662706,1.0,0.0,0.041666666666666664,0.0,1.0
20270037,n24_c35,low_energy,0.24,0.7559999999999999,0.32,0.84,0.04,0.010524065228662706,1.0,0.0,0.041666666666666664,0.0,1.0
20270037,n24_c35,low_energy,0.48,0.7824,0.32,0.84,0.04,0.010524065228662706,1.0,0.0,0.041666666666666664,0.0,1.0
20270037,n24_c35,no_replay,0.12,0.7496000000000002,0.74,0.84,0.04,0.010563585835778938,1.0,0.0,0.041666666666666664,0.0,1.0
20270037,n24_c35,no_replay,0.24,0.9728000000000001,0.0,0.84,0.04,0.010563585835778938,1.0,0.0,0.041666666666666664,0.0,1.0
20270037,n24_c35,no_replay,0.48,1.0,0.0,0.84,0.04,0.010563585835778938,1.0,0.0,0.041666666666666664,0.0,1.0
20270037,n24_c35,random_replay,0.12,0.644,0.72,0.84,0.04,0.010524065228662706,1.0,0.0,0.041666666666666664,0.0,1.0
20270037,n24_c35,random_replay,0.24,0.7559999999999999,0.32,0.84,0.04,0.010524065228662706,1.0,0.0,0.041666666666666664,0.0,1.0
20270037,n24_c35,random_replay,0.48,0.7824,0.32,0.84,0.04,0.010524065228662706,1.0,0.0,0.041666666666666664,0.0,1.0
20270037,n24_c65,high_energy,0.12,0.6376,0.7,0.96,0.04,0.006421198441194999,1.0,0.0,0.041666666666666664,0.0,0.96
20270037,n24_c65,high_energy,0.24,0.7424000000000001,0.42,0.96,0.04,0.006421198441194999,1.0,0.0,0.041666666666666664,0.0,0.96
20270037,n24_c65,high_energy,0.48,0.9912,0.06,0.96,0.04,0.006421198441194999,1.0,0.0,0.041666666666666664,0.0,0.96
20270037,n24_c65,low_energy,0.12,0.6176,0.78,0.96,0.04,0.006385321558495887,1.0,0.0,0.041666666666666664,0.0,0.96
20270037,n24_c65,low_energy,0.24,0.7063999999999999,0.46,0.96,0.04,0.006385321558495887,1.0,0.0,0.041666666666666664,0.0,0.96
20270037,n24_c65,low_energy,0.48,0.9551999999999998,0.06,0.96,0.04,0.006385321558495887,1.0,0.0,0.041666666666666664,0.0,0.96
20270037,n24_c65,no_replay,0.12,0.66,0.84,0.96,0.04,0.006788524534360971,1.0,0.0,0.041666666666666664,0.0,0.96
20270037,n24_c65,no_replay,0.24,0.8664000000000001,0.38,0.96,0.04,0.006788524534360971,1.0,0.0,0.041666666666666664,0.0,0.96
20270037,n24_c65,no_replay,0.48,0.9632,0.02,0.96,0.04,0.006788524534360971,1.0,0.0,0.041666666666666664,0.0,0.96
20270037,n24_c65,random_replay,0.12,0.6176,0.82,0.96,0.04,0.006385321558495887,1.0,0.0,0.041666666666666664,0.0,0.96
20270037,n24_c65,random_replay,0.24,0.7063999999999999,0.5,0.96,0.04,0.006385321558495887,1.0,0.0,0.041666666666666664,0.0,0.96
20270037,n24_c65,random_replay,0.48,0.9551999999999998,0.06,0.96,0.04,0.006385321558495887,1.0,0.0,0.041666666666666664,0.0,0.96
20270037,n40_c15,high_energy,0.12,0.6632956573468174,0.6951219512195121,0.926829268292683,0.054878048780487805,0.012881602259529078,1.0,0.25,0.05,0.0,1.0
20270037,n40_c15,high_energy,0.24,0.8227245687091017,0.21951219512195122,0.926829268292683,0.054878048780487805,0.012881602259529078,1.0,0.25,0.05,0.0,1.0
20270037,n40_c15,high_energy,0.48,0.8429506246281976,0.1951219512195122,0.926829268292683,0.054878048780487805,0.012881602259529078,1.0,0.25,0.05,0.0,1.0
20270037,n40_c15,low_energy,0.12,0.6647828673408686,0.6951219512195121,0.926829268292683,0.042682926829268296,0.013041912518358052,1.0,0.0,0.04375,0.0,1.0
20270037,n40_c15,low_energy,0.24,0.8233194527067222,0.23170731707317074,0.926829268292683,0.042682926829268296,0.013041912518358052,1.0,0.0,0.04375,0.0,1.0
20270037,n40_c15,low_energy,0.48,0.8429506246281976,0.1951219512195122,0.926829268292683,0.042682926829268296,0.013041912518358052,1.0,0.0,0.04375,0.0,1.0
20270037,n40_c15,no_replay,0.12,0.7323022010707912,0.6585365853658537,0.926829268292683,0.024390243902439025,0.01323250894320986,1.0,0.0,0.025,0.0,1.0
20270037,n40_c15,no_replay,0.24,0.9753123140987507,0.04878048780487805,0.926829268292683,0.024390243902439025,0.01323250894320986,1.0,0.0,0.025,0.0,1.0
20270037,n40_c15,no_replay,0.48,1.0,0.0,0.926829268292683,0.024390243902439025,0.01323250894320986,1.0,0.0,0.025,0.0,1.0
20270037,n40_c15,random_replay,0.12,0.6647828673408686,0.6951219512195121,0.926829268292683,0.042682926829268296,0.013041912518358052,1.0,0.0,0.04375,0.0,1.0
20270037,n40_c15,random_replay,0.24,0.8233194527067222,0.23170731707317074,0.926829268292683,0.042682926829268296,0.013041912518358052,1.0,0.0,0.04375,0.0,1.0
20270037,n40_c15,random_replay,0.48,0.8429506246281976,0.1951219512195122,0.926829268292683,0.042682926829268296,0.013041912518358052,1.0,0.0,0.04375,0.0,1.0
20270037,n40_c35,high_energy,0.12,0.6451516954193932,0.6585365853658537,0.8536585365853658,0.024390243902439025,0.0105706231097143,1.0,0.0,0.025,0.0,1.0
20270037,n40_c35,high_energy,0.24,0.8254015466983938,0.21951219512195122,0.8536585365853658,0.024390243902439025,0.0105706231097143,1.0,0.0,0.025,0.0,1.0
20270037,n40_c35,high_energy,0.48,0.8432480666270078,0.1951219512195122,0.8536585365853658,0.024390243902439025,0.0105706231097143,1.0,0.0,0.025,0.0,1.0
20270037,n40_c35,low_energy,0.12,0.6386079714455681,0.7195121951219512,0.8292682926829268,0.024390243902439025,0.010548403874161352,1.0,0.0,0.025,0.0,1.0
20270037,n40_c35,low_energy,0.24,0.809042236763831,0.25609756097560976,0.8292682926829268,0.024390243902439025,0.010548403874161352,1.0,0.0,0.025,0.0,1.0
20270037,n40_c35,low_energy,0.48,0.8429506246281976,0.1951219512195122,0.8292682926829268,0.024390243902439025,0.010548403874161352,1.0,0.0,0.025,0.0,1.0
20270037,n40_c35,no_replay,0.12,0.7070196311719215,0.7195121951219512,0.9512195121951219,0.024390243902439025,0.010626593643239465,1.0,0.0,0.025,0.0,1.0
20270037,n40_c35,no_replay,0.24,0.9604402141582391,0.12195121951219512,0.9512195121951219,0.024390243902439025,0.010626593643239465,1.0,0.0,0.025,0.0,1.0
20270037,n40_c35,no_replay,0.48,1.0,0.0,0.9512195121951219,0.024390243902439025,0.010626593643239465,1.0,0.0,0.025,0.0,1.0
20270037,n40_c35,random_replay,0.12,0.6386079714455681,0.7195121951219512,0.8292682926829268,0.024390243902439025,0.010548403874161352,1.0,0.0,0.025,0.0,1.0
20270037,n40_c35,random_replay,0.24,0.809042236763831,0.25609756097560976,0.8292682926829268,0.024390243902439025,0.010548403874161352,1.0,0.0,0.025,0.0,1.0
20270037,n40_c35,random_replay,0.48,0.8429506246281976,0.1951219512195122,0.8292682926829268,0.024390243902439025,0.010548403874161352,1.0,0.0,0.025,0.0,1.0
20270037,n40_c65,high_energy,0.12,0.6020226055919096,0.8048780487804879,0.926829268292683,0.024390243902439025,0.006326869506560354,1.0,0.0,0.025,0.0,0.975609756097561
20270037,n40_c65,high_energy,0.24,0.7617489589530041,0.4634146341463415,0.926829268292683,0.024390243902439025,0.006326869506560354,1.0,0.0,0.025,0.0,0.975609756097561
20270037,n40_c65,high_energy,0.48,0.9886972040452112,0.04878048780487805,0.926829268292683,0.024390243902439025,0.006326869506560354,1.0,0.0,0.025,0.0,0.975609756097561
20270037,n40_c65,low_energy,0.12,0.5954788816180845,0.8048780487804879,0.926829268292683,0.024390243902439025,0.00630124372863394,1.0,0.0,0.025,0.0,0.975609756097561
20270037,n40_c65,low_energy,0.24,0.7471743010113028,0.47560975609756095,0.926829268292683,0.024390243902439025,0.00630124372863394,1.0,0.0,0.025,0.0,0.975609756097561
20270037,n40_c65,low_energy,0.48,0.9690660321237359,0.036585365853658534,0.926829268292683,0.024390243902439025,0.00630124372863394,1.0,0.0,0.025,0.0,0.975609756097561
20270037,n40_c65,no_replay,0.12,0.6180844735276622,0.8780487804878049,0.926829268292683,0.024390243902439025,0.006582315072157421,1.0,0.0,0.025,0.0,0.975609756097561
20270037,n40_c65,no_replay,0.24,0.8209399167162403,0.5,0.926829268292683,0.024390243902439025,0.006582315072157421,1.0,0.0,0.025,0.0,0.975609756097561
20270037,n40_c65,no_replay,0.48,0.9747174301011303,0.012195121951219513,0.926829268292683,0.024390243902439025,0.006582315072157421,1.0,0.0,0.025,0.0,0.975609756097561
20270037,n40_c65,random_replay,0.12,0.5954788816180845,0.8414634146341463,0.926829268292683,0.024390243902439025,0.00630124372863394,1.0,0.0,0.025,0.0,0.975609756097561
20270037,n40_c65,random_replay,0.24,0.7471743010113028,0.5121951219512195,0.926829268292683,0.024390243902439025,0.00630124372863394,1.0,0.0,0.025,0.0,0.975609756097561
20270037,n40_c65,random_replay,0.48,0.9690660321237359,0.04878048780487805,0.926829268292683,0.024390243902439025,0.00630124372863394,1.0,0.0,0.025,0.0,0.975609756097561
20270038,n12_c15,high_energy,0.12,0.7396449704142012,0.7307692307692307,0.9230769230769231,0.5769230769230769,0.007621689647001751,1.0,1.0,0.5416666666666666,0.0,1.0
20270038,n12_c15,high_energy,0.24,0.7633136094674556,0.6153846153846154,0.9230769230769231,0.5769230769230769,0.007621689647001751,1.0,1.0,0.5416666666666666,0.0,1.0
20270038,n12_c15,high_energy,0.48,0.7633136094674556,0.6153846153846154,0.9230769230769231,0.5769230769230769,0.007621689647001751,1.0,1.0,0.5416666666666666,0.0,1.0
20270038,n12_c15,low_energy,0.12,0.7396449704142012,0.7307692307692307,0.9230769230769231,0.5769230769230769,0.007267022264201488,1.0,0.0,0.625,0.0,1.0
20270038,n12_c15,low_energy,0.24,0.7633136094674556,0.6153846153846154,0.9230769230769231,0.5769230769230769,0.007267022264201488,1.0,0.0,0.625,0.0,1.0
20270038,n12_c15,low_energy,0.48,0.7633136094674556,0.6153846153846154,0.9230769230769231,0.5769230769230769,0.007267022264201488,1.0,0.0,0.625,0.0,1.0
20270038,n12_c15,no_replay,0.12,0.7958579881656804,0.6923076923076923,1.0,0.4230769230769231,0.008325476920164995,1.0,0.5,0.4166666666666667,0.0,1.0
20270038,n12_c15,no_replay,0.24,1.0,0.0,1.0,0.4230769230769231,0.008325476920164995,1.0,0.5,0.4166666666666667,0.0,1.0
20270038,n12_c15,no_replay,0.48,1.0,0.0,1.0,0.4230769230769231,0.008325476920164995,1.0,0.5,0.4166666666666667,0.0,1.0
20270038,n12_c15,random_replay,0.12,0.7396449704142012,0.7307692307692307,0.9230769230769231,0.5769230769230769,0.007621689647001751,1.0,1.0,0.5416666666666666,0.0,1.0
20270038,n12_c15,random_replay,0.24,0.7633136094674556,0.6153846153846154,0.9230769230769231,0.5769230769230769,0.007621689647001751,1.0,1.0,0.5416666666666666,0.0,1.0
20270038,n12_c15,random_replay,0.48,0.7633136094674556,0.6153846153846154,0.9230769230769231,0.5769230769230769,0.007621689647001751,1.0,1.0,0.5416666666666666,0.0,1.0
20270038,n12_c35,high_energy,0.12,0.7159763313609467,0.6923076923076923,0.6923076923076923,0.19230769230769232,0.00878596308875957,1.0,0.25,0.1875,0.0,1.0
20270038,n12_c35,high_energy,0.24,0.7633136094674556,0.6153846153846154,0.6923076923076923,0.19230769230769232,0.00878596308875957,1.0,0.25,0.1875,0.0,1.0
20270038,n12_c35,high_energy,0.48,0.7633136094674556,0.6153846153846154,0.6923076923076923,0.19230769230769232,0.00878596308875957,1.0,0.25,0.1875,0.0,1.0
20270038,n12_c35,low_energy,0.12,0.7071005917159763,0.7307692307692307,0.7692307692307693,0.17307692307692307,0.009591874674992175,1.0,0.0,0.1875,0.0,1.0
20270038,n12_c35,low_energy,0.24,0.7544378698224852,0.6153846153846154,0.7692307692307693,0.17307692307692307,0.009591874674992175,1.0,0.0,0.1875,0.0,1.0
20270038,n12_c35,low_energy,0.48,0.7633136094674556,0.6153846153846154,0.7692307692307693,0.17307692307692307,0.009591874674992175,1.0,0.0,0.1875,0.0,1.0
20270038,n12_c35,no_replay,0.12,0.7041420118343196,0.4230769230769231,0.6923076923076923,0.09615384615384616,0.010509953679544408,1.0,0.25,0.08333333333333333,0.0,1.0
20270038,n12_c35,no_replay,0.24,0.9822485207100592,0.0,0.6923076923076923,0.09615384615384616,0.010509953679544408,1.0,0.25,0.08333333333333333,0.0,1.0
20270038,n12_c35,no_replay,0.48,1.0,0.0,0.6923076923076923,0.09615384615384616,0.010509953679544408,1.0,0.25,0.08333333333333333,0.0,1.0
20270038,n12_c35,random_replay,0.12,0.7159763313609467,0.6923076923076923,0.6923076923076923,0.19230769230769232,0.00878596308875957,1.0,0.25,0.1875,0.0,1.0
20270038,n12_c35,random_replay,0.24,0.7633136094674556,0.6153846153846154,0.6923076923076923,0.19230769230769232,0.00878596308875957,1.0,0.25,0.1875,0.0,1.0
20270038,n12_c35,random_replay,0.48,0.7633136094674556,0.6153846153846154,0.6923076923076923,0.19230769230769232,0.00878596308875957,1.0,0.25,0.1875,0.0,1.0
20270038,n12_c65,high_energy,0.12,0.6331360946745561,0.8076923076923077,0.8461538461538461,0.09615384615384616,0.00639299536625707,1.0,0.25,0.08333333333333333,0.0,1.0
20270038,n12_c65,high_energy,0.24,0.7100591715976331,0.6923076923076923,0.8461538461538461,0.09615384615384616,0.00639299536625707,1.0,0.25,0.08333333333333333,0.0,1.0
20270038,n12_c65,high_energy,0.48,0.9349112426035503,0.19230769230769232,0.8461538461538461,0.09615384615384616,0.00639299536625707,1.0,0.25,0.08333333333333333,0.0,1.0
20270038,n12_c65,low_energy,0.12,0.6449704142011834,0.8846153846153846,0.9230769230769231,0.07692307692307693,0.006828068033221309,1.0,0.0,0.08333333333333333,0.0,0.9230769230769231
20270038,n12_c65,low_energy,0.24,0.7248520710059172,0.6923076923076923,0.9230769230769231,0.07692307692307693,0.006828068033221309,1.0,0.0,0.08333333333333333,0.0,0.9230769230769231
20270038,n12_c65,low_energy,0.48,0.893491124260355,0.23076923076923078,0.9230769230769231,0.07692307692307693,0.006828068033221309,1.0,0.0,0.08333333333333333,0.0,0.9230769230769231
20270038,n12_c65,no_replay,0.12,0.6213017751479291,0.8076923076923077,0.9230769230769231,0.07692307692307693,0.007310390708954006,1.0,0.0,0.08333333333333333,0.0,0.9230769230769231
20270038,n12_c65,no_replay,0.24,0.8461538461538461,0.4230769230769231,0.9230769230769231,0.07692307692307693,0.007310390708954006,1.0,0.0,0.08333333333333333,0.0,0.9230769230769231
20270038,n12_c65,no_replay,0.48,0.9881656804733727,0.0,0.9230769230769231,0.07692307692307693,0.007310390708954006,1.0,0.0,0.08333333333333333,0.0,0.9230769230769231
20270038,n12_c65,random_replay,0.12,0.6331360946745561,0.8076923076923077,0.8461538461538461,0.09615384615384616,0.00639299536625707,1.0,0.25,0.08333333333333333,0.0,1.0
20270038,n12_c65,random_replay,0.24,0.7100591715976331,0.6923076923076923,0.8461538461538461,0.09615384615384616,0.00639299536625707,1.0,0.25,0.08333333333333333,0.0,1.0
20270038,n12_c65,random_replay,0.48,0.9349112426035503,0.19230769230769232,0.8461538461538461,0.09615384615384616,0.00639299536625707,1.0,0.25,0.08333333333333333,0.0,1.0
20270038,n24_c15,high_energy,0.12,0.656,0.62,0.92,0.14,0.011831714441046803,1.0,0.25,0.13541666666666666,0.0,1.0
20270038,n24_c15,high_energy,0.24,0.7736000000000001,0.36,0.92,0.14,0.011831714441046803,1.0,0.25,0.13541666666666666,0.0,1.0
20270038,n24_c15,high_energy,0.48,0.7824,0.32,0.92,0.14,0.011831714441046803,1.0,0.25,0.13541666666666666,0.0,1.0
20270038,n24_c15,low_energy,0.12,0.6512,0.62,0.88,0.15,0.01174009620976721,1.0,0.0,0.15625,0.0,1.0
20270038,n24_c15,low_energy,0.24,0.772,0.36,0.88,0.15,0.01174009620976721,1.0,0.0,0.15625,0.0,1.0
20270038,n24_c15,low_energy,0.48,0.7824,0.32,0.88,0.15,0.01174009620976721,1.0,0.0,0.15625,0.0,1.0
20270038,n24_c15,no_replay,0.12,0.7280000000000001,0.62,0.88,0.05,0.013039120549021748,1.0,0.0,0.052083333333333336,0.0,1.0
20270038,n24_c15,no_replay,0.24,0.9808000000000001,0.08,0.88,0.05,0.013039120549021748,1.0,0.0,0.052083333333333336,0.0,1.0
20270038,n24_c15,no_replay,0.48,1.0,0.0,0.88,0.05,0.013039120549021748,1.0,0.0,0.052083333333333336,0.0,1.0
20270038,n24_c15,random_replay,0.12,0.6512,0.62,0.88,0.15,0.01174009620976721,1.0,0.0,0.15625,0.0,1.0
20270038,n24_c15,random_replay,0.24,0.772,0.36,0.88,0.15,0.01174009620976721,1.0,0.0,0.15625,0.0,1.0
20270038,n24_c15,random_replay,0.48,0.7824,0.32,0.88,0.15,0.01174009620976721,1.0,0.0,0.15625,0.0,1.0
20270038,n24_c35,high_energy,0.12,0.656,0.68,0.88,0.04,0.010586675532367348,1.0,0.0,0.041666666666666664,0.0,1.0
20270038,n24_c35,high_energy,0.24,0.7752,0.34,0.88,0.04,0.010586675532367348,1.0,0.0,0.041666666666666664,0.0,1.0
20270038,n24_c35,high_energy,0.48,0.7824,0.32,0.88,0.04,0.010586675532367348,1.0,0.0,0.041666666666666664,0.0,1.0
20270038,n24_c35,low_energy,0.12,0.6464000000000001,0.74,0.88,0.04,0.010554330693091245,1.0,0.0,0.041666666666666664,0.0,1.0
20270038,n24_c35,low_energy,0.24,0.764,0.36,0.88,0.04,0.010554330693091245,1.0,0.0,0.041666666666666664,0.0,1.0
20270038,n24_c35,low_energy,0.48,0.7824,0.32,0.88,0.04,0.010554330693091245,1.0,0.0,0.041666666666666664,0.0,1.0
20270038,n24_c35,no_replay,0.12,0.736,0.76,0.92,0.04,0.010576853629755497,1.0,0.0,0.041666666666666664,0.0,1.0
20270038,n24_c35,no_replay,0.24,0.9823999999999999,0.08,0.92,0.04,0.010576853629755497,1.0,0.0,0.041666666666666664,0.0,1.0
20270038,n24_c35,no_replay,0.48,1.0,0.0,0.92,0.04,0.010576853629755497,1.0,0.0,0.041666666666666664,0.0,1.0
20270038,n24_c35,random_replay,0.12,0.6464000000000001,0.74,0.88,0.04,0.010554330693091245,1.0,0.0,0.041666666666666664,0.0,1.0
20270038,n24_c35,random_replay,0.24,0.764,0.36,0.88,0.04,0.010554330693091245,1.0,0.0,0.041666666666666664,0.0,1.0
20270038,n24_c35,random_replay,0.48,0.7824,0.32,0.88,0.04,0.010554330693091245,1.0,0.0,0.041666666666666664,0.0,1.0
20270038,n24_c65,high_energy,0.12,0.6432,0.78,0.96,0.04,0.006458653344614234,1.0,0.0,0.041666666666666664,0.0,0.96
20270038,n24_c65,high_energy,0.24,0.772,0.38,0.96,0.04,0.006458653344614234,1.0,0.0,0.041666666666666664,0.0,0.96
20270038,n24_c65,high_energy,0.48,0.9904000000000001,0.06,0.96,0.04,0.006458653344614234,1.0,0.0,0.041666666666666664,0.0,0.96
20270038,n24_c65,low_energy,0.12,0.6256,0.8,0.92,0.04,0.006425356479175616,1.0,0.0,0.041666666666666664,0.0,0.96
20270038,n24_c65,low_energy,0.24,0.732,0.44,0.92,0.04,0.006425356479175616,1.0,0.0,0.041666666666666664,0.0,0.96
20270038,n24_c65,low_energy,0.48,0.9520000000000001,0.08,0.92,0.04,0.006425356479175616,1.0,0.0,0.041666666666666664,0.0,0.96
20270038,n24_c65,no_replay,0.12,0.6544,0.84,0.92,0.04,0.006753184249475789,1.0,0.0,0.041666666666666664,0.0,0.96
20270038,n24_c65,no_replay,0.24,0.8799999999999999,0.46,0.92,0.04,0.006753184249475789,1.0,0.0,0.041666666666666664,0.0,0.96
20270038,n24_c65,no_replay,0.48,0.9648,0.0,0.92,0.04,0.006753184249475789,1.0,0.0,0.041666666666666664,0.0,0.96
20270038,n24_c65,random_replay,0.12,0.6432,0.72,0.88,0.04,0.006458653344614234,1.0,0.0,0.041666666666666664,0.0,0.96
20270038,n24_c65,random_replay,0.24,0.772,0.34,0.88,0.04,0.006458653344614234,1.0,0.0,0.041666666666666664,0.0,0.96
20270038,n24_c65,random_replay,0.48,0.9904000000000001,0.04,0.88,0.04,0.006458653344614234,1.0,0.0,0.041666666666666664,0.0,0.96
20270038,n40_c15,high_energy,0.12,0.6710291493158834,0.6585365853658537,0.926829268292683,0.036585365853658534,0.013045786534213294,1.0,0.25,0.03125,0.0,1.0
20270038,n40_c15,high_energy,0.24,0.8393813206424747,0.2073170731707317,0.926829268292683,0.036585365853658534,0.013045786534213294,1.0,0.25,0.03125,0.0,1.0
20270038,n40_c15,high_energy,0.48,0.8429506246281976,0.1951219512195122,0.926829268292683,0.036585365853658534,0.013045786534213294,1.0,0.25,0.03125,0.0,1.0
20270038,n40_c15,low_energy,0.12,0.6728138013087448,0.6707317073170732,0.926829268292683,0.036585365853658534,0.01316471103038367,1.0,0.0,0.0375,0.0,1.0
20270038,n40_c15,low_energy,0.24,0.8393813206424747,0.21951219512195122,0.926829268292683,0.036585365853658534,0.01316471103038367,1.0,0.0,0.0375,0.0,1.0
20270038,n40_c15,low_energy,0.48,0.8429506246281976,0.1951219512195122,0.926829268292683,0.036585365853658534,0.01316471103038367,1.0,0.0,0.0375,0.0,1.0
20270038,n40_c15,no_replay,0.12,0.7465794170136825,0.5975609756097561,0.9024390243902439,0.024390243902439025,0.013315714137587966,1.0,0.0,0.025,0.0,1.0
20270038,n40_c15,no_replay,0.24,0.9961332540154669,0.024390243902439025,0.9024390243902439,0.024390243902439025,0.013315714137587966,1.0,0.0,0.025,0.0,1.0
20270038,n40_c15,no_replay,0.48,1.0,0.0,0.9024390243902439,0.024390243902439025,0.013315714137587966,1.0,0.0,0.025,0.0,1.0
20270038,n40_c15,random_replay,0.12,0.6728138013087448,0.6707317073170732,0.926829268292683,0.036585365853658534,0.01316471103038367,1.0,0.0,0.0375,0.0,1.0
20270038,n40_c15,random_replay,0.24,0.8393813206424747,0.21951219512195122,0.926829268292683,0.036585365853658534,0.01316471103038367,1.0,0.0,0.0375,0.0,1.0
20270038,n40_c15,random_replay,0.48,0.8429506246281976,0.1951219512195122,0.926829268292683,0.036585365853658534,0.01316471103038367,1.0,0.0,0.0375,0.0,1.0
20270038,n40_c35,high_energy,0.12,0.6326591314693635,0.7439024390243902,0.9024390243902439,0.024390243902439025,0.010495390545878282,1.0,0.0,0.025,0.0,1.0
20270038,n40_c35,high_energy,0.24,0.8117192147531231,0.2926829268292683,0.9024390243902439,0.024390243902439025,0.010495390545878282,1.0,0.0,0.025,0.0,1.0
20270038,n40_c35,high_energy,0.48,0.8432480666270078,0.1951219512195122,0.9024390243902439,0.024390243902439025,0.010495390545878282,1.0,0.0,0.025,0.0,1.0
20270038,n40_c35,low_energy,0.12,0.6267102914931588,0.7317073170731707,0.9024390243902439,0.024390243902439025,0.010464146026635354,1.0,0.0,0.025,0.0,1.0
20270038,n40_c35,low_energy,0.24,0.7926829268292683,0.34146341463414637,0.9024390243902439,0.024390243902439025,0.010464146026635354,1.0,0.0,0.025,0.0,1.0
20270038,n40_c35,low_energy,0.48,0.8411659726353361,0.1951219512195122,0.9024390243902439,0.024390243902439025,0.010464146026635354,1.0,0.0,0.025,0.0,1.0
20270038,n40_c35,no_replay,0.12,0.674301011302796,0.7317073170731707,0.9024390243902439,0.024390243902439025,0.01058298031619191,1.0,0.0,0.025,0.0,1.0
20270038,n40_c35,no_replay,0.24,0.9333729922665079,0.17073170731707318,0.9024390243902439,0.024390243902439025,0.01058298031619191,1.0,0.0,0.025,0.0,1.0
20270038,n40_c35,no_replay,0.48,0.9997025580011898,0.0,0.9024390243902439,0.024390243902439025,0.01058298031619191,1.0,0.0,0.025,0.0,1.0
20270038,n40_c35,random_replay,0.12,0.6267102914931588,0.7317073170731707,0.9024390243902439,0.024390243902439025,0.010464146026635354,1.0,0.0,0.025,0.0,1.0
20270038,n40_c35,random_replay,0.24,0.7926829268292683,0.35365853658536583,0.9024390243902439,0.024390243902439025,0.010464146026635354,1.0,0.0,0.025,0.0,1.0
20270038,n40_c35,random_replay,0.48,0.8411659726353361,0.1951219512195122,0.9024390243902439,0.024390243902439025,0.010464146026635354,1.0,0.0,0.025,0.0,1.0
20270038,n40_c65,high_energy,0.12,0.5580011897679953,0.8658536585365854,0.9512195121951219,0.024390243902439025,0.006291685560740264,1.0,0.0,0.025,0.0,0.975609756097561
20270038,n40_c65,high_energy,0.24,0.7343842950624627,0.6097560975609756,0.9512195121951219,0.024390243902439025,0.006291685560740264,1.0,0.0,0.025,0.0,0.975609756097561
20270038,n40_c65,high_energy,0.48,0.9895895300416419,0.04878048780487805,0.9512195121951219,0.024390243902439025,0.006291685560740264,1.0,0.0,0.025,0.0,0.975609756097561
20270038,n40_c65,low_energy,0.12,0.5594883997620465,0.8658536585365854,0.9512195121951219,0.024390243902439025,0.006293144355975428,1.0,0.0,0.025,0.0,0.975609756097561
20270038,n40_c65,low_energy,0.24,0.7245687091017251,0.5853658536585366,0.9512195121951219,0.024390243902439025,0.006293144355975428,1.0,0.0,0.025,0.0,0.975609756097561
20270038,n40_c65,low_energy,0.48,0.9696609161213562,0.04878048780487805,0.9512195121951219,0.024390243902439025,0.006293144355975428,1.0,0.0,0.025,0.0,0.975609756097561
20270038,n40_c65,no_replay,0.12,0.5761451516954195,0.8902439024390244,0.975609756097561,0.024390243902439025,0.006501617182020486,1.0,0.0,0.025,0.0,0.975609756097561
20270038,n40_c65,no_replay,0.24,0.7831647828673409,0.6585365853658537,0.975609756097561,0.024390243902439025,0.006501617182020486,1.0,0.0,0.025,0.0,0.975609756097561
20270038,n40_c65,no_replay,0.48,0.9759071980963713,0.012195121951219513,0.975609756097561,0.024390243902439025,0.006501617182020486,1.0,0.0,0.025,0.0,0.975609756097561
20270038,n40_c65,random_replay,0.12,0.5594883997620465,0.8780487804878049,0.975609756097561,0.024390243902439025,0.006293144355975428,1.0,0.0,0.025,0.0,0.975609756097561
20270038,n40_c65,random_replay,0.24,0.7245687091017251,0.6097560975609756,0.975609756097561,0.024390243902439025,0.006293144355975428,1.0,0.0,0.025,0.0,0.975609756097561
20270038,n40_c65,random_replay,0.48,0.9696609161213562,0.04878048780487805,0.975609756097561,0.024390243902439025,0.006293144355975428,1.0,0.0,0.025,0.0,0.975609756097561
20270039,n12_c15,high_energy,0.12,0.7396449704142012,0.6923076923076923,0.7692307692307693,0.5769230769230769,0.011283800699757486,1.0,0.75,0.5625,0.0,1.0
20270039,n12_c15,high_energy,0.24,0.7633136094674556,0.6153846153846154,0.7692307692307693,0.5769230769230769,0.011283800699757486,1.0,0.75,0.5625,0.0,1.0
20270039,n12_c15,high_energy,0.48,0.7633136094674556,0.6153846153846154,0.7692307692307693,0.5769230769230769,0.011283800699757486,1.0,0.75,0.5625,0.0,1.0
20270039,n12_c15,low_energy,0.12,0.7396449704142012,0.6923076923076923,0.7692307692307693,0.5769230769230769,0.006958463187570472,1.0,0.0,0.625,0.0,1.0
20270039,n12_c15,low_energy,0.24,0.7633136094674556,0.6153846153846154,0.7692307692307693,0.5769230769230769,0.006958463187570472,1.0,0.0,0.625,0.0,1.0
20270039,n12_c15,low_energy,0.48,0.7633136094674556,0.6153846153846154,0.7692307692307693,0.5769230769230769,0.006958463187570472,1.0,0.0,0.625,0.0,1.0
20270039,n12_c15,no_replay,0.12,0.7810650887573964,0.38461538461538464,1.0,0.5192307692307693,0.0073914703807425736,1.0,0.25,0.5416666666666666,0.0,1.0
20270039,n12_c15,no_replay,0.24,1.0,0.0,1.0,0.5192307692307693,0.0073914703807425736,1.0,0.25,0.5416666666666666,0.0,1.0
20270039,n12_c15,no_replay,0.48,1.0,0.0,1.0,0.5192307692307693,0.0073914703807425736,1.0,0.25,0.5416666666666666,0.0,1.0
20270039,n12_c15,random_replay,0.12,0.7396449704142012,0.6923076923076923,0.7692307692307693,0.5769230769230769,0.011283800699757485,1.0,0.75,0.5625,0.0,1.0
20270039,n12_c15,random_replay,0.24,0.7633136094674556,0.6153846153846154,0.7692307692307693,0.5769230769230769,0.011283800699757485,1.0,0.75,0.5625,0.0,1.0
20270039,n12_c15,random_replay,0.48,0.7633136094674556,0.6153846153846154,0.7692307692307693,0.5769230769230769,0.011283800699757485,1.0,0.75,0.5625,0.0,1.0
20270039,n12_c35,high_energy,0.12,0.7189349112426036,0.7692307692307693,0.8461538461538461,0.23076923076923078,0.008745933654359593,1.0,0.25,0.22916666666666666,0.0,1.0
20270039,n12_c35,high_energy,0.24,0.7633136094674556,0.6153846153846154,0.8461538461538461,0.23076923076923078,0.008745933654359593,1.0,0.25,0.22916666666666666,0.0,1.0
20270039,n12_c35,high_energy,0.48,0.7633136094674556,0.6153846153846154,0.8461538461538461,0.23076923076923078,0.008745933654359593,1.0,0.25,0.22916666666666666,0.0,1.0
20270039,n12_c35,low_energy,0.12,0.7248520710059172,0.8461538461538461,0.9230769230769231,0.17307692307692307,0.009709448802462816,1.0,0.0,0.1875,0.0,1.0
20270039,n12_c35,low_energy,0.24,0.7544378698224852,0.6153846153846154,0.9230769230769231,0.17307692307692307,0.009709448802462816,1.0,0.0,0.1875,0.0,1.0
20270039,n12_c35,low_energy,0.48,0.7633136094674556,0.6153846153846154,0.9230769230769231,0.17307692307692307,0.009709448802462816,1.0,0.0,0.1875,0.0,1.0
20270039,n12_c35,no_replay,0.12,0.7721893491124261,0.6153846153846154,1.0,0.07692307692307693,0.010676177674066274,1.0,0.0,0.08333333333333333,0.0,1.0
20270039,n12_c35,no_replay,0.24,1.0,0.0,1.0,0.07692307692307693,0.010676177674066274,1.0,0.0,0.08333333333333333,0.0,1.0
20270039,n12_c35,no_replay,0.48,1.0,0.0,1.0,0.07692307692307693,0.010676177674066274,1.0,0.0,0.08333333333333333,0.0,1.0
20270039,n12_c35,random_replay,0.12,0.7248520710059172,0.8461538461538461,0.8461538461538461,0.17307692307692307,0.009709448802462816,1.0,0.0,0.1875,0.0,1.0
20270039,n12_c35,random_replay,0.24,0.7544378698224852,0.6153846153846154,0.8461538461538461,0.17307692307692307,0.009709448802462816,1.0,0.0,0.1875,0.0,1.0
20270039,n12_c35,random_replay,0.48,0.7633136094674556,0.6153846153846154,0.8461538461538461,0.17307692307692307,0.009709448802462816,1.0,0.0,0.1875,0.0,1.0
20270039,n12_c65,high_energy,0.12,0.6715976331360947,0.8076923076923077,0.8461538461538461,0.07692307692307693,0.006886348010874305,1.0,0.0,0.08333333333333333,0.0,1.0
20270039,n12_c65,high_energy,0.24,0.7278106508875739,0.6538461538461539,0.8461538461538461,0.07692307692307693,0.006886348010874305,1.0,0.0,0.08333333333333333,0.0,1.0
20270039,n12_c65,high_energy,0.48,0.9852071005917159,0.038461538461538464,0.8461538461538461,0.07692307692307693,0.006886348010874305,1.0,0.0,0.08333333333333333,0.0,1.0
20270039,n12_c65,low_energy,0.12,0.7071005917159765,0.8076923076923077,0.8461538461538461,0.07692307692307693,0.006853755551227209,1.0,0.0,0.08333333333333333,0.0,0.9230769230769231
20270039,n12_c65,low_energy,0.24,0.7337278106508875,0.6538461538461539,0.8461538461538461,0.07692307692307693,0.006853755551227209,1.0,0.0,0.08333333333333333,0.0,0.9230769230769231
20270039,n12_c65,low_energy,0.48,0.9112426035502958,0.11538461538461539,0.8461538461538461,0.07692307692307693,0.006853755551227209,1.0,0.0,0.08333333333333333,0.0,0.9230769230769231
20270039,n12_c65,no_replay,0.12,0.6834319526627219,0.7692307692307693,0.8461538461538461,0.07692307692307693,0.007373428346318221,1.0,0.0,0.08333333333333333,0.0,0.9230769230769231
20270039,n12_c65,no_replay,0.24,0.893491124260355,0.15384615384615385,0.8461538461538461,0.07692307692307693,0.007373428346318221,1.0,0.0,0.08333333333333333,0.0,0.9230769230769231
20270039,n12_c65,no_replay,0.48,0.9911242603550295,0.0,0.8461538461538461,0.07692307692307693,0.007373428346318221,1.0,0.0,0.08333333333333333,0.0,0.9230769230769231
20270039,n12_c65,random_replay,0.12,0.6715976331360947,0.8076923076923077,0.8461538461538461,0.07692307692307693,0.006886348010874305,1.0,0.0,0.08333333333333333,0.0,1.0
20270039,n12_c65,random_replay,0.24,0.7278106508875739,0.6538461538461539,0.8461538461538461,0.07692307692307693,0.006886348010874305,1.0,0.0,0.08333333333333333,0.0,1.0
20270039,n12_c65,random_replay,0.48,0.9852071005917159,0.038461538461538464,0.8461538461538461,0.07692307692307693,0.006886348010874305,1.0,0.0,0.08333333333333333,0.0,1.0
20270039,n24_c15,high_energy,0.12,0.652,0.76,0.96,0.16,0.011727597097311627,1.0,0.0,0.16666666666666666,0.0,1.0
20270039,n24_c15,high_energy,0.24,0.7776000000000001,0.34,0.96,0.16,0.011727597097311627,1.0,0.0,0.16666666666666666,0.0,1.0
20270039,n24_c15,high_energy,0.48,0.7824,0.32,0.96,0.16,0.011727597097311627,1.0,0.0,0.16666666666666666,0.0,1.0
20270039,n24_c15,low_energy,0.12,0.6512,0.74,0.96,0.17,0.011551128591703012,1.0,0.0,0.17708333333333334,0.0,1.0
20270039,n24_c15,low_energy,0.24,0.7776000000000001,0.34,0.96,0.17,0.011551128591703012,1.0,0.0,0.17708333333333334,0.0,1.0
20270039,n24_c15,low_energy,0.48,0.7824,0.32,0.96,0.17,0.011551128591703012,1.0,0.0,0.17708333333333334,0.0,1.0
20270039,n24_c15,no_replay,0.12,0.7152,0.68,0.88,0.05,0.013018303258913379,1.0,0.0,0.052083333333333336,0.0,1.0
20270039,n24_c15,no_replay,0.24,0.9752,0.08,0.88,0.05,0.013018303258913379,1.0,0.0,0.052083333333333336,0.0,1.0
20270039,n24_c15,no_replay,0.48,1.0,0.0,0.88,0.05,0.013018303258913379,1.0,0.0,0.052083333333333336,0.0,1.0
20270039,n24_c15,random_replay,0.12,0.6512,0.74,0.96,0.17,0.011551128591703012,1.0,0.0,0.17708333333333334,0.0,1.0
20270039,n24_c15,random_replay,0.24,0.7776000000000001,0.34,0.96,0.17,0.011551128591703012,1.0,0.0,0.17708333333333334,0.0,1.0
20270039,n24_c15,random_replay,0.48,0.7824,0.32,0.96,0.17,0.011551128591703012,1.0,0.0,0.17708333333333334,0.0,1.0
20270039,n24_c35,high_energy,0.12,0.6464,0.6,0.84,0.05,0.010459521340164736,1.0,0.25,0.041666666666666664,0.0,1.0
20270039,n24_c35,high_energy,0.24,0.7784,0.32,0.84,0.05,0.010459521340164736,1.0,0.25,0.041666666666666664,0.0,1.0
20270039,n24_c35,high_energy,0.48,0.7824,0.32,0.84,0.05,0.010459521340164736,1.0,0.25,0.041666666666666664,0.0,1.0
20270039,n24_c35,low_energy,0.12,0.6416,0.58,0.84,0.04,0.010628651328564519,1.0,0.0,0.041666666666666664,0.0,1.0
20270039,n24_c35,low_energy,0.24,0.7632,0.32,0.84,0.04,0.010628651328564519,1.0,0.0,0.041666666666666664,0.0,1.0
20270039,n24_c35,low_energy,0.48,0.7824,0.32,0.84,0.04,0.010628651328564519,1.0,0.0,0.041666666666666664,0.0,1.0
20270039,n24_c35,no_replay,0.12,0.696,0.54,0.8,0.04,0.010656095153849536,1.0,0.0,0.041666666666666664,0.0,1.0
20270039,n24_c35,no_replay,0.24,0.9703999999999999,0.02,0.8,0.04,0.010656095153849536,1.0,0.0,0.041666666666666664,0.0,1.0
20270039,n24_c35,no_replay,0.48,1.0,0.0,0.8,0.04,0.010656095153849536,1.0,0.0,0.041666666666666664,0.0,1.0
20270039,n24_c35,random_replay,0.12,0.6464,0.6,0.84,0.05,0.010459521340164736,1.0,0.25,0.041666666666666664,0.0,1.0
20270039,n24_c35,random_replay,0.24,0.7784,0.32,0.84,0.05,0.010459521340164736,1.0,0.25,0.041666666666666664,0.0,1.0
20270039,n24_c35,random_replay,0.48,0.7824,0.32,0.84,0.05,0.010459521340164736,1.0,0.25,0.041666666666666664,0.0,1.0
20270039,n24_c65,high_energy,0.12,0.6424,0.66,0.92,0.04,0.00642845203913971,1.0,0.0,0.041666666666666664,0.0,0.96
20270039,n24_c65,high_energy,0.24,0.7656000000000001,0.36,0.92,0.04,0.00642845203913971,1.0,0.0,0.041666666666666664,0.0,0.96
20270039,n24_c65,high_energy,0.48,0.9792,0.04,0.92,0.04,0.00642845203913971,1.0,0.0,0.041666666666666664,0.0,0.96
20270039,n24_c65,low_energy,0.12,0.6264,0.68,0.92,0.04,0.0063822644898527256,1.0,0.0,0.041666666666666664,0.0,0.96
20270039,n24_c65,low_energy,0.24,0.728,0.46,0.92,0.04,0.0063822644898527256,1.0,0.0,0.041666666666666664,0.0,0.96
20270039,n24_c65,low_energy,0.48,0.9471999999999999,0.04,0.92,0.04,0.0063822644898527256,1.0,0.0,0.041666666666666664,0.0,0.96
20270039,n24_c65,no_replay,0.12,0.6472,0.72,0.96,0.04,0.006860055858328863,1.0,0.0,0.041666666666666664,0.0,0.96
20270039,n24_c65,no_replay,0.24,0.8456,0.28,0.96,0.04,0.006860055858328863,1.0,0.0,0.041666666666666664,0.0,0.96
20270039,n24_c65,no_replay,0.48,0.9616,0.02,0.96,0.04,0.006860055858328863,1.0,0.0,0.041666666666666664,0.0,0.96
20270039,n24_c65,random_replay,0.12,0.6264,0.76,0.96,0.04,0.0063822644898527256,1.0,0.0,0.041666666666666664,0.0,0.96
20270039,n24_c65,random_replay,0.24,0.728,0.46,0.96,0.04,0.0063822644898527256,1.0,0.0,0.041666666666666664,0.0,0.96
20270039,n24_c65,random_replay,0.48,0.9471999999999999,0.06,0.96,0.04,0.0063822644898527256,1.0,0.0,0.041666666666666664,0.0,0.96
20270039,n40_c15,high_energy,0.12,0.7364663890541345,0.7195121951219512,0.975609756097561,0.036585365853658534,0.013209274868858213,1.0,0.0,0.0375,0.0,1.0
20270039,n40_c15,high_energy,0.24,0.8426531826293873,0.2073170731707317,0.975609756097561,0.036585365853658534,0.013209274868858213,1.0,0.0,0.0375,0.0,1.0
20270039,n40_c15,high_energy,0.48,0.8429506246281976,0.1951219512195122,0.975609756097561,0.036585365853658534,0.013209274868858213,1.0,0.0,0.0375,0.0,1.0
20270039,n40_c15,low_energy,0.12,0.7293277810826889,0.7195121951219512,0.975609756097561,0.036585365853658534,0.013193442554762437,1.0,0.0,0.0375,0.0,1.0
20270039,n40_c15,low_energy,0.24,0.8426531826293873,0.2073170731707317,0.975609756097561,0.036585365853658534,0.013193442554762437,1.0,0.0,0.0375,0.0,1.0
20270039,n40_c15,low_energy,0.48,0.8429506246281976,0.1951219512195122,0.975609756097561,0.036585365853658534,0.013193442554762437,1.0,0.0,0.0375,0.0,1.0
20270039,n40_c15,no_replay,0.12,0.8057703747769185,0.6951219512195121,0.975609756097561,0.024390243902439025,0.01323322180961266,1.0,0.0,0.025,0.0,1.0
20270039,n40_c15,no_replay,0.24,0.998810232004759,0.024390243902439025,0.975609756097561,0.024390243902439025,0.01323322180961266,1.0,0.0,0.025,0.0,1.0
20270039,n40_c15,no_replay,0.48,1.0,0.0,0.975609756097561,0.024390243902439025,0.01323322180961266,1.0,0.0,0.025,0.0,1.0
20270039,n40_c15,random_replay,0.12,0.7293277810826889,0.7195121951219512,0.975609756097561,0.036585365853658534,0.013193442554762437,1.0,0.0,0.0375,0.0,1.0
20270039,n40_c15,random_replay,0.24,0.8426531826293873,0.2073170731707317,0.975609756097561,0.036585365853658534,0.013193442554762437,1.0,0.0,0.0375,0.0,1.0
20270039,n40_c15,random_replay,0.48,0.8429506246281976,0.1951219512195122,0.975609756097561,0.036585365853658534,0.013193442554762437,1.0,0.0,0.0375,0.0,1.0
20270039,n40_c35,high_energy,0.12,0.6624033313503866,0.8292682926829268,0.9512195121951219,0.03048780487804878,0.010441158764537169,1.0,0.25,0.025,0.0,1.0
20270039,n40_c35,high_energy,0.24,0.828375966686496,0.3170731707317073,0.9512195121951219,0.03048780487804878,0.010441158764537169,1.0,0.25,0.025,0.0,1.0
20270039,n40_c35,high_energy,0.48,0.8441403926234385,0.1951219512195122,0.9512195121951219,0.03048780487804878,0.010441158764537169,1.0,0.25,0.025,0.0,1.0
20270039,n40_c35,low_energy,0.12,0.6573468173706127,0.8414634146341463,0.9512195121951219,0.024390243902439025,0.01053800310865436,1.0,0.0,0.025,0.0,1.0
20270039,n40_c35,low_energy,0.24,0.810232004759072,0.32926829268292684,0.9512195121951219,0.024390243902439025,0.01053800310865436,1.0,0.0,0.025,0.0,1.0
20270039,n40_c35,low_energy,0.48,0.8426531826293873,0.1951219512195122,0.9512195121951219,0.024390243902439025,0.01053800310865436,1.0,0.0,0.025,0.0,1.0
20270039,n40_c35,no_replay,0.12,0.698691255205235,0.8658536585365854,0.9512195121951219,0.024390243902439025,0.010553982863418876,1.0,0.0,0.025,0.0,1.0
20270039,n40_c35,no_replay,0.24,0.9535990481856038,0.23170731707317074,0.9512195121951219,0.024390243902439025,0.010553982863418876,1.0,0.0,0.025,0.0,1.0
20270039,n40_c35,no_replay,0.48,1.0,0.0,0.9512195121951219,0.024390243902439025,0.010553982863418876,1.0,0.0,0.025,0.0,1.0
20270039,n40_c35,random_replay,0.12,0.6573468173706127,0.8414634146341463,0.9512195121951219,0.024390243902439025,0.01053800310865436,1.0,0.0,0.025,0.0,1.0
20270039,n40_c35,random_replay,0.24,0.810232004759072,0.32926829268292684,0.9512195121951219,0.024390243902439025,0.01053800310865436,1.0,0.0,0.025,0.0,1.0
20270039,n40_c35,random_replay,0.48,0.8426531826293873,0.1951219512195122,0.9512195121951219,0.024390243902439025,0.01053800310865436,1.0,0.0,0.025,0.0,1.0
20270039,n40_c65,high_energy,0.12,0.6052944675788222,0.926829268292683,0.9512195121951219,0.024390243902439025,0.006204544736161556,1.0,0.0,0.025,0.0,0.975609756097561
20270039,n40_c65,high_energy,0.24,0.7795954788816181,0.5609756097560976,0.9512195121951219,0.024390243902439025,0.006204544736161556,1.0,0.0,0.025,0.0,0.975609756097561
20270039,n40_c65,high_energy,0.48,0.9970255800118977,0.0,0.9512195121951219,0.024390243902439025,0.006204544736161556,1.0,0.0,0.025,0.0,0.975609756097561
20270039,n40_c65,low_energy,0.12,0.6079714455681141,0.926829268292683,0.9512195121951219,0.024390243902439025,0.0061696903926220376,1.0,0.0,0.025,0.0,0.975609756097561
20270039,n40_c65,low_energy,0.24,0.7691850089232599,0.5853658536585366,0.9512195121951219,0.024390243902439025,0.0061696903926220376,1.0,0.0,0.025,0.0,0.975609756097561
20270039,n40_c65,low_energy,0.48,0.9762046400951814,0.0,0.9512195121951219,0.024390243902439025,0.0061696903926220376,1.0,0.0,0.025,0.0,0.975609756097561
20270039,n40_c65,no_replay,0.12,0.611540749553837,0.9512195121951219,0.975609756097561,0.024390243902439025,0.0064810480820749255,1.0,0.0,0.025,0.0,0.975609756097561
20270039,n40_c65,no_replay,0.24,0.8578227245687091,0.6341463414634146,0.975609756097561,0.024390243902439025,0.0064810480820749255,1.0,0.0,0.025,0.0,0.975609756097561
20270039,n40_c65,no_replay,0.48,0.9759071980963713,0.012195121951219513,0.975609756097561,0.024390243902439025,0.0064810480820749255,1.0,0.0,0.025,0.0,0.975609756097561
20270039,n40_c65,random_replay,0.12,0.6079714455681141,0.9634146341463414,0.975609756097561,0.024390243902439025,0.0061696903926220376,1.0,0.0,0.025,0.0,0.975609756097561
20270039,n40_c65,random_replay,0.24,0.7691850089232599,0.6219512195121951,0.975609756097561,0.024390243902439025,0.0061696903926220376,1.0,0.0,0.025,0.0,0.975609756097561
20270039,n40_c65,random_replay,0.48,0.9762046400951814,0.0,0.975609756097561,0.024390243902439025,0.0061696903926220376,1.0,0.0,0.025,0.0,0.975609756097561
20270040,n12_c15,high_energy,0.12,0.7485207100591716,0.7692307692307693,1.0,0.5769230769230769,0.006417721243742787,1.0,0.75,0.5625,0.0,1.0
20270040,n12_c15,high_energy,0.24,0.7633136094674556,0.6153846153846154,1.0,0.5769230769230769,0.006417721243742787,1.0,0.75,0.5625,0.0,1.0
20270040,n12_c15,high_energy,0.48,0.7633136094674556,0.6153846153846154,1.0,0.5769230769230769,0.006417721243742787,1.0,0.75,0.5625,0.0,1.0
20270040,n12_c15,low_energy,0.12,0.7633136094674556,0.8461538461538461,1.0,0.5961538461538461,0.006167501877571037,1.0,0.0,0.6458333333333334,0.0,1.0
20270040,n12_c15,low_energy,0.24,0.7633136094674556,0.6153846153846154,1.0,0.5961538461538461,0.006167501877571037,1.0,0.0,0.6458333333333334,0.0,1.0
20270040,n12_c15,low_energy,0.48,0.7633136094674556,0.6153846153846154,1.0,0.5961538461538461,0.006167501877571037,1.0,0.0,0.6458333333333334,0.0,1.0
20270040,n12_c15,no_replay,0.12,0.7633136094674556,0.7692307692307693,1.0,0.5384615384615384,0.007146645734433897,1.0,0.25,0.5625,0.0,1.0
20270040,n12_c15,no_replay,0.24,0.9911242603550297,0.07692307692307693,1.0,0.5384615384615384,0.007146645734433897,1.0,0.25,0.5625,0.0,1.0
20270040,n12_c15,no_replay,0.48,1.0,0.0,1.0,0.5384615384615384,0.007146645734433897,1.0,0.25,0.5625,0.0,1.0
20270040,n12_c15,random_replay,0.12,0.7633136094674556,0.8461538461538461,1.0,0.5961538461538461,0.006167501877571037,1.0,0.0,0.6458333333333334,0.0,1.0
20270040,n12_c15,random_replay,0.24,0.7633136094674556,0.6153846153846154,1.0,0.5961538461538461,0.006167501877571037,1.0,0.0,0.6458333333333334,0.0,1.0
20270040,n12_c15,random_replay,0.48,0.7633136094674556,0.6153846153846154,1.0,0.5961538461538461,0.006167501877571037,1.0,0.0,0.6458333333333334,0.0,1.0
20270040,n12_c35,high_energy,0.12,0.7337278106508875,0.7692307692307693,0.8461538461538461,0.23076923076923078,0.008411970615212124,1.0,0.75,0.1875,0.0,1.0
20270040,n12_c35,high_energy,0.24,0.7633136094674556,0.6153846153846154,0.8461538461538461,0.23076923076923078,0.008411970615212124,1.0,0.75,0.1875,0.0,1.0
20270040,n12_c35,high_energy,0.48,0.7633136094674556,0.6153846153846154,0.8461538461538461,0.23076923076923078,0.008411970615212124,1.0,0.75,0.1875,0.0,1.0
20270040,n12_c35,low_energy,0.12,0.7218934911242604,0.8461538461538461,0.9230769230769231,0.17307692307692307,0.009300824245070793,1.0,0.25,0.16666666666666666,0.0,1.0
20270040,n12_c35,low_energy,0.24,0.7544378698224852,0.6153846153846154,0.9230769230769231,0.17307692307692307,0.009300824245070793,1.0,0.25,0.16666666666666666,0.0,1.0
20270040,n12_c35,low_energy,0.48,0.7633136094674556,0.6153846153846154,0.9230769230769231,0.17307692307692307,0.009300824245070793,1.0,0.25,0.16666666666666666,0.0,1.0
20270040,n12_c35,no_replay,0.12,0.7692307692307693,0.5769230769230769,0.9230769230769231,0.1346153846153846,0.009581874988851949,1.0,0.75,0.08333333333333333,0.0,1.0
20270040,n12_c35,no_replay,0.24,1.0,0.0,0.9230769230769231,0.1346153846153846,0.009581874988851949,1.0,0.75,0.08333333333333333,0.0,1.0
20270040,n12_c35,no_replay,0.48,1.0,0.0,0.9230769230769231,0.1346153846153846,0.009581874988851949,1.0,0.75,0.08333333333333333,0.0,1.0
20270040,n12_c35,random_replay,0.12,0.7218934911242604,0.8076923076923077,0.9230769230769231,0.17307692307692307,0.009300824245070793,1.0,0.25,0.16666666666666666,0.0,1.0
20270040,n12_c35,random_replay,0.24,0.7544378698224852,0.6153846153846154,0.9230769230769231,0.17307692307692307,0.009300824245070793,1.0,0.25,0.16666666666666666,0.0,1.0
20270040,n12_c35,random_replay,0.48,0.7633136094674556,0.6153846153846154,0.9230769230769231,0.17307692307692307,0.009300824245070793,1.0,0.25,0.16666666666666666,0.0,1.0
20270040,n12_c65,high_energy,0.12,0.6420118343195266,0.7692307692307693,0.9230769230769231,0.11538461538461539,0.005879445778372993,1.0,0.5,0.08333333333333333,0.0,1.0
20270040,n12_c65,high_energy,0.24,0.7218934911242603,0.6153846153846154,0.9230769230769231,0.11538461538461539,0.005879445778372993,1.0,0.5,0.08333333333333333,0.0,1.0
20270040,n12_c65,high_energy,0.48,1.0,0.0,0.9230769230769231,0.11538461538461539,0.005879445778372993,1.0,0.5,0.08333333333333333,0.0,1.0
20270040,n12_c65,low_energy,0.12,0.6597633136094675,0.8076923076923077,0.9230769230769231,0.07692307692307693,0.0068242395084876836,1.0,0.0,0.08333333333333333,0.0,0.9230769230769231
20270040,n12_c65,low_energy,0.24,0.7396449704142012,0.6153846153846154,0.9230769230769231,0.07692307692307693,0.0068242395084876836,1.0,0.0,0.08333333333333333,0.0,0.9230769230769231
20270040,n12_c65,low_energy,0.48,0.9289940828402368,0.038461538461538464,0.9230769230769231,0.07692307692307693,0.0068242395084876836,1.0,0.0,0.08333333333333333,0.0,0.9230769230769231
20270040,n12_c65,no_replay,0.12,0.5946745562130178,0.7307692307692307,0.7692307692307693,0.09615384615384616,0.007117479731456794,1.0,0.25,0.08333333333333333,0.0,0.9230769230769231
20270040,n12_c65,no_replay,0.24,0.8224852071005917,0.19230769230769232,0.7692307692307693,0.09615384615384616,0.007117479731456794,1.0,0.25,0.08333333333333333,0.0,0.9230769230769231
20270040,n12_c65,no_replay,0.48,0.9881656804733727,0.0,0.7692307692307693,0.09615384615384616,0.007117479731456794,1.0,0.25,0.08333333333333333,0.0,0.9230769230769231
20270040,n12_c65,random_replay,0.12,0.6597633136094675,0.8461538461538461,0.9230769230769231,0.07692307692307693,0.0068242395084876836,1.0,0.0,0.08333333333333333,0.0,0.9230769230769231
20270040,n12_c65,random_replay,0.24,0.7396449704142012,0.6538461538461539,0.9230769230769231,0.07692307692307693,0.0068242395084876836,1.0,0.0,0.08333333333333333,0.0,0.9230769230769231
20270040,n12_c65,random_replay,0.48,0.9289940828402368,0.038461538461538464,0.9230769230769231,0.07692307692307693,0.0068242395084876836,1.0,0.0,0.08333333333333333,0.0,0.9230769230769231
20270040,n24_c15,high_energy,0.12,0.692,0.7,0.88,0.2,0.011101223050034175,1.0,0.25,0.19791666666666666,0.0,1.0
20270040,n24_c15,high_energy,0.24,0.776,0.34,0.88,0.2,0.011101223050034175,1.0,0.25,0.19791666666666666,0.0,1.0
20270040,n24_c15,high_energy,0.48,0.7824,0.32,0.88,0.2,0.011101223050034175,1.0,0.25,0.19791666666666666,0.0,1.0
20270040,n24_c15,low_energy,0.12,0.6896,0.74,0.88,0.21,0.010997419295740047,1.0,0.0,0.21875,0.0,1.0
20270040,n24_c15,low_energy,0.24,0.7752000000000001,0.34,0.88,0.21,0.010997419295740047,1.0,0.0,0.21875,0.0,1.0
20270040,n24_c15,low_energy,0.48,0.7824,0.32,0.88,0.21,0.010997419295740047,1.0,0.0,0.21875,0.0,1.0
20270040,n24_c15,no_replay,0.12,0.76,0.6,0.88,0.06,0.01286516612880644,1.0,0.25,0.052083333333333336,0.0,1.0
20270040,n24_c15,no_replay,0.24,0.9784,0.02,0.88,0.06,0.01286516612880644,1.0,0.25,0.052083333333333336,0.0,1.0
20270040,n24_c15,no_replay,0.48,1.0,0.0,0.88,0.06,0.01286516612880644,1.0,0.25,0.052083333333333336,0.0,1.0
20270040,n24_c15,random_replay,0.12,0.6896,0.74,0.88,0.21,0.010997419295740047,1.0,0.0,0.21875,0.0,1.0
20270040,n24_c15,random_replay,0.24,0.7752000000000001,0.34,0.88,0.21,0.010997419295740047,1.0,0.0,0.21875,0.0,1.0
20270040,n24_c15,random_replay,0.48,0.7824,0.32,0.88,0.21,0.010997419295740047,1.0,0.0,0.21875,0.0,1.0
20270040,n24_c35,high_energy,0.12,0.6472,0.82,0.92,0.05,0.010385955163008226,1.0,0.25,0.041666666666666664,0.0,1.0
20270040,n24_c35,high_energy,0.24,0.7767999999999999,0.34,0.92,0.05,0.010385955163008226,1.0,0.25,0.041666666666666664,0.0,1.0
20270040,n24_c35,high_energy,0.48,0.7824,0.32,0.92,0.05,0.010385955163008226,1.0,0.25,0.041666666666666664,0.0,1.0
20270040,n24_c35,low_energy,0.12,0.6552,0.88,0.92,0.04,0.010556870846904614,1.0,0.0,0.041666666666666664,0.0,1.0
20270040,n24_c35,low_energy,0.24,0.7544000000000001,0.34,0.92,0.04,0.010556870846904614,1.0,0.0,0.041666666666666664,0.0,1.0
20270040,n24_c35,low_energy,0.48,0.7824,0.32,0.92,0.04,0.010556870846904614,1.0,0.0,0.041666666666666664,0.0,1.0
20270040,n24_c35,no_replay,0.12,0.736,0.82,0.88,0.04,0.010651953069491425,1.0,0.0,0.041666666666666664,0.0,1.0
20270040,n24_c35,no_replay,0.24,0.972,0.04,0.88,0.04,0.010651953069491425,1.0,0.0,0.041666666666666664,0.0,1.0
20270040,n24_c35,no_replay,0.48,1.0,0.0,0.88,0.04,0.010651953069491425,1.0,0.0,0.041666666666666664,0.0,1.0
20270040,n24_c35,random_replay,0.12,0.6552,0.88,0.92,0.04,0.010556870846904614,1.0,0.0,0.041666666666666664,0.0,1.0
20270040,n24_c35,random_replay,0.24,0.7544000000000001,0.34,0.92,0.04,0.010556870846904614,1.0,0.0,0.041666666666666664,0.0,1.0
20270040,n24_c35,random_replay,0.48,0.7824,0.32,0.92,0.04,0.010556870846904614,1.0,0.0,0.041666666666666664,0.0,1.0
20270040,n24_c65,high_energy,0.12,0.5808,0.64,0.76,0.05,0.006299527269176072,1.0,0.25,0.041666666666666664,0.0,0.96
20270040,n24_c65,high_energy,0.24,0.7192,0.4,0.76,0.05,0.006299527269176072,1.0,0.25,0.041666666666666664,0.0,0.96
20270040,n24_c65,high_energy,0.48,0.9768,0.04,0.76,0.05,0.006299527269176072,1.0,0.25,0.041666666666666664,0.0,0.96
20270040,n24_c65,low_energy,0.12,0.5720000000000001,0.72,0.76,0.04,0.0065050108972390715,1.0,0.0,0.041666666666666664,0.0,0.96
20270040,n24_c65,low_energy,0.24,0.6848,0.44,0.76,0.04,0.0065050108972390715,1.0,0.0,0.041666666666666664,0.0,0.96
20270040,n24_c65,low_energy,0.48,0.9423999999999999,0.04,0.76,0.04,0.0065050108972390715,1.0,0.0,0.041666666666666664,0.0,0.96
20270040,n24_c65,no_replay,0.12,0.5904,0.64,0.76,0.04,0.007007996168342522,1.0,0.0,0.041666666666666664,0.0,0.96
20270040,n24_c65,no_replay,0.24,0.7936,0.32,0.76,0.04,0.007007996168342522,1.0,0.0,0.041666666666666664,0.0,0.96
20270040,n24_c65,no_replay,0.48,0.9615999999999998,0.0,0.76,0.04,0.007007996168342522,1.0,0.0,0.041666666666666664,0.0,0.96
20270040,n24_c65,random_replay,0.12,0.5808,0.56,0.64,0.05,0.006299527269176072,1.0,0.25,0.041666666666666664,0.0,0.96
20270040,n24_c65,random_replay,0.24,0.7192,0.38,0.64,0.05,0.006299527269176072,1.0,0.25,0.041666666666666664,0.0,0.96
20270040,n24_c65,random_replay,0.48,0.9768,0.04,0.64,0.05,0.006299527269176072,1.0,0.25,0.041666666666666664,0.0,0.96
20270040,n40_c15,high_energy,0.12,0.6847114812611541,0.8536585365853658,0.9512195121951219,0.036585365853658534,0.0130930811571012,1.0,0.25,0.03125,0.0,1.0
20270040,n40_c15,high_energy,0.24,0.8420582986317668,0.1951219512195122,0.9512195121951219,0.036585365853658534,0.0130930811571012,1.0,0.25,0.03125,0.0,1.0
20270040,n40_c15,high_energy,0.48,0.8429506246281976,0.1951219512195122,0.9512195121951219,0.036585365853658534,0.0130930811571012,1.0,0.25,0.03125,0.0,1.0
20270040,n40_c15,low_energy,0.12,0.6734086853063653,0.8292682926829268,0.926829268292683,0.036585365853658534,0.01322697746378004,1.0,0.0,0.0375,0.0,1.0
20270040,n40_c15,low_energy,0.24,0.8420582986317668,0.1951219512195122,0.926829268292683,0.036585365853658534,0.01322697746378004,1.0,0.0,0.0375,0.0,1.0
20270040,n40_c15,low_energy,0.48,0.8429506246281976,0.1951219512195122,0.926829268292683,0.036585365853658534,0.01322697746378004,1.0,0.0,0.0375,0.0,1.0
20270040,n40_c15,no_replay,0.12,0.7635336109458657,0.8048780487804879,0.9512195121951219,0.024390243902439025,0.013233054123836959,1.0,0.0,0.025,0.0,1.0
20270040,n40_c15,no_replay,0.24,0.9985127900059488,0.012195121951219513,0.9512195121951219,0.024390243902439025,0.013233054123836959,1.0,0.0,0.025,0.0,1.0
20270040,n40_c15,no_replay,0.48,1.0,0.0,0.9512195121951219,0.024390243902439025,0.013233054123836959,1.0,0.0,0.025,0.0,1.0
20270040,n40_c15,random_replay,0.12,0.6734086853063653,0.8292682926829268,0.926829268292683,0.036585365853658534,0.01322697746378004,1.0,0.0,0.0375,0.0,1.0
20270040,n40_c15,random_replay,0.24,0.8420582986317668,0.1951219512195122,0.926829268292683,0.036585365853658534,0.01322697746378004,1.0,0.0,0.0375,0.0,1.0
20270040,n40_c15,random_replay,0.48,0.8429506246281976,0.1951219512195122,0.926829268292683,0.036585365853658534,0.01322697746378004,1.0,0.0,0.0375,0.0,1.0
20270040,n40_c35,high_energy,0.12,0.6668649613325401,0.8658536585365854,0.9512195121951219,0.024390243902439025,0.010536682979310362,1.0,0.0,0.025,0.0,1.0
20270040,n40_c35,high_energy,0.24,0.8259964306960142,0.2804878048780488,0.9512195121951219,0.024390243902439025,0.010536682979310362,1.0,0.0,0.025,0.0,1.0
20270040,n40_c35,high_energy,0.48,0.8429506246281976,0.1951219512195122,0.9512195121951219,0.024390243902439025,0.010536682979310362,1.0,0.0,0.025,0.0,1.0
20270040,n40_c35,low_energy,0.12,0.6627007733491969,0.8536585365853658,0.926829268292683,0.024390243902439025,0.010525885229113475,1.0,0.0,0.025,0.0,1.0
20270040,n40_c35,low_energy,0.24,0.8072575847709696,0.3170731707317073,0.926829268292683,0.024390243902439025,0.010525885229113475,1.0,0.0,0.025,0.0,1.0
20270040,n40_c35,low_energy,0.48,0.8426531826293873,0.1951219512195122,0.926829268292683,0.024390243902439025,0.010525885229113475,1.0,0.0,0.025,0.0,1.0
20270040,n40_c35,no_replay,0.12,0.7099940511600238,0.8658536585365854,0.926829268292683,0.024390243902439025,0.010642276199548233,1.0,0.0,0.025,0.0,1.0
20270040,n40_c35,no_replay,0.24,0.9556811421772754,0.14634146341463414,0.926829268292683,0.024390243902439025,0.010642276199548233,1.0,0.0,0.025,0.0,1.0
20270040,n40_c35,no_replay,0.48,1.0,0.0,0.926829268292683,0.024390243902439025,0.010642276199548233,1.0,0.0,0.025,0.0,1.0
20270040,n40_c35,random_replay,0.12,0.6627007733491969,0.8658536585365854,0.926829268292683,0.024390243902439025,0.010525885229113475,1.0,0.0,0.025,0.0,1.0
20270040,n40_c35,random_replay,0.24,0.8072575847709696,0.3170731707317073,0.926829268292683,0.024390243902439025,0.010525885229113475,1.0,0.0,0.025,0.0,1.0
20270040,n40_c35,random_replay,0.48,0.8426531826293873,0.1951219512195122,0.926829268292683,0.024390243902439025,0.010525885229113475,1.0,0.0,0.025,0.0,1.0
20270040,n40_c65,high_energy,0.12,0.5930993456276026,0.8780487804878049,0.926829268292683,0.024390243902439025,0.0062797243176056575,1.0,0.0,0.025,0.0,0.975609756097561
20270040,n40_c65,high_energy,0.24,0.7382510410469958,0.4146341463414634,0.926829268292683,0.024390243902439025,0.0062797243176056575,1.0,0.0,0.025,0.0,0.975609756097561
20270040,n40_c65,high_energy,0.48,0.9762046400951814,0.06097560975609756,0.926829268292683,0.024390243902439025,0.0062797243176056575,1.0,0.0,0.025,0.0,0.975609756097561
20270040,n40_c65,low_energy,0.12,0.596073765615705,0.8658536585365854,0.926829268292683,0.024390243902439025,0.006268261260892874,1.0,0.0,0.025,0.0,0.975609756097561
20270040,n40_c65,low_energy,0.24,0.7311124330755503,0.4146341463414634,0.926829268292683,0.024390243902439025,0.006268261260892874,1.0,0.0,0.025,0.0,0.975609756097561
20270040,n40_c65,low_energy,0.48,0.9562760261748959,0.07317073170731707,0.926829268292683,0.024390243902439025,0.006268261260892874,1.0,0.0,0.025,0.0,0.975609756097561
20270040,n40_c65,no_replay,0.12,0.6038072575847709,0.8658536585365854,0.926829268292683,0.024390243902439025,0.0065230204533170705,1.0,0.0,0.025,0.0,0.975609756097561
20270040,n40_c65,no_replay,0.24,0.7917906008328376,0.5975609756097561,0.926829268292683,0.024390243902439025,0.0065230204533170705,1.0,0.0,0.025,0.0,0.975609756097561
20270040,n40_c65,no_replay,0.48,0.9643069601427721,0.036585365853658534,0.926829268292683,0.024390243902439025,0.0065230204533170705,1.0,0.0,0.025,0.0,0.975609756097561
20270040,n40_c65,random_replay,0.12,0.596073765615705,0.8780487804878049,0.926829268292683,0.024390243902439025,0.006268261260892874,1.0,0.0,0.025,0.0,0.975609756097561
20270040,n40_c65,random_replay,0.24,0.7311124330755503,0.4634146341463415,0.926829268292683,0.024390243902439025,0.006268261260892874,1.0,0.0,0.025,0.0,0.975609756097561
20270040,n40_c65,random_replay,0.48,0.9562760261748959,0.07317073170731707,0.926829268292683,0.024390243902439025,0.006268261260892874,1.0,0.0,0.025,0.0,0.975609756097561
