seed,source,arm,readout,angle,auc,false_alarm,hit,identity,partial_mse,convergence,task2_hit,unrelated_false_alarm
20274001,none,no_replay,weighted,0.12,0.7552,0.68,0.92,0.04,0.010663938672554028,1.0,1.0,0.0
20274001,none,no_replay,weighted,0.24,0.9703999999999999,0.0,0.92,0.04,0.010663938672554028,1.0,1.0,0.0
20274001,none,no_replay,weighted,0.48,1.0,0.0,0.92,0.04,0.010663938672554028,1.0,1.0,0.0
20274001,none,no_replay,max_similarity,0.12,0.7872,0.6,0.92,0.04,0.010663938672554028,1.0,1.0,0.0
20274001,none,no_replay,max_similarity,0.24,0.9975999999999999,0.0,0.92,0.04,0.010663938672554028,1.0,1.0,0.0
20274001,none,no_replay,max_similarity,0.48,1.0,0.0,0.92,0.04,0.010663938672554028,1.0,1.0,0.0
20274001,exact,random_replay,weighted,0.12,0.652,0.8,0.88,0.04,0.010636094983809827,1.0,1.0,0.0
20274001,exact,random_replay,weighted,0.24,0.7816,0.32,0.88,0.04,0.010636094983809827,1.0,1.0,0.0
20274001,exact,random_replay,weighted,0.48,0.7824,0.32,0.88,0.04,0.010636094983809827,1.0,1.0,0.0
20274001,exact,random_replay,max_similarity,0.12,0.6928,0.74,0.96,0.04,0.010636094983809827,1.0,1.0,0.0
20274001,exact,random_replay,max_similarity,0.24,0.7944,0.32,0.96,0.04,0.010636094983809827,1.0,1.0,0.0
20274001,exact,random_replay,max_similarity,0.48,0.9999999999999999,0.0,0.96,0.04,0.010636094983809827,1.0,1.0,0.0
20274001,exact,high_energy,weighted,0.12,0.652,0.8,0.88,0.04,0.010636094983809827,1.0,1.0,0.0
20274001,exact,high_energy,weighted,0.24,0.7816,0.32,0.88,0.04,0.010636094983809827,1.0,1.0,0.0
20274001,exact,high_energy,weighted,0.48,0.7824,0.32,0.88,0.04,0.010636094983809827,1.0,1.0,0.0
20274001,exact,high_energy,max_similarity,0.12,0.6928,0.74,0.96,0.04,0.010636094983809827,1.0,1.0,0.0
20274001,exact,high_energy,max_similarity,0.24,0.7944,0.32,0.96,0.04,0.010636094983809827,1.0,1.0,0.0
20274001,exact,high_energy,max_similarity,0.48,0.9999999999999999,0.0,0.96,0.04,0.010636094983809827,1.0,1.0,0.0
20274001,exact,low_energy,weighted,0.12,0.6464000000000001,0.8,0.92,0.04,0.010607496301776249,1.0,1.0,0.0
20274001,exact,low_energy,weighted,0.24,0.7552,0.34,0.92,0.04,0.010607496301776249,1.0,1.0,0.0
20274001,exact,low_energy,weighted,0.48,0.7816,0.32,0.92,0.04,0.010607496301776249,1.0,1.0,0.0
20274001,exact,low_energy,max_similarity,0.12,0.6784,0.74,0.92,0.04,0.010607496301776249,1.0,1.0,0.0
20274001,exact,low_energy,max_similarity,0.24,0.7936,0.32,0.92,0.04,0.010607496301776249,1.0,1.0,0.0
20274001,exact,low_energy,max_similarity,0.48,1.0,0.0,0.92,0.04,0.010607496301776249,1.0,1.0,0.0
20274001,coherent,random_replay,weighted,0.12,0.6288,0.82,0.88,0.04,0.010957578082796883,1.0,1.0,0.0
20274001,coherent,random_replay,weighted,0.24,0.7776,0.32,0.88,0.04,0.010957578082796883,1.0,1.0,0.0
20274001,coherent,random_replay,weighted,0.48,0.8296,0.28,0.88,0.04,0.010957578082796883,1.0,1.0,0.0
20274001,coherent,random_replay,max_similarity,0.12,0.7872,0.6,0.92,0.04,0.010957578082796883,1.0,1.0,0.0
20274001,coherent,random_replay,max_similarity,0.24,0.9975999999999999,0.0,0.92,0.04,0.010957578082796883,1.0,1.0,0.0
20274001,coherent,random_replay,max_similarity,0.48,1.0,0.0,0.92,0.04,0.010957578082796883,1.0,1.0,0.0
20274001,coherent,high_energy,weighted,0.12,0.6288,0.78,0.84,0.04,0.010957578082796883,1.0,1.0,0.0
20274001,coherent,high_energy,weighted,0.24,0.7776,0.32,0.84,0.04,0.010957578082796883,1.0,1.0,0.0
20274001,coherent,high_energy,weighted,0.48,0.8296,0.28,0.84,0.04,0.010957578082796883,1.0,1.0,0.0
20274001,coherent,high_energy,max_similarity,0.12,0.7872,0.6,0.92,0.04,0.010957578082796883,1.0,1.0,0.0
20274001,coherent,high_energy,max_similarity,0.24,0.9975999999999999,0.0,0.92,0.04,0.010957578082796883,1.0,1.0,0.0
20274001,coherent,high_energy,max_similarity,0.48,1.0,0.0,0.92,0.04,0.010957578082796883,1.0,1.0,0.0
20274001,coherent,low_energy,weighted,0.12,0.6176000000000001,0.82,0.92,0.04,0.010948209556946586,1.0,1.0,0.0
20274001,coherent,low_energy,weighted,0.24,0.7576,0.34,0.92,0.04,0.010948209556946586,1.0,1.0,0.0
20274001,coherent,low_energy,weighted,0.48,0.8104,0.32,0.92,0.04,0.010948209556946586,1.0,1.0,0.0
20274001,coherent,low_energy,max_similarity,0.12,0.7872,0.6,0.92,0.04,0.010948209556946586,1.0,1.0,0.0
20274001,coherent,low_energy,max_similarity,0.24,0.9975999999999999,0.0,0.92,0.04,0.010948209556946586,1.0,1.0,0.0
20274001,coherent,low_energy,max_similarity,0.48,1.0,0.0,0.92,0.04,0.010948209556946586,1.0,1.0,0.0
20274001,independent,random_replay,weighted,0.12,0.6352,0.8,0.88,0.04,0.010674279109633861,1.0,1.0,0.0
20274001,independent,random_replay,weighted,0.24,0.7784,0.32,0.88,0.04,0.010674279109633861,1.0,1.0,0.0
20274001,independent,random_replay,weighted,0.48,0.8111999999999999,0.3,0.88,0.04,0.010674279109633861,1.0,1.0,0.0
20274001,independent,random_replay,max_similarity,0.12,0.764,0.66,0.92,0.04,0.010674279109633861,1.0,1.0,0.0
20274001,independent,random_replay,max_similarity,0.24,0.9887999999999999,0.02,0.92,0.04,0.010674279109633861,1.0,1.0,0.0
20274001,independent,random_replay,max_similarity,0.48,1.0,0.0,0.92,0.04,0.010674279109633861,1.0,1.0,0.0
20274001,independent,high_energy,weighted,0.12,0.6352,0.8,0.88,0.04,0.010674279109633865,1.0,1.0,0.0
20274001,independent,high_energy,weighted,0.24,0.7784,0.32,0.88,0.04,0.010674279109633865,1.0,1.0,0.0
20274001,independent,high_energy,weighted,0.48,0.8111999999999999,0.3,0.88,0.04,0.010674279109633865,1.0,1.0,0.0
20274001,independent,high_energy,max_similarity,0.12,0.764,0.66,0.92,0.04,0.010674279109633865,1.0,1.0,0.0
20274001,independent,high_energy,max_similarity,0.24,0.9887999999999999,0.02,0.92,0.04,0.010674279109633865,1.0,1.0,0.0
20274001,independent,high_energy,max_similarity,0.48,1.0,0.0,0.92,0.04,0.010674279109633865,1.0,1.0,0.0
20274001,independent,low_energy,weighted,0.12,0.6264,0.82,0.96,0.04,0.01063065613249829,1.0,1.0,0.0
20274001,independent,low_energy,weighted,0.24,0.756,0.34,0.96,0.04,0.01063065613249829,1.0,1.0,0.0
20274001,independent,low_energy,weighted,0.48,0.7999999999999999,0.32,0.96,0.04,0.01063065613249829,1.0,1.0,0.0
20274001,independent,low_energy,max_similarity,0.12,0.764,0.68,0.92,0.04,0.01063065613249829,1.0,1.0,0.0
20274001,independent,low_energy,max_similarity,0.24,0.9887999999999999,0.02,0.92,0.04,0.01063065613249829,1.0,1.0,0.0
20274001,independent,low_energy,max_similarity,0.48,1.0,0.0,0.92,0.04,0.01063065613249829,1.0,1.0,0.0
20274002,none,no_replay,weighted,0.12,0.7656,0.74,0.96,0.04,0.010600716708057987,1.0,1.0,0.0
20274002,none,no_replay,weighted,0.24,0.9904,0.04,0.96,0.04,0.010600716708057987,1.0,1.0,0.0
20274002,none,no_replay,weighted,0.48,1.0,0.0,0.96,0.04,0.010600716708057987,1.0,1.0,0.0
20274002,none,no_replay,max_similarity,0.12,0.7824,0.7,0.96,0.04,0.010600716708057987,1.0,1.0,0.0
20274002,none,no_replay,max_similarity,0.24,0.9984,0.0,0.96,0.04,0.010600716708057987,1.0,1.0,0.0
20274002,none,no_replay,max_similarity,0.48,1.0,0.0,0.96,0.04,0.010600716708057987,1.0,1.0,0.0
20274002,exact,random_replay,weighted,0.12,0.6624,0.84,0.96,0.04,0.010509292638472929,1.0,1.0,0.0
20274002,exact,random_replay,weighted,0.24,0.7624,0.36,0.96,0.04,0.010509292638472929,1.0,1.0,0.0
20274002,exact,random_replay,weighted,0.48,0.7824,0.32,0.96,0.04,0.010509292638472929,1.0,1.0,0.0
20274002,exact,random_replay,max_similarity,0.12,0.6824,0.78,0.96,0.04,0.010509292638472929,1.0,1.0,0.0
20274002,exact,random_replay,max_similarity,0.24,0.7807999999999999,0.32,0.96,0.04,0.010509292638472929,1.0,1.0,0.0
20274002,exact,random_replay,max_similarity,0.48,1.0,0.0,0.96,0.04,0.010509292638472929,1.0,1.0,0.0
20274002,exact,high_energy,weighted,0.12,0.6784,0.8,0.96,0.04,0.010550759020688806,1.0,1.0,0.0
20274002,exact,high_energy,weighted,0.24,0.7767999999999999,0.34,0.96,0.04,0.010550759020688806,1.0,1.0,0.0
20274002,exact,high_energy,weighted,0.48,0.7824,0.32,0.96,0.04,0.010550759020688806,1.0,1.0,0.0
20274002,exact,high_energy,max_similarity,0.12,0.6839999999999999,0.78,0.96,0.04,0.010550759020688806,1.0,1.0,0.0
20274002,exact,high_energy,max_similarity,0.24,0.7807999999999999,0.32,0.96,0.04,0.010550759020688806,1.0,1.0,0.0
20274002,exact,high_energy,max_similarity,0.48,1.0,0.0,0.96,0.04,0.010550759020688806,1.0,1.0,0.0
20274002,exact,low_energy,weighted,0.12,0.6624,0.84,0.96,0.04,0.010509292638472929,1.0,1.0,0.0
20274002,exact,low_energy,weighted,0.24,0.7624,0.36,0.96,0.04,0.010509292638472929,1.0,1.0,0.0
20274002,exact,low_energy,weighted,0.48,0.7824,0.32,0.96,0.04,0.010509292638472929,1.0,1.0,0.0
20274002,exact,low_energy,max_similarity,0.12,0.6824,0.78,0.96,0.04,0.010509292638472929,1.0,1.0,0.0
20274002,exact,low_energy,max_similarity,0.24,0.7807999999999999,0.32,0.96,0.04,0.010509292638472929,1.0,1.0,0.0
20274002,exact,low_energy,max_similarity,0.48,1.0,0.0,0.96,0.04,0.010509292638472929,1.0,1.0,0.0
20274002,coherent,random_replay,weighted,0.12,0.6272,0.84,0.96,0.04,0.010740762909766189,1.0,1.0,0.0
20274002,coherent,random_replay,weighted,0.24,0.7567999999999999,0.42,0.96,0.04,0.010740762909766189,1.0,1.0,0.0
20274002,coherent,random_replay,weighted,0.48,0.8008,0.3,0.96,0.04,0.010740762909766189,1.0,1.0,0.0
20274002,coherent,random_replay,max_similarity,0.12,0.7824,0.7,0.96,0.04,0.010740762909766189,1.0,1.0,0.0
20274002,coherent,random_replay,max_similarity,0.24,0.9984,0.0,0.96,0.04,0.010740762909766189,1.0,1.0,0.0
20274002,coherent,random_replay,max_similarity,0.48,1.0,0.0,0.96,0.04,0.010740762909766189,1.0,1.0,0.0
20274002,coherent,high_energy,weighted,0.12,0.6544,0.76,1.0,0.04,0.010787635613438378,1.0,1.0,0.0
20274002,coherent,high_energy,weighted,0.24,0.7712,0.36,1.0,0.04,0.010787635613438378,1.0,1.0,0.0
20274002,coherent,high_energy,weighted,0.48,0.8071999999999999,0.3,1.0,0.04,0.010787635613438378,1.0,1.0,0.0
20274002,coherent,high_energy,max_similarity,0.12,0.7824,0.7,0.96,0.04,0.010787635613438378,1.0,1.0,0.0
20274002,coherent,high_energy,max_similarity,0.24,0.9984,0.0,0.96,0.04,0.010787635613438378,1.0,1.0,0.0
20274002,coherent,high_energy,max_similarity,0.48,1.0,0.0,0.96,0.04,0.010787635613438378,1.0,1.0,0.0
20274002,coherent,low_energy,weighted,0.12,0.6272,0.86,0.96,0.04,0.010740762909766189,1.0,1.0,0.0
20274002,coherent,low_energy,weighted,0.24,0.7567999999999999,0.42,0.96,0.04,0.010740762909766189,1.0,1.0,0.0
20274002,coherent,low_energy,weighted,0.48,0.8008,0.3,0.96,0.04,0.010740762909766189,1.0,1.0,0.0
20274002,coherent,low_energy,max_similarity,0.12,0.7824,0.7,0.96,0.04,0.010740762909766189,1.0,1.0,0.0
20274002,coherent,low_energy,max_similarity,0.24,0.9984,0.0,0.96,0.04,0.010740762909766189,1.0,1.0,0.0
20274002,coherent,low_energy,max_similarity,0.48,1.0,0.0,0.96,0.04,0.010740762909766189,1.0,1.0,0.0
20274002,independent,random_replay,weighted,0.12,0.6359999999999999,0.8,0.96,0.04,0.01050940111882042,1.0,1.0,0.0
20274002,independent,random_replay,weighted,0.24,0.768,0.38,0.96,0.04,0.01050940111882042,1.0,1.0,0.0
20274002,independent,random_replay,weighted,0.48,0.7999999999999999,0.32,0.96,0.04,0.01050940111882042,1.0,1.0,0.0
20274002,independent,random_replay,max_similarity,0.12,0.7504,0.72,0.96,0.04,0.01050940111882042,1.0,1.0,0.0
20274002,independent,random_replay,max_similarity,0.24,0.9968,0.04,0.96,0.04,0.01050940111882042,1.0,1.0,0.0
20274002,independent,random_replay,max_similarity,0.48,1.0,0.0,0.96,0.04,0.01050940111882042,1.0,1.0,0.0
20274002,independent,high_energy,weighted,0.12,0.6576,0.78,0.92,0.04,0.01055935075125829,1.0,1.0,0.0
20274002,independent,high_energy,weighted,0.24,0.7784,0.34,0.92,0.04,0.01055935075125829,1.0,1.0,0.0
20274002,independent,high_energy,weighted,0.48,0.7968,0.32,0.92,0.04,0.01055935075125829,1.0,1.0,0.0
20274002,independent,high_energy,max_similarity,0.12,0.7456,0.72,0.96,0.04,0.01055935075125829,1.0,1.0,0.0
20274002,independent,high_energy,max_similarity,0.24,0.996,0.06,0.96,0.04,0.01055935075125829,1.0,1.0,0.0
20274002,independent,high_energy,max_similarity,0.48,1.0,0.0,0.96,0.04,0.01055935075125829,1.0,1.0,0.0
20274002,independent,low_energy,weighted,0.12,0.6359999999999999,0.8,0.96,0.04,0.01050940111882042,1.0,1.0,0.0
20274002,independent,low_energy,weighted,0.24,0.768,0.38,0.96,0.04,0.01050940111882042,1.0,1.0,0.0
20274002,independent,low_energy,weighted,0.48,0.7999999999999999,0.32,0.96,0.04,0.01050940111882042,1.0,1.0,0.0
20274002,independent,low_energy,max_similarity,0.12,0.7504,0.72,0.96,0.04,0.01050940111882042,1.0,1.0,0.0
20274002,independent,low_energy,max_similarity,0.24,0.9968,0.04,0.96,0.04,0.01050940111882042,1.0,1.0,0.0
20274002,independent,low_energy,max_similarity,0.48,1.0,0.0,0.96,0.04,0.01050940111882042,1.0,1.0,0.0
20274003,none,no_replay,weighted,0.12,0.6984,0.62,0.76,0.04,0.01067494618801954,1.0,1.0,0.0
20274003,none,no_replay,weighted,0.24,0.9568,0.04,0.76,0.04,0.01067494618801954,1.0,1.0,0.0
20274003,none,no_replay,weighted,0.48,1.0,0.0,0.76,0.04,0.01067494618801954,1.0,1.0,0.0
20274003,none,no_replay,max_similarity,0.12,0.7432,0.6,0.84,0.04,0.01067494618801954,1.0,1.0,0.0
20274003,none,no_replay,max_similarity,0.24,0.9752000000000001,0.02,0.84,0.04,0.01067494618801954,1.0,1.0,0.0
20274003,none,no_replay,max_similarity,0.48,1.0,0.0,0.84,0.04,0.01067494618801954,1.0,1.0,0.0
20274003,exact,random_replay,weighted,0.12,0.6304000000000001,0.76,0.8,0.04,0.01048547358546864,1.0,1.0,0.0
20274003,exact,random_replay,weighted,0.24,0.748,0.38,0.8,0.04,0.01048547358546864,1.0,1.0,0.0
20274003,exact,random_replay,weighted,0.48,0.7824,0.32,0.8,0.04,0.01048547358546864,1.0,1.0,0.0
20274003,exact,random_replay,max_similarity,0.12,0.668,0.64,0.84,0.04,0.01048547358546864,1.0,1.0,0.0
20274003,exact,random_replay,max_similarity,0.24,0.772,0.34,0.84,0.04,0.01048547358546864,1.0,1.0,0.0
20274003,exact,random_replay,max_similarity,0.48,1.0,0.0,0.84,0.04,0.01048547358546864,1.0,1.0,0.0
20274003,exact,high_energy,weighted,0.12,0.6312,0.66,0.84,0.04,0.010531931394705905,1.0,1.0,0.0
20274003,exact,high_energy,weighted,0.24,0.7672,0.34,0.84,0.04,0.010531931394705905,1.0,1.0,0.0
20274003,exact,high_energy,weighted,0.48,0.7824,0.32,0.84,0.04,0.010531931394705905,1.0,1.0,0.0
20274003,exact,high_energy,max_similarity,0.12,0.6639999999999999,0.66,0.84,0.04,0.010531931394705905,1.0,1.0,0.0
20274003,exact,high_energy,max_similarity,0.24,0.7728,0.34,0.84,0.04,0.010531931394705905,1.0,1.0,0.0
20274003,exact,high_energy,max_similarity,0.48,1.0,0.0,0.84,0.04,0.010531931394705905,1.0,1.0,0.0
20274003,exact,low_energy,weighted,0.12,0.6304000000000001,0.76,0.8,0.04,0.01048547358546864,1.0,1.0,0.0
20274003,exact,low_energy,weighted,0.24,0.748,0.38,0.8,0.04,0.01048547358546864,1.0,1.0,0.0
20274003,exact,low_energy,weighted,0.48,0.7824,0.32,0.8,0.04,0.01048547358546864,1.0,1.0,0.0
20274003,exact,low_energy,max_similarity,0.12,0.668,0.64,0.84,0.04,0.01048547358546864,1.0,1.0,0.0
20274003,exact,low_energy,max_similarity,0.24,0.772,0.34,0.84,0.04,0.01048547358546864,1.0,1.0,0.0
20274003,exact,low_energy,max_similarity,0.48,1.0,0.0,0.84,0.04,0.01048547358546864,1.0,1.0,0.0
20274003,coherent,random_replay,weighted,0.12,0.5944,0.78,0.88,0.04,0.010753442528395728,1.0,1.0,0.0
20274003,coherent,random_replay,weighted,0.24,0.74,0.38,0.88,0.04,0.010753442528395728,1.0,1.0,0.0
20274003,coherent,random_replay,weighted,0.48,0.8048,0.32,0.88,0.04,0.010753442528395728,1.0,1.0,0.0
20274003,coherent,random_replay,max_similarity,0.12,0.7432,0.6,0.84,0.04,0.010753442528395728,1.0,1.0,0.0
20274003,coherent,random_replay,max_similarity,0.24,0.9752000000000001,0.02,0.84,0.04,0.010753442528395728,1.0,1.0,0.0
20274003,coherent,random_replay,max_similarity,0.48,1.0,0.0,0.84,0.04,0.010753442528395728,1.0,1.0,0.0
20274003,coherent,high_energy,weighted,0.12,0.5992000000000001,0.68,0.8,0.04,0.010800178993193903,1.0,1.0,0.0
20274003,coherent,high_energy,weighted,0.24,0.7576,0.36,0.8,0.04,0.010800178993193903,1.0,1.0,0.0
20274003,coherent,high_energy,weighted,0.48,0.8311999999999999,0.28,0.8,0.04,0.010800178993193903,1.0,1.0,0.0
20274003,coherent,high_energy,max_similarity,0.12,0.7432,0.6,0.84,0.04,0.010800178993193903,1.0,1.0,0.0
20274003,coherent,high_energy,max_similarity,0.24,0.9752000000000001,0.02,0.84,0.04,0.010800178993193903,1.0,1.0,0.0
20274003,coherent,high_energy,max_similarity,0.48,1.0,0.0,0.84,0.04,0.010800178993193903,1.0,1.0,0.0
20274003,coherent,low_energy,weighted,0.12,0.5944,0.8,0.88,0.04,0.010753442528395728,1.0,1.0,0.0
20274003,coherent,low_energy,weighted,0.24,0.74,0.38,0.88,0.04,0.010753442528395728,1.0,1.0,0.0
20274003,coherent,low_energy,weighted,0.48,0.8048,0.32,0.88,0.04,0.010753442528395728,1.0,1.0,0.0
20274003,coherent,low_energy,max_similarity,0.12,0.7432,0.6,0.84,0.04,0.010753442528395728,1.0,1.0,0.0
20274003,coherent,low_energy,max_similarity,0.24,0.9752000000000001,0.02,0.84,0.04,0.010753442528395728,1.0,1.0,0.0
20274003,coherent,low_energy,max_similarity,0.48,1.0,0.0,0.84,0.04,0.010753442528395728,1.0,1.0,0.0
20274003,independent,random_replay,weighted,0.12,0.6008,0.74,0.8,0.04,0.010515744396550914,1.0,1.0,0.0
20274003,independent,random_replay,weighted,0.24,0.7415999999999999,0.38,0.8,0.04,0.010515744396550914,1.0,1.0,0.0
20274003,independent,random_replay,weighted,0.48,0.8064,0.3,0.8,0.04,0.010515744396550914,1.0,1.0,0.0
20274003,independent,random_replay,max_similarity,0.12,0.7152,0.64,0.84,0.04,0.010515744396550914,1.0,1.0,0.0
20274003,independent,random_replay,max_similarity,0.24,0.9664,0.04,0.84,0.04,0.010515744396550914,1.0,1.0,0.0
20274003,independent,random_replay,max_similarity,0.48,1.0,0.0,0.84,0.04,0.010515744396550914,1.0,1.0,0.0
20274003,independent,high_energy,weighted,0.12,0.6048,0.6,0.8,0.04,0.01059406853781758,1.0,1.0,0.0
20274003,independent,high_energy,weighted,0.24,0.7616,0.34,0.8,0.04,0.01059406853781758,1.0,1.0,0.0
20274003,independent,high_energy,weighted,0.48,0.8071999999999999,0.3,0.8,0.04,0.01059406853781758,1.0,1.0,0.0
20274003,independent,high_energy,max_similarity,0.12,0.7088,0.68,0.84,0.04,0.01059406853781758,1.0,1.0,0.0
20274003,independent,high_energy,max_similarity,0.24,0.9656,0.04,0.84,0.04,0.01059406853781758,1.0,1.0,0.0
20274003,independent,high_energy,max_similarity,0.48,1.0,0.0,0.84,0.04,0.01059406853781758,1.0,1.0,0.0
20274003,independent,low_energy,weighted,0.12,0.6008,0.74,0.8,0.04,0.010515744396550914,1.0,1.0,0.0
20274003,independent,low_energy,weighted,0.24,0.7415999999999999,0.38,0.8,0.04,0.010515744396550914,1.0,1.0,0.0
20274003,independent,low_energy,weighted,0.48,0.8064,0.3,0.8,0.04,0.010515744396550914,1.0,1.0,0.0
20274003,independent,low_energy,max_similarity,0.12,0.7152,0.64,0.84,0.04,0.010515744396550914,1.0,1.0,0.0
20274003,independent,low_energy,max_similarity,0.24,0.9664,0.04,0.84,0.04,0.010515744396550914,1.0,1.0,0.0
20274003,independent,low_energy,max_similarity,0.48,1.0,0.0,0.84,0.04,0.010515744396550914,1.0,1.0,0.0
20274004,none,no_replay,weighted,0.12,0.7576,0.36,0.68,0.04,0.010735287454014824,1.0,1.0,0.0
20274004,none,no_replay,weighted,0.24,0.9896,0.0,0.68,0.04,0.010735287454014824,1.0,1.0,0.0
20274004,none,no_replay,weighted,0.48,1.0,0.0,0.68,0.04,0.010735287454014824,1.0,1.0,0.0
20274004,none,no_replay,max_similarity,0.12,0.8383999999999999,0.18,0.72,0.04,0.010735287454014824,1.0,1.0,0.0
20274004,none,no_replay,max_similarity,0.24,1.0,0.0,0.72,0.04,0.010735287454014824,1.0,1.0,0.0
20274004,none,no_replay,max_similarity,0.48,1.0,0.0,0.72,0.04,0.010735287454014824,1.0,1.0,0.0
20274004,exact,random_replay,weighted,0.12,0.6656000000000001,0.54,0.72,0.04,0.010599612204501802,1.0,1.0,0.0
20274004,exact,random_replay,weighted,0.24,0.7575999999999999,0.32,0.72,0.04,0.010599612204501802,1.0,1.0,0.0
20274004,exact,random_replay,weighted,0.48,0.7824,0.32,0.72,0.04,0.010599612204501802,1.0,1.0,0.0
20274004,exact,random_replay,max_similarity,0.12,0.6991999999999999,0.38,0.76,0.04,0.010599612204501802,1.0,1.0,0.0
20274004,exact,random_replay,max_similarity,0.24,0.7824,0.32,0.76,0.04,0.010599612204501802,1.0,1.0,0.0
20274004,exact,random_replay,max_similarity,0.48,1.0,0.0,0.76,0.04,0.010599612204501802,1.0,1.0,0.0
20274004,exact,high_energy,weighted,0.12,0.6712,0.46,0.68,0.05,0.01043382115059115,1.0,1.0,0.0
20274004,exact,high_energy,weighted,0.24,0.7824,0.32,0.68,0.05,0.01043382115059115,1.0,1.0,0.0
20274004,exact,high_energy,weighted,0.48,0.7824,0.32,0.68,0.05,0.01043382115059115,1.0,1.0,0.0
20274004,exact,high_energy,max_similarity,0.12,0.6968,0.4,0.8,0.05,0.01043382115059115,1.0,1.0,0.0
20274004,exact,high_energy,max_similarity,0.24,0.7824,0.32,0.8,0.05,0.01043382115059115,1.0,1.0,0.0
20274004,exact,high_energy,max_similarity,0.48,1.0,0.0,0.8,0.05,0.01043382115059115,1.0,1.0,0.0
20274004,exact,low_energy,weighted,0.12,0.6656000000000001,0.54,0.72,0.04,0.010599612204501802,1.0,1.0,0.0
20274004,exact,low_energy,weighted,0.24,0.7575999999999999,0.32,0.72,0.04,0.010599612204501802,1.0,1.0,0.0
20274004,exact,low_energy,weighted,0.48,0.7824,0.32,0.72,0.04,0.010599612204501802,1.0,1.0,0.0
20274004,exact,low_energy,max_similarity,0.12,0.6991999999999999,0.38,0.76,0.04,0.010599612204501802,1.0,1.0,0.0
20274004,exact,low_energy,max_similarity,0.24,0.7824,0.32,0.76,0.04,0.010599612204501802,1.0,1.0,0.0
20274004,exact,low_energy,max_similarity,0.48,1.0,0.0,0.76,0.04,0.010599612204501802,1.0,1.0,0.0
20274004,coherent,random_replay,weighted,0.12,0.6320000000000001,0.56,0.68,0.04,0.010971116203251384,1.0,1.0,0.0
20274004,coherent,random_replay,weighted,0.24,0.7592,0.32,0.68,0.04,0.010971116203251384,1.0,1.0,0.0
20274004,coherent,random_replay,weighted,0.48,0.8151999999999999,0.28,0.68,0.04,0.010971116203251384,1.0,1.0,0.0
20274004,coherent,random_replay,max_similarity,0.12,0.8383999999999999,0.18,0.72,0.04,0.010971116203251384,1.0,1.0,0.0
20274004,coherent,random_replay,max_similarity,0.24,1.0,0.0,0.72,0.04,0.010971116203251384,1.0,1.0,0.0
20274004,coherent,random_replay,max_similarity,0.48,1.0,0.0,0.72,0.04,0.010971116203251384,1.0,1.0,0.0
20274004,coherent,high_energy,weighted,0.12,0.6464,0.52,0.68,0.05,0.010826553078554835,1.0,1.0,0.0
20274004,coherent,high_energy,weighted,0.24,0.7792,0.32,0.68,0.05,0.010826553078554835,1.0,1.0,0.0
20274004,coherent,high_energy,weighted,0.48,0.8168,0.28,0.68,0.05,0.010826553078554835,1.0,1.0,0.0
20274004,coherent,high_energy,max_similarity,0.12,0.8383999999999999,0.18,0.72,0.05,0.010826553078554835,1.0,1.0,0.0
20274004,coherent,high_energy,max_similarity,0.24,1.0,0.0,0.72,0.05,0.010826553078554835,1.0,1.0,0.0
20274004,coherent,high_energy,max_similarity,0.48,1.0,0.0,0.72,0.05,0.010826553078554835,1.0,1.0,0.0
20274004,coherent,low_energy,weighted,0.12,0.6320000000000001,0.58,0.76,0.04,0.010971116203251384,1.0,1.0,0.0
20274004,coherent,low_energy,weighted,0.24,0.7592,0.32,0.76,0.04,0.010971116203251384,1.0,1.0,0.0
20274004,coherent,low_energy,weighted,0.48,0.8151999999999999,0.28,0.76,0.04,0.010971116203251384,1.0,1.0,0.0
20274004,coherent,low_energy,max_similarity,0.12,0.8383999999999999,0.18,0.72,0.04,0.010971116203251384,1.0,1.0,0.0
20274004,coherent,low_energy,max_similarity,0.24,1.0,0.0,0.72,0.04,0.010971116203251384,1.0,1.0,0.0
20274004,coherent,low_energy,max_similarity,0.48,1.0,0.0,0.72,0.04,0.010971116203251384,1.0,1.0,0.0
20274004,independent,random_replay,weighted,0.12,0.6432,0.56,0.88,0.04,0.010549585582553048,1.0,1.0,0.0
20274004,independent,random_replay,weighted,0.24,0.7576000000000002,0.32,0.88,0.04,0.010549585582553048,1.0,1.0,0.0
20274004,independent,random_replay,weighted,0.48,0.7968,0.32,0.88,0.04,0.010549585582553048,1.0,1.0,0.0
20274004,independent,random_replay,max_similarity,0.12,0.7816,0.28,0.72,0.04,0.010549585582553048,1.0,1.0,0.0
20274004,independent,random_replay,max_similarity,0.24,0.9992,0.0,0.72,0.04,0.010549585582553048,1.0,1.0,0.0
20274004,independent,random_replay,max_similarity,0.48,1.0,0.0,0.72,0.04,0.010549585582553048,1.0,1.0,0.0
20274004,independent,high_energy,weighted,0.12,0.652,0.56,0.76,0.05,0.010384628280575675,1.0,1.0,0.0
20274004,independent,high_energy,weighted,0.24,0.7807999999999999,0.32,0.76,0.05,0.010384628280575675,1.0,1.0,0.0
20274004,independent,high_energy,weighted,0.48,0.8184,0.3,0.76,0.05,0.010384628280575675,1.0,1.0,0.0
20274004,independent,high_energy,max_similarity,0.12,0.7928,0.26,0.72,0.05,0.010384628280575675,1.0,1.0,0.0
20274004,independent,high_energy,max_similarity,0.24,0.9992,0.0,0.72,0.05,0.010384628280575675,1.0,1.0,0.0
20274004,independent,high_energy,max_similarity,0.48,1.0,0.0,0.72,0.05,0.010384628280575675,1.0,1.0,0.0
20274004,independent,low_energy,weighted,0.12,0.6432,0.56,0.88,0.04,0.010549585582553048,1.0,1.0,0.0
20274004,independent,low_energy,weighted,0.24,0.7576000000000002,0.32,0.88,0.04,0.010549585582553048,1.0,1.0,0.0
20274004,independent,low_energy,weighted,0.48,0.7968,0.32,0.88,0.04,0.010549585582553048,1.0,1.0,0.0
20274004,independent,low_energy,max_similarity,0.12,0.7816,0.28,0.72,0.04,0.010549585582553048,1.0,1.0,0.0
20274004,independent,low_energy,max_similarity,0.24,0.9992,0.0,0.72,0.04,0.010549585582553048,1.0,1.0,0.0
20274004,independent,low_energy,max_similarity,0.48,1.0,0.0,0.72,0.04,0.010549585582553048,1.0,1.0,0.0
20274005,none,no_replay,weighted,0.12,0.7456,0.68,0.92,0.04,0.010618801652193095,1.0,1.0,0.0
20274005,none,no_replay,weighted,0.24,0.996,0.0,0.92,0.04,0.010618801652193095,1.0,1.0,0.0
20274005,none,no_replay,weighted,0.48,1.0,0.0,0.92,0.04,0.010618801652193095,1.0,1.0,0.0
20274005,none,no_replay,max_similarity,0.12,0.764,0.58,0.88,0.04,0.010618801652193095,1.0,1.0,0.0
20274005,none,no_replay,max_similarity,0.24,0.9984,0.0,0.88,0.04,0.010618801652193095,1.0,1.0,0.0
20274005,none,no_replay,max_similarity,0.48,1.0,0.0,0.88,0.04,0.010618801652193095,1.0,1.0,0.0
20274005,exact,random_replay,weighted,0.12,0.6584,0.76,0.96,0.04,0.010534590243442119,1.0,1.0,0.0
20274005,exact,random_replay,weighted,0.24,0.7727999999999999,0.34,0.96,0.04,0.010534590243442119,1.0,1.0,0.0
20274005,exact,random_replay,weighted,0.48,0.7824,0.32,0.96,0.04,0.010534590243442119,1.0,1.0,0.0
20274005,exact,random_replay,max_similarity,0.12,0.6704000000000001,0.74,0.96,0.04,0.010534590243442119,1.0,1.0,0.0
20274005,exact,random_replay,max_similarity,0.24,0.7816,0.32,0.96,0.04,0.010534590243442119,1.0,1.0,0.0
20274005,exact,random_replay,max_similarity,0.48,1.0,0.0,0.96,0.04,0.010534590243442119,1.0,1.0,0.0
20274005,exact,high_energy,weighted,0.12,0.6776,0.76,0.92,0.04,0.01055334792730891,1.0,1.0,0.0
20274005,exact,high_energy,weighted,0.24,0.7807999999999999,0.32,0.92,0.04,0.01055334792730891,1.0,1.0,0.0
20274005,exact,high_energy,weighted,0.48,0.7824,0.32,0.92,0.04,0.01055334792730891,1.0,1.0,0.0
20274005,exact,high_energy,max_similarity,0.12,0.676,0.7,0.96,0.04,0.01055334792730891,1.0,1.0,0.0
20274005,exact,high_energy,max_similarity,0.24,0.7816,0.32,0.96,0.04,0.01055334792730891,1.0,1.0,0.0
20274005,exact,high_energy,max_similarity,0.48,1.0,0.0,0.96,0.04,0.01055334792730891,1.0,1.0,0.0
20274005,exact,low_energy,weighted,0.12,0.6584,0.76,0.96,0.04,0.010534590243442119,1.0,1.0,0.0
20274005,exact,low_energy,weighted,0.24,0.7727999999999999,0.34,0.96,0.04,0.010534590243442119,1.0,1.0,0.0
20274005,exact,low_energy,weighted,0.48,0.7824,0.32,0.96,0.04,0.010534590243442119,1.0,1.0,0.0
20274005,exact,low_energy,max_similarity,0.12,0.6704000000000001,0.74,0.96,0.04,0.010534590243442119,1.0,1.0,0.0
20274005,exact,low_energy,max_similarity,0.24,0.7816,0.32,0.96,0.04,0.010534590243442119,1.0,1.0,0.0
20274005,exact,low_energy,max_similarity,0.48,1.0,0.0,0.96,0.04,0.010534590243442119,1.0,1.0,0.0
20274005,coherent,random_replay,weighted,0.12,0.6264,0.8,0.92,0.04,0.010842707287222449,1.0,1.0,0.0
20274005,coherent,random_replay,weighted,0.24,0.7696,0.36,0.92,0.04,0.010842707287222449,1.0,1.0,0.0
20274005,coherent,random_replay,weighted,0.48,0.8151999999999999,0.3,0.92,0.04,0.010842707287222449,1.0,1.0,0.0
20274005,coherent,random_replay,max_similarity,0.12,0.764,0.58,0.88,0.04,0.010842707287222449,1.0,1.0,0.0
20274005,coherent,random_replay,max_similarity,0.24,0.9984,0.0,0.88,0.04,0.010842707287222449,1.0,1.0,0.0
20274005,coherent,random_replay,max_similarity,0.48,1.0,0.0,0.88,0.04,0.010842707287222449,1.0,1.0,0.0
20274005,coherent,high_energy,weighted,0.12,0.6432,0.76,0.92,0.04,0.01082865208788813,1.0,1.0,0.0
20274005,coherent,high_energy,weighted,0.24,0.7792,0.34,0.92,0.04,0.01082865208788813,1.0,1.0,0.0
20274005,coherent,high_energy,weighted,0.48,0.8231999999999999,0.3,0.92,0.04,0.01082865208788813,1.0,1.0,0.0
20274005,coherent,high_energy,max_similarity,0.12,0.764,0.58,0.88,0.04,0.01082865208788813,1.0,1.0,0.0
20274005,coherent,high_energy,max_similarity,0.24,0.9984,0.0,0.88,0.04,0.01082865208788813,1.0,1.0,0.0
20274005,coherent,high_energy,max_similarity,0.48,1.0,0.0,0.88,0.04,0.01082865208788813,1.0,1.0,0.0
20274005,coherent,low_energy,weighted,0.12,0.6264,0.8,0.96,0.04,0.010842707287222449,1.0,1.0,0.0
20274005,coherent,low_energy,weighted,0.24,0.7696,0.36,0.96,0.04,0.010842707287222449,1.0,1.0,0.0
20274005,coherent,low_energy,weighted,0.48,0.8151999999999999,0.3,0.96,0.04,0.010842707287222449,1.0,1.0,0.0
20274005,coherent,low_energy,max_similarity,0.12,0.764,0.58,0.88,0.04,0.010842707287222449,1.0,1.0,0.0
20274005,coherent,low_energy,max_similarity,0.24,0.9984,0.0,0.88,0.04,0.010842707287222449,1.0,1.0,0.0
20274005,coherent,low_energy,max_similarity,0.48,1.0,0.0,0.88,0.04,0.010842707287222449,1.0,1.0,0.0
20274005,independent,random_replay,weighted,0.12,0.6408,0.78,0.96,0.04,0.010488572101792043,1.0,1.0,0.0
20274005,independent,random_replay,weighted,0.24,0.776,0.34,0.96,0.04,0.010488572101792043,1.0,1.0,0.0
20274005,independent,random_replay,weighted,0.48,0.7896,0.32,0.96,0.04,0.010488572101792043,1.0,1.0,0.0
20274005,independent,random_replay,max_similarity,0.12,0.7184,0.7,0.88,0.04,0.010488572101792043,1.0,1.0,0.0
20274005,independent,random_replay,max_similarity,0.24,0.9984,0.0,0.88,0.04,0.010488572101792043,1.0,1.0,0.0
20274005,independent,random_replay,max_similarity,0.48,1.0,0.0,0.88,0.04,0.010488572101792043,1.0,1.0,0.0
20274005,independent,high_energy,weighted,0.12,0.6584000000000001,0.76,0.92,0.04,0.010481256237527738,1.0,1.0,0.0
20274005,independent,high_energy,weighted,0.24,0.7824,0.32,0.92,0.04,0.010481256237527738,1.0,1.0,0.0
20274005,independent,high_energy,weighted,0.48,0.7911999999999999,0.32,0.92,0.04,0.010481256237527738,1.0,1.0,0.0
20274005,independent,high_energy,max_similarity,0.12,0.7248000000000001,0.66,0.88,0.04,0.010481256237527738,1.0,1.0,0.0
20274005,independent,high_energy,max_similarity,0.24,0.9984,0.0,0.88,0.04,0.010481256237527738,1.0,1.0,0.0
20274005,independent,high_energy,max_similarity,0.48,1.0,0.0,0.88,0.04,0.010481256237527738,1.0,1.0,0.0
20274005,independent,low_energy,weighted,0.12,0.6408,0.78,0.96,0.04,0.010488572101792043,1.0,1.0,0.0
20274005,independent,low_energy,weighted,0.24,0.776,0.34,0.96,0.04,0.010488572101792043,1.0,1.0,0.0
20274005,independent,low_energy,weighted,0.48,0.7896,0.32,0.96,0.04,0.010488572101792043,1.0,1.0,0.0
20274005,independent,low_energy,max_similarity,0.12,0.7184,0.7,0.88,0.04,0.010488572101792043,1.0,1.0,0.0
20274005,independent,low_energy,max_similarity,0.24,0.9984,0.0,0.88,0.04,0.010488572101792043,1.0,1.0,0.0
20274005,independent,low_energy,max_similarity,0.48,1.0,0.0,0.88,0.04,0.010488572101792043,1.0,1.0,0.0
20274006,none,no_replay,weighted,0.12,0.7248,0.66,0.88,0.04,0.010715319105786023,1.0,1.0,0.0
20274006,none,no_replay,weighted,0.24,0.9872,0.0,0.88,0.04,0.010715319105786023,1.0,1.0,0.0
20274006,none,no_replay,weighted,0.48,1.0,0.0,0.88,0.04,0.010715319105786023,1.0,1.0,0.0
20274006,none,no_replay,max_similarity,0.12,0.7392,0.6,0.84,0.04,0.010715319105786023,1.0,1.0,0.0
20274006,none,no_replay,max_similarity,0.24,0.9887999999999999,0.0,0.84,0.04,0.010715319105786023,1.0,1.0,0.0
20274006,none,no_replay,max_similarity,0.48,1.0,0.0,0.84,0.04,0.010715319105786023,1.0,1.0,0.0
20274006,exact,random_replay,weighted,0.12,0.64,0.74,0.92,0.04,0.010547550510185955,1.0,1.0,0.0
20274006,exact,random_replay,weighted,0.24,0.7592,0.32,0.92,0.04,0.010547550510185955,1.0,1.0,0.0
20274006,exact,random_replay,weighted,0.48,0.7824,0.32,0.92,0.04,0.010547550510185955,1.0,1.0,0.0
20274006,exact,random_replay,max_similarity,0.12,0.644,0.68,0.84,0.04,0.010547550510185955,1.0,1.0,0.0
20274006,exact,random_replay,max_similarity,0.24,0.7744000000000001,0.32,0.84,0.04,0.010547550510185955,1.0,1.0,0.0
20274006,exact,random_replay,max_similarity,0.48,0.9999999999999999,0.0,0.84,0.04,0.010547550510185955,1.0,1.0,0.0
20274006,exact,high_energy,weighted,0.12,0.6496000000000001,0.68,0.92,0.05,0.01037160063537168,1.0,1.0,0.0
20274006,exact,high_energy,weighted,0.24,0.7776000000000001,0.32,0.92,0.05,0.01037160063537168,1.0,1.0,0.0
20274006,exact,high_energy,weighted,0.48,0.7824,0.32,0.92,0.05,0.01037160063537168,1.0,1.0,0.0
20274006,exact,high_energy,max_similarity,0.12,0.6504,0.66,0.84,0.05,0.01037160063537168,1.0,1.0,0.0
20274006,exact,high_energy,max_similarity,0.24,0.7760000000000001,0.32,0.84,0.05,0.01037160063537168,1.0,1.0,0.0
20274006,exact,high_energy,max_similarity,0.48,0.9999999999999999,0.0,0.84,0.05,0.01037160063537168,1.0,1.0,0.0
20274006,exact,low_energy,weighted,0.12,0.64,0.74,0.92,0.04,0.010547550510185955,1.0,1.0,0.0
20274006,exact,low_energy,weighted,0.24,0.7592,0.32,0.92,0.04,0.010547550510185955,1.0,1.0,0.0
20274006,exact,low_energy,weighted,0.48,0.7824,0.32,0.92,0.04,0.010547550510185955,1.0,1.0,0.0
20274006,exact,low_energy,max_similarity,0.12,0.644,0.68,0.84,0.04,0.010547550510185955,1.0,1.0,0.0
20274006,exact,low_energy,max_similarity,0.24,0.7744000000000001,0.32,0.84,0.04,0.010547550510185955,1.0,1.0,0.0
20274006,exact,low_energy,max_similarity,0.48,0.9999999999999999,0.0,0.84,0.04,0.010547550510185955,1.0,1.0,0.0
20274006,coherent,random_replay,weighted,0.12,0.6176,0.78,0.92,0.04,0.01085539526413639,1.0,1.0,0.0
20274006,coherent,random_replay,weighted,0.24,0.7528,0.34,0.92,0.04,0.01085539526413639,1.0,1.0,0.0
20274006,coherent,random_replay,weighted,0.48,0.8128,0.3,0.92,0.04,0.01085539526413639,1.0,1.0,0.0
20274006,coherent,random_replay,max_similarity,0.12,0.7392,0.6,0.84,0.04,0.01085539526413639,1.0,1.0,0.0
20274006,coherent,random_replay,max_similarity,0.24,0.9887999999999999,0.0,0.84,0.04,0.01085539526413639,1.0,1.0,0.0
20274006,coherent,random_replay,max_similarity,0.48,1.0,0.0,0.84,0.04,0.01085539526413639,1.0,1.0,0.0
20274006,coherent,high_energy,weighted,0.12,0.628,0.72,0.96,0.05,0.010689618968728255,1.0,1.0,0.0
20274006,coherent,high_energy,weighted,0.24,0.7744,0.34,0.96,0.05,0.010689618968728255,1.0,1.0,0.0
20274006,coherent,high_energy,weighted,0.48,0.8031999999999999,0.3,0.96,0.05,0.010689618968728255,1.0,1.0,0.0
20274006,coherent,high_energy,max_similarity,0.12,0.7392,0.6,0.84,0.05,0.010689618968728255,1.0,1.0,0.0
20274006,coherent,high_energy,max_similarity,0.24,0.9887999999999999,0.0,0.84,0.05,0.010689618968728255,1.0,1.0,0.0
20274006,coherent,high_energy,max_similarity,0.48,1.0,0.0,0.84,0.05,0.010689618968728255,1.0,1.0,0.0
20274006,coherent,low_energy,weighted,0.12,0.6176,0.78,0.92,0.04,0.01085539526413639,1.0,1.0,0.0
20274006,coherent,low_energy,weighted,0.24,0.7528,0.34,0.92,0.04,0.01085539526413639,1.0,1.0,0.0
20274006,coherent,low_energy,weighted,0.48,0.8128,0.3,0.92,0.04,0.01085539526413639,1.0,1.0,0.0
20274006,coherent,low_energy,max_similarity,0.12,0.7392,0.6,0.84,0.04,0.01085539526413639,1.0,1.0,0.0
20274006,coherent,low_energy,max_similarity,0.24,0.9887999999999999,0.0,0.84,0.04,0.01085539526413639,1.0,1.0,0.0
20274006,coherent,low_energy,max_similarity,0.48,1.0,0.0,0.84,0.04,0.01085539526413639,1.0,1.0,0.0
20274006,independent,random_replay,weighted,0.12,0.6288,0.74,0.92,0.04,0.01051002154621258,1.0,1.0,0.0
20274006,independent,random_replay,weighted,0.24,0.7592,0.32,0.92,0.04,0.01051002154621258,1.0,1.0,0.0
20274006,independent,random_replay,weighted,0.48,0.8288,0.28,0.92,0.04,0.01051002154621258,1.0,1.0,0.0
20274006,independent,random_replay,max_similarity,0.12,0.72,0.62,0.84,0.04,0.01051002154621258,1.0,1.0,0.0
20274006,independent,random_replay,max_similarity,0.24,0.988,0.0,0.84,0.04,0.01051002154621258,1.0,1.0,0.0
20274006,independent,random_replay,max_similarity,0.48,1.0,0.0,0.84,0.04,0.01051002154621258,1.0,1.0,0.0
20274006,independent,high_energy,weighted,0.12,0.6392,0.74,0.96,0.05,0.010348557188516436,1.0,1.0,0.0
20274006,independent,high_energy,weighted,0.24,0.7807999999999999,0.32,0.96,0.05,0.010348557188516436,1.0,1.0,0.0
20274006,independent,high_energy,weighted,0.48,0.824,0.28,0.96,0.05,0.010348557188516436,1.0,1.0,0.0
20274006,independent,high_energy,max_similarity,0.12,0.7168,0.62,0.84,0.05,0.010348557188516436,1.0,1.0,0.0
20274006,independent,high_energy,max_similarity,0.24,0.9872000000000001,0.0,0.84,0.05,0.010348557188516436,1.0,1.0,0.0
20274006,independent,high_energy,max_similarity,0.48,1.0,0.0,0.84,0.05,0.010348557188516436,1.0,1.0,0.0
20274006,independent,low_energy,weighted,0.12,0.6288,0.74,0.92,0.04,0.01051002154621258,1.0,1.0,0.0
20274006,independent,low_energy,weighted,0.24,0.7592,0.32,0.92,0.04,0.01051002154621258,1.0,1.0,0.0
20274006,independent,low_energy,weighted,0.48,0.8288,0.28,0.92,0.04,0.01051002154621258,1.0,1.0,0.0
20274006,independent,low_energy,max_similarity,0.12,0.72,0.62,0.84,0.04,0.01051002154621258,1.0,1.0,0.0
20274006,independent,low_energy,max_similarity,0.24,0.988,0.0,0.84,0.04,0.01051002154621258,1.0,1.0,0.0
20274006,independent,low_energy,max_similarity,0.48,1.0,0.0,0.84,0.04,0.01051002154621258,1.0,1.0,0.0
20274007,none,no_replay,weighted,0.12,0.7608,0.66,0.96,0.04,0.01064522078892169,1.0,1.0,0.0
20274007,none,no_replay,weighted,0.24,0.9904000000000001,0.06,0.96,0.04,0.01064522078892169,1.0,1.0,0.0
20274007,none,no_replay,weighted,0.48,1.0,0.0,0.96,0.04,0.01064522078892169,1.0,1.0,0.0
20274007,none,no_replay,max_similarity,0.12,0.7656000000000001,0.68,0.92,0.04,0.01064522078892169,1.0,1.0,0.0
20274007,none,no_replay,max_similarity,0.24,0.9952,0.06,0.92,0.04,0.01064522078892169,1.0,1.0,0.0
20274007,none,no_replay,max_similarity,0.48,1.0,0.0,0.92,0.04,0.01064522078892169,1.0,1.0,0.0
20274007,exact,random_replay,weighted,0.12,0.668,0.76,0.96,0.04,0.01051928575111074,1.0,1.0,0.0
20274007,exact,random_replay,weighted,0.24,0.7768,0.36,0.96,0.04,0.01051928575111074,1.0,1.0,0.0
20274007,exact,random_replay,weighted,0.48,0.7824,0.32,0.96,0.04,0.01051928575111074,1.0,1.0,0.0
20274007,exact,random_replay,max_similarity,0.12,0.6712,0.78,0.96,0.04,0.01051928575111074,1.0,1.0,0.0
20274007,exact,random_replay,max_similarity,0.24,0.8064,0.34,0.96,0.04,0.01051928575111074,1.0,1.0,0.0
20274007,exact,random_replay,max_similarity,0.48,1.0,0.0,0.96,0.04,0.01051928575111074,1.0,1.0,0.0
20274007,exact,high_energy,weighted,0.12,0.6736,0.72,1.0,0.05,0.010322662339695312,1.0,1.0,0.0
20274007,exact,high_energy,weighted,0.24,0.7816,0.34,1.0,0.05,0.010322662339695312,1.0,1.0,0.0
20274007,exact,high_energy,weighted,0.48,0.7824,0.32,1.0,0.05,0.010322662339695312,1.0,1.0,0.0
20274007,exact,high_energy,max_similarity,0.12,0.6816,0.78,0.96,0.05,0.010322662339695312,1.0,1.0,0.0
20274007,exact,high_energy,max_similarity,0.24,0.7944,0.34,0.96,0.05,0.010322662339695312,1.0,1.0,0.0
20274007,exact,high_energy,max_similarity,0.48,1.0,0.0,0.96,0.05,0.010322662339695312,1.0,1.0,0.0
20274007,exact,low_energy,weighted,0.12,0.668,0.76,0.96,0.04,0.01051928575111074,1.0,1.0,0.0
20274007,exact,low_energy,weighted,0.24,0.7768,0.36,0.96,0.04,0.01051928575111074,1.0,1.0,0.0
20274007,exact,low_energy,weighted,0.48,0.7824,0.32,0.96,0.04,0.01051928575111074,1.0,1.0,0.0
20274007,exact,low_energy,max_similarity,0.12,0.6712,0.78,0.96,0.04,0.01051928575111074,1.0,1.0,0.0
20274007,exact,low_energy,max_similarity,0.24,0.8064,0.34,0.96,0.04,0.01051928575111074,1.0,1.0,0.0
20274007,exact,low_energy,max_similarity,0.48,1.0,0.0,0.96,0.04,0.01051928575111074,1.0,1.0,0.0
20274007,coherent,random_replay,weighted,0.12,0.6328,0.78,0.96,0.04,0.010808324049266063,1.0,1.0,0.0
20274007,coherent,random_replay,weighted,0.24,0.7736000000000001,0.36,0.96,0.04,0.010808324049266063,1.0,1.0,0.0
20274007,coherent,random_replay,weighted,0.48,0.8432,0.3,0.96,0.04,0.010808324049266063,1.0,1.0,0.0
20274007,coherent,random_replay,max_similarity,0.12,0.7656000000000001,0.68,0.92,0.04,0.010808324049266063,1.0,1.0,0.0
20274007,coherent,random_replay,max_similarity,0.24,0.9952,0.06,0.92,0.04,0.010808324049266063,1.0,1.0,0.0
20274007,coherent,random_replay,max_similarity,0.48,1.0,0.0,0.92,0.04,0.010808324049266063,1.0,1.0,0.0
20274007,coherent,high_energy,weighted,0.12,0.6416,0.76,1.0,0.05,0.010580291480498265,1.0,1.0,0.0
20274007,coherent,high_energy,weighted,0.24,0.7776,0.36,1.0,0.05,0.010580291480498265,1.0,1.0,0.0
20274007,coherent,high_energy,weighted,0.48,0.8472,0.3,1.0,0.05,0.010580291480498265,1.0,1.0,0.0
20274007,coherent,high_energy,max_similarity,0.12,0.7656000000000001,0.68,0.92,0.05,0.010580291480498265,1.0,1.0,0.0
20274007,coherent,high_energy,max_similarity,0.24,0.9952,0.06,0.92,0.05,0.010580291480498265,1.0,1.0,0.0
20274007,coherent,high_energy,max_similarity,0.48,1.0,0.0,0.92,0.05,0.010580291480498265,1.0,1.0,0.0
20274007,coherent,low_energy,weighted,0.12,0.6328,0.82,0.96,0.04,0.010808324049266063,1.0,1.0,0.0
20274007,coherent,low_energy,weighted,0.24,0.7736000000000001,0.38,0.96,0.04,0.010808324049266063,1.0,1.0,0.0
20274007,coherent,low_energy,weighted,0.48,0.8432,0.3,0.96,0.04,0.010808324049266063,1.0,1.0,0.0
20274007,coherent,low_energy,max_similarity,0.12,0.7656000000000001,0.68,0.92,0.04,0.010808324049266063,1.0,1.0,0.0
20274007,coherent,low_energy,max_similarity,0.24,0.9952,0.06,0.92,0.04,0.010808324049266063,1.0,1.0,0.0
20274007,coherent,low_energy,max_similarity,0.48,1.0,0.0,0.92,0.04,0.010808324049266063,1.0,1.0,0.0
20274007,independent,random_replay,weighted,0.12,0.6488,0.72,0.96,0.04,0.01052526328813315,1.0,1.0,0.0
20274007,independent,random_replay,weighted,0.24,0.7767999999999999,0.36,0.96,0.04,0.01052526328813315,1.0,1.0,0.0
20274007,independent,random_replay,weighted,0.48,0.7936,0.32,0.96,0.04,0.01052526328813315,1.0,1.0,0.0
20274007,independent,random_replay,max_similarity,0.12,0.7448000000000001,0.7,0.92,0.04,0.01052526328813315,1.0,1.0,0.0
20274007,independent,random_replay,max_similarity,0.24,0.9944,0.06,0.92,0.04,0.01052526328813315,1.0,1.0,0.0
20274007,independent,random_replay,max_similarity,0.48,1.0,0.0,0.92,0.04,0.01052526328813315,1.0,1.0,0.0
20274007,independent,high_energy,weighted,0.12,0.6536,0.72,1.0,0.05,0.010332598917621815,1.0,1.0,0.0
20274007,independent,high_energy,weighted,0.24,0.7807999999999999,0.34,1.0,0.05,0.010332598917621815,1.0,1.0,0.0
20274007,independent,high_energy,weighted,0.48,0.7968,0.32,1.0,0.05,0.010332598917621815,1.0,1.0,0.0
20274007,independent,high_energy,max_similarity,0.12,0.7448000000000001,0.7,0.92,0.05,0.010332598917621815,1.0,1.0,0.0
20274007,independent,high_energy,max_similarity,0.24,0.9944,0.06,0.92,0.05,0.010332598917621815,1.0,1.0,0.0
20274007,independent,high_energy,max_similarity,0.48,1.0,0.0,0.92,0.05,0.010332598917621815,1.0,1.0,0.0
20274007,independent,low_energy,weighted,0.12,0.6488,0.72,0.96,0.04,0.01052526328813315,1.0,1.0,0.0
20274007,independent,low_energy,weighted,0.24,0.7767999999999999,0.36,0.96,0.04,0.01052526328813315,1.0,1.0,0.0
20274007,independent,low_energy,weighted,0.48,0.7936,0.32,0.96,0.04,0.01052526328813315,1.0,1.0,0.0
20274007,independent,low_energy,max_similarity,0.12,0.7448000000000001,0.7,0.92,0.04,0.01052526328813315,1.0,1.0,0.0
20274007,independent,low_energy,max_similarity,0.24,0.9944,0.06,0.92,0.04,0.01052526328813315,1.0,1.0,0.0
20274007,independent,low_energy,max_similarity,0.48,1.0,0.0,0.92,0.04,0.01052526328813315,1.0,1.0,0.0
20274008,none,no_replay,weighted,0.12,0.6896,0.78,1.0,0.04,0.010510442962125105,1.0,1.0,0.0
20274008,none,no_replay,weighted,0.24,0.9768,0.16,1.0,0.04,0.010510442962125105,1.0,1.0,0.0
20274008,none,no_replay,weighted,0.48,1.0,0.0,1.0,0.04,0.010510442962125105,1.0,1.0,0.0
20274008,none,no_replay,max_similarity,0.12,0.7304,0.74,1.0,0.04,0.010510442962125105,1.0,1.0,0.0
20274008,none,no_replay,max_similarity,0.24,0.9936,0.1,1.0,0.04,0.010510442962125105,1.0,1.0,0.0
20274008,none,no_replay,max_similarity,0.48,1.0,0.0,1.0,0.04,0.010510442962125105,1.0,1.0,0.0
20274008,exact,random_replay,weighted,0.12,0.6448,0.8,0.96,0.04,0.010508540341504167,1.0,1.0,0.0
20274008,exact,random_replay,weighted,0.24,0.764,0.4,0.96,0.04,0.010508540341504167,1.0,1.0,0.0
20274008,exact,random_replay,weighted,0.48,0.7824,0.32,0.96,0.04,0.010508540341504167,1.0,1.0,0.0
20274008,exact,random_replay,max_similarity,0.12,0.6768000000000001,0.8,1.0,0.04,0.010508540341504167,1.0,1.0,0.0
20274008,exact,random_replay,max_similarity,0.24,0.8071999999999999,0.34,1.0,0.04,0.010508540341504167,1.0,1.0,0.0
20274008,exact,random_replay,max_similarity,0.48,1.0,0.0,1.0,0.04,0.010508540341504167,1.0,1.0,0.0
20274008,exact,high_energy,weighted,0.12,0.644,0.84,0.96,0.05,0.010287996332654079,1.0,1.0,0.0
20274008,exact,high_energy,weighted,0.24,0.7768,0.38,0.96,0.05,0.010287996332654079,1.0,1.0,0.0
20274008,exact,high_energy,weighted,0.48,0.7824,0.32,0.96,0.05,0.010287996332654079,1.0,1.0,0.0
20274008,exact,high_energy,max_similarity,0.12,0.6592,0.8,1.0,0.05,0.010287996332654079,1.0,1.0,0.0
20274008,exact,high_energy,max_similarity,0.24,0.8192,0.36,1.0,0.05,0.010287996332654079,1.0,1.0,0.0
20274008,exact,high_energy,max_similarity,0.48,1.0,0.0,1.0,0.05,0.010287996332654079,1.0,1.0,0.0
20274008,exact,low_energy,weighted,0.12,0.6448,0.8,0.96,0.04,0.010508540341504167,1.0,1.0,0.0
20274008,exact,low_energy,weighted,0.24,0.764,0.4,0.96,0.04,0.010508540341504167,1.0,1.0,0.0
20274008,exact,low_energy,weighted,0.48,0.7824,0.32,0.96,0.04,0.010508540341504167,1.0,1.0,0.0
20274008,exact,low_energy,max_similarity,0.12,0.6768000000000001,0.8,1.0,0.04,0.010508540341504167,1.0,1.0,0.0
20274008,exact,low_energy,max_similarity,0.24,0.8071999999999999,0.34,1.0,0.04,0.010508540341504167,1.0,1.0,0.0
20274008,exact,low_energy,max_similarity,0.48,1.0,0.0,1.0,0.04,0.010508540341504167,1.0,1.0,0.0
20274008,coherent,random_replay,weighted,0.12,0.6128,0.84,0.96,0.04,0.010707317690985844,1.0,1.0,0.0
20274008,coherent,random_replay,weighted,0.24,0.756,0.44,0.96,0.04,0.010707317690985844,1.0,1.0,0.0
20274008,coherent,random_replay,weighted,0.48,0.8071999999999999,0.32,0.96,0.04,0.010707317690985844,1.0,1.0,0.0
20274008,coherent,random_replay,max_similarity,0.12,0.7304,0.74,1.0,0.04,0.010707317690985844,1.0,1.0,0.0
20274008,coherent,random_replay,max_similarity,0.24,0.9936,0.1,1.0,0.04,0.010707317690985844,1.0,1.0,0.0
20274008,coherent,random_replay,max_similarity,0.48,1.0,0.0,1.0,0.04,0.010707317690985844,1.0,1.0,0.0
20274008,coherent,high_energy,weighted,0.12,0.6192,0.84,0.92,0.05,0.010499105979701016,1.0,1.0,0.0
20274008,coherent,high_energy,weighted,0.24,0.7664,0.46,0.92,0.05,0.010499105979701016,1.0,1.0,0.0
20274008,coherent,high_energy,weighted,0.48,0.8255999999999999,0.3,0.92,0.05,0.010499105979701016,1.0,1.0,0.0
20274008,coherent,high_energy,max_similarity,0.12,0.7304,0.74,1.0,0.05,0.010499105979701016,1.0,1.0,0.0
20274008,coherent,high_energy,max_similarity,0.24,0.9936,0.1,1.0,0.05,0.010499105979701016,1.0,1.0,0.0
20274008,coherent,high_energy,max_similarity,0.48,1.0,0.0,1.0,0.05,0.010499105979701016,1.0,1.0,0.0
20274008,coherent,low_energy,weighted,0.12,0.6128,0.84,0.96,0.04,0.010707317690985844,1.0,1.0,0.0
20274008,coherent,low_energy,weighted,0.24,0.756,0.46,0.96,0.04,0.010707317690985844,1.0,1.0,0.0
20274008,coherent,low_energy,weighted,0.48,0.8071999999999999,0.32,0.96,0.04,0.010707317690985844,1.0,1.0,0.0
20274008,coherent,low_energy,max_similarity,0.12,0.7304,0.74,1.0,0.04,0.010707317690985844,1.0,1.0,0.0
20274008,coherent,low_energy,max_similarity,0.24,0.9936,0.1,1.0,0.04,0.010707317690985844,1.0,1.0,0.0
20274008,coherent,low_energy,max_similarity,0.48,1.0,0.0,1.0,0.04,0.010707317690985844,1.0,1.0,0.0
20274008,independent,random_replay,weighted,0.12,0.6184000000000001,0.8,0.96,0.04,0.01056810787435911,1.0,1.0,0.0
20274008,independent,random_replay,weighted,0.24,0.7632,0.4,0.96,0.04,0.01056810787435911,1.0,1.0,0.0
20274008,independent,random_replay,weighted,0.48,0.8055999999999999,0.3,0.96,0.04,0.01056810787435911,1.0,1.0,0.0
20274008,independent,random_replay,max_similarity,0.12,0.72,0.8,1.0,0.04,0.01056810787435911,1.0,1.0,0.0
20274008,independent,random_replay,max_similarity,0.24,0.9936,0.1,1.0,0.04,0.01056810787435911,1.0,1.0,0.0
20274008,independent,random_replay,max_similarity,0.48,1.0,0.0,1.0,0.04,0.01056810787435911,1.0,1.0,0.0
20274008,independent,high_energy,weighted,0.12,0.624,0.84,0.96,0.05,0.010312249013642345,1.0,1.0,0.0
20274008,independent,high_energy,weighted,0.24,0.7752,0.38,0.96,0.05,0.010312249013642345,1.0,1.0,0.0
20274008,independent,high_energy,weighted,0.48,0.8111999999999999,0.3,0.96,0.05,0.010312249013642345,1.0,1.0,0.0
20274008,independent,high_energy,max_similarity,0.12,0.7112,0.8,1.0,0.05,0.010312249013642345,1.0,1.0,0.0
20274008,independent,high_energy,max_similarity,0.24,0.9936,0.1,1.0,0.05,0.010312249013642345,1.0,1.0,0.0
20274008,independent,high_energy,max_similarity,0.48,1.0,0.0,1.0,0.05,0.010312249013642345,1.0,1.0,0.0
20274008,independent,low_energy,weighted,0.12,0.6184000000000001,0.8,0.96,0.04,0.01056810787435911,1.0,1.0,0.0
20274008,independent,low_energy,weighted,0.24,0.7632,0.4,0.96,0.04,0.01056810787435911,1.0,1.0,0.0
20274008,independent,low_energy,weighted,0.48,0.8055999999999999,0.3,0.96,0.04,0.01056810787435911,1.0,1.0,0.0
20274008,independent,low_energy,max_similarity,0.12,0.72,0.8,1.0,0.04,0.01056810787435911,1.0,1.0,0.0
20274008,independent,low_energy,max_similarity,0.24,0.9936,0.1,1.0,0.04,0.01056810787435911,1.0,1.0,0.0
20274008,independent,low_energy,max_similarity,0.48,1.0,0.0,1.0,0.04,0.01056810787435911,1.0,1.0,0.0
20274009,none,no_replay,weighted,0.12,0.7055999999999999,0.5,0.8,0.04,0.010783941044223692,1.0,1.0,0.0
20274009,none,no_replay,weighted,0.24,0.9743999999999999,0.02,0.8,0.04,0.010783941044223692,1.0,1.0,0.0
20274009,none,no_replay,weighted,0.48,1.0,0.0,0.8,0.04,0.010783941044223692,1.0,1.0,0.0
20274009,none,no_replay,max_similarity,0.12,0.7040000000000001,0.44,0.68,0.04,0.010783941044223692,1.0,1.0,0.0
20274009,none,no_replay,max_similarity,0.24,0.9856,0.0,0.68,0.04,0.010783941044223692,1.0,1.0,0.0
20274009,none,no_replay,max_similarity,0.48,1.0,0.0,0.68,0.04,0.010783941044223692,1.0,1.0,0.0
20274009,exact,random_replay,weighted,0.12,0.6416,0.64,0.84,0.04,0.010587139175155112,1.0,1.0,0.0
20274009,exact,random_replay,weighted,0.24,0.7664000000000001,0.34,0.84,0.04,0.010587139175155112,1.0,1.0,0.0
20274009,exact,random_replay,weighted,0.48,0.7824,0.32,0.84,0.04,0.010587139175155112,1.0,1.0,0.0
20274009,exact,random_replay,max_similarity,0.12,0.64,0.62,0.76,0.04,0.010587139175155112,1.0,1.0,0.0
20274009,exact,random_replay,max_similarity,0.24,0.7992,0.32,0.76,0.04,0.010587139175155112,1.0,1.0,0.0
20274009,exact,random_replay,max_similarity,0.48,1.0,0.0,0.76,0.04,0.010587139175155112,1.0,1.0,0.0
20274009,exact,high_energy,weighted,0.12,0.6472,0.62,0.8,0.05,0.0103750062853159,1.0,1.0,0.0
20274009,exact,high_energy,weighted,0.24,0.768,0.34,0.8,0.05,0.0103750062853159,1.0,1.0,0.0
20274009,exact,high_energy,weighted,0.48,0.7824,0.32,0.8,0.05,0.0103750062853159,1.0,1.0,0.0
20274009,exact,high_energy,max_similarity,0.12,0.6464000000000001,0.58,0.76,0.05,0.0103750062853159,1.0,1.0,0.0
20274009,exact,high_energy,max_similarity,0.24,0.7872000000000001,0.32,0.76,0.05,0.0103750062853159,1.0,1.0,0.0
20274009,exact,high_energy,max_similarity,0.48,1.0,0.0,0.76,0.05,0.0103750062853159,1.0,1.0,0.0
20274009,exact,low_energy,weighted,0.12,0.6416,0.64,0.84,0.04,0.010587139175155112,1.0,1.0,0.0
20274009,exact,low_energy,weighted,0.24,0.7664000000000001,0.34,0.84,0.04,0.010587139175155112,1.0,1.0,0.0
20274009,exact,low_energy,weighted,0.48,0.7824,0.32,0.84,0.04,0.010587139175155112,1.0,1.0,0.0
20274009,exact,low_energy,max_similarity,0.12,0.64,0.62,0.76,0.04,0.010587139175155112,1.0,1.0,0.0
20274009,exact,low_energy,max_similarity,0.24,0.7992,0.32,0.76,0.04,0.010587139175155112,1.0,1.0,0.0
20274009,exact,low_energy,max_similarity,0.48,1.0,0.0,0.76,0.04,0.010587139175155112,1.0,1.0,0.0
20274009,coherent,random_replay,weighted,0.12,0.608,0.66,0.84,0.04,0.010995261594610277,1.0,1.0,0.0
20274009,coherent,random_replay,weighted,0.24,0.7592,0.34,0.84,0.04,0.010995261594610277,1.0,1.0,0.0
20274009,coherent,random_replay,weighted,0.48,0.8216,0.3,0.84,0.04,0.010995261594610277,1.0,1.0,0.0
20274009,coherent,random_replay,max_similarity,0.12,0.7040000000000001,0.44,0.68,0.04,0.010995261594610277,1.0,1.0,0.0
20274009,coherent,random_replay,max_similarity,0.24,0.9856,0.0,0.68,0.04,0.010995261594610277,1.0,1.0,0.0
20274009,coherent,random_replay,max_similarity,0.48,1.0,0.0,0.68,0.04,0.010995261594610277,1.0,1.0,0.0
20274009,coherent,high_energy,weighted,0.12,0.6136,0.64,0.84,0.04,0.010957335029894813,1.0,1.0,0.0
20274009,coherent,high_energy,weighted,0.24,0.7584,0.34,0.84,0.04,0.010957335029894813,1.0,1.0,0.0
20274009,coherent,high_energy,weighted,0.48,0.8248,0.3,0.84,0.04,0.010957335029894813,1.0,1.0,0.0
20274009,coherent,high_energy,max_similarity,0.12,0.7040000000000001,0.44,0.68,0.04,0.010957335029894813,1.0,1.0,0.0
20274009,coherent,high_energy,max_similarity,0.24,0.9856,0.0,0.68,0.04,0.010957335029894813,1.0,1.0,0.0
20274009,coherent,high_energy,max_similarity,0.48,1.0,0.0,0.68,0.04,0.010957335029894813,1.0,1.0,0.0
20274009,coherent,low_energy,weighted,0.12,0.608,0.66,0.84,0.04,0.010995261594610277,1.0,1.0,0.0
20274009,coherent,low_energy,weighted,0.24,0.7592,0.34,0.84,0.04,0.010995261594610277,1.0,1.0,0.0
20274009,coherent,low_energy,weighted,0.48,0.8216,0.3,0.84,0.04,0.010995261594610277,1.0,1.0,0.0
20274009,coherent,low_energy,max_similarity,0.12,0.7040000000000001,0.44,0.68,0.04,0.010995261594610277,1.0,1.0,0.0
20274009,coherent,low_energy,max_similarity,0.24,0.9856,0.0,0.68,0.04,0.010995261594610277,1.0,1.0,0.0
20274009,coherent,low_energy,max_similarity,0.48,1.0,0.0,0.68,0.04,0.010995261594610277,1.0,1.0,0.0
20274009,independent,random_replay,weighted,0.12,0.6175999999999999,0.64,0.84,0.04,0.010675018689170318,1.0,1.0,0.0
20274009,independent,random_replay,weighted,0.24,0.7624000000000001,0.34,0.84,0.04,0.010675018689170318,1.0,1.0,0.0
20274009,independent,random_replay,weighted,0.48,0.8048,0.3,0.84,0.04,0.010675018689170318,1.0,1.0,0.0
20274009,independent,random_replay,max_similarity,0.12,0.6848,0.52,0.68,0.04,0.010675018689170318,1.0,1.0,0.0
20274009,independent,random_replay,max_similarity,0.24,0.9792000000000001,0.02,0.68,0.04,0.010675018689170318,1.0,1.0,0.0
20274009,independent,random_replay,max_similarity,0.48,1.0,0.0,0.68,0.04,0.010675018689170318,1.0,1.0,0.0
20274009,independent,high_energy,weighted,0.12,0.6208,0.66,0.84,0.04,0.01067338456786185,1.0,1.0,0.0
20274009,independent,high_energy,weighted,0.24,0.7656000000000001,0.34,0.84,0.04,0.01067338456786185,1.0,1.0,0.0
20274009,independent,high_energy,weighted,0.48,0.8048,0.3,0.84,0.04,0.01067338456786185,1.0,1.0,0.0
20274009,independent,high_energy,max_similarity,0.12,0.6799999999999999,0.52,0.68,0.04,0.01067338456786185,1.0,1.0,0.0
20274009,independent,high_energy,max_similarity,0.24,0.9720000000000001,0.04,0.68,0.04,0.01067338456786185,1.0,1.0,0.0
20274009,independent,high_energy,max_similarity,0.48,1.0,0.0,0.68,0.04,0.01067338456786185,1.0,1.0,0.0
20274009,independent,low_energy,weighted,0.12,0.6175999999999999,0.64,0.84,0.04,0.010675018689170318,1.0,1.0,0.0
20274009,independent,low_energy,weighted,0.24,0.7624000000000001,0.34,0.84,0.04,0.010675018689170318,1.0,1.0,0.0
20274009,independent,low_energy,weighted,0.48,0.8048,0.3,0.84,0.04,0.010675018689170318,1.0,1.0,0.0
20274009,independent,low_energy,max_similarity,0.12,0.6848,0.52,0.68,0.04,0.010675018689170318,1.0,1.0,0.0
20274009,independent,low_energy,max_similarity,0.24,0.9792000000000001,0.02,0.68,0.04,0.010675018689170318,1.0,1.0,0.0
20274009,independent,low_energy,max_similarity,0.48,1.0,0.0,0.68,0.04,0.010675018689170318,1.0,1.0,0.0
20274010,none,no_replay,weighted,0.12,0.7727999999999999,0.84,0.92,0.04,0.01056074602944917,1.0,1.0,0.0
20274010,none,no_replay,weighted,0.24,0.9904000000000001,0.04,0.92,0.04,0.01056074602944917,1.0,1.0,0.0
20274010,none,no_replay,weighted,0.48,1.0,0.0,0.92,0.04,0.01056074602944917,1.0,1.0,0.0
20274010,none,no_replay,max_similarity,0.12,0.8136000000000001,0.8,0.96,0.04,0.01056074602944917,1.0,1.0,0.0
20274010,none,no_replay,max_similarity,0.24,0.9984,0.04,0.96,0.04,0.01056074602944917,1.0,1.0,0.0
20274010,none,no_replay,max_similarity,0.48,1.0,0.0,0.96,0.04,0.01056074602944917,1.0,1.0,0.0
20274010,exact,random_replay,weighted,0.12,0.6952,0.84,0.92,0.04,0.010517972257830886,1.0,1.0,0.0
20274010,exact,random_replay,weighted,0.24,0.7656,0.34,0.92,0.04,0.010517972257830886,1.0,1.0,0.0
20274010,exact,random_replay,weighted,0.48,0.7824,0.32,0.92,0.04,0.010517972257830886,1.0,1.0,0.0
20274010,exact,random_replay,max_similarity,0.12,0.7008,0.78,0.96,0.04,0.010517972257830886,1.0,1.0,0.0
20274010,exact,random_replay,max_similarity,0.24,0.7936,0.34,0.96,0.04,0.010517972257830886,1.0,1.0,0.0
20274010,exact,random_replay,max_similarity,0.48,1.0,0.0,0.96,0.04,0.010517972257830886,1.0,1.0,0.0
20274010,exact,high_energy,weighted,0.12,0.6983999999999999,0.76,0.96,0.05,0.010352399773622121,1.0,1.0,0.0
20274010,exact,high_energy,weighted,0.24,0.7784,0.34,0.96,0.05,0.010352399773622121,1.0,1.0,0.0
20274010,exact,high_energy,weighted,0.48,0.7824,0.32,0.96,0.05,0.010352399773622121,1.0,1.0,0.0
20274010,exact,high_energy,max_similarity,0.12,0.7000000000000001,0.74,0.96,0.05,0.010352399773622121,1.0,1.0,0.0
20274010,exact,high_energy,max_similarity,0.24,0.7944,0.34,0.96,0.05,0.010352399773622121,1.0,1.0,0.0
20274010,exact,high_energy,max_similarity,0.48,1.0,0.0,0.96,0.05,0.010352399773622121,1.0,1.0,0.0
20274010,exact,low_energy,weighted,0.12,0.6952,0.84,0.92,0.04,0.010517972257830886,1.0,1.0,0.0
20274010,exact,low_energy,weighted,0.24,0.7656,0.34,0.92,0.04,0.010517972257830886,1.0,1.0,0.0
20274010,exact,low_energy,weighted,0.48,0.7824,0.32,0.92,0.04,0.010517972257830886,1.0,1.0,0.0
20274010,exact,low_energy,max_similarity,0.12,0.7008,0.78,0.96,0.04,0.010517972257830886,1.0,1.0,0.0
20274010,exact,low_energy,max_similarity,0.24,0.7936,0.34,0.96,0.04,0.010517972257830886,1.0,1.0,0.0
20274010,exact,low_energy,max_similarity,0.48,1.0,0.0,0.96,0.04,0.010517972257830886,1.0,1.0,0.0
20274010,coherent,random_replay,weighted,0.12,0.6576,0.88,0.92,0.04,0.010756254942765992,1.0,1.0,0.0
20274010,coherent,random_replay,weighted,0.24,0.7647999999999999,0.36,0.92,0.04,0.010756254942765992,1.0,1.0,0.0
20274010,coherent,random_replay,weighted,0.48,0.8016,0.32,0.92,0.04,0.010756254942765992,1.0,1.0,0.0
20274010,coherent,random_replay,max_similarity,0.12,0.8136000000000001,0.8,0.96,0.04,0.010756254942765992,1.0,1.0,0.0
20274010,coherent,random_replay,max_similarity,0.24,0.9984,0.04,0.96,0.04,0.010756254942765992,1.0,1.0,0.0
20274010,coherent,random_replay,max_similarity,0.48,1.0,0.0,0.96,0.04,0.010756254942765992,1.0,1.0,0.0
20274010,coherent,high_energy,weighted,0.12,0.6688000000000001,0.8,0.96,0.06,0.010508570166151728,1.0,1.0,0.0
20274010,coherent,high_energy,weighted,0.24,0.7776000000000001,0.36,0.96,0.06,0.010508570166151728,1.0,1.0,0.0
20274010,coherent,high_energy,weighted,0.48,0.7839999999999999,0.32,0.96,0.06,0.010508570166151728,1.0,1.0,0.0
20274010,coherent,high_energy,max_similarity,0.12,0.8136000000000001,0.8,0.96,0.06,0.010508570166151728,1.0,1.0,0.0
20274010,coherent,high_energy,max_similarity,0.24,0.9984,0.04,0.96,0.06,0.010508570166151728,1.0,1.0,0.0
20274010,coherent,high_energy,max_similarity,0.48,1.0,0.0,0.96,0.06,0.010508570166151728,1.0,1.0,0.0
20274010,coherent,low_energy,weighted,0.12,0.6576,0.9,0.92,0.04,0.010756254942765992,1.0,1.0,0.0
20274010,coherent,low_energy,weighted,0.24,0.7647999999999999,0.38,0.92,0.04,0.010756254942765992,1.0,1.0,0.0
20274010,coherent,low_energy,weighted,0.48,0.8016,0.32,0.92,0.04,0.010756254942765992,1.0,1.0,0.0
20274010,coherent,low_energy,max_similarity,0.12,0.8136000000000001,0.8,0.96,0.04,0.010756254942765992,1.0,1.0,0.0
20274010,coherent,low_energy,max_similarity,0.24,0.9984,0.04,0.96,0.04,0.010756254942765992,1.0,1.0,0.0
20274010,coherent,low_energy,max_similarity,0.48,1.0,0.0,0.96,0.04,0.010756254942765992,1.0,1.0,0.0
20274010,independent,random_replay,weighted,0.12,0.6632000000000001,0.8,0.92,0.04,0.010496443317798485,1.0,1.0,0.0
20274010,independent,random_replay,weighted,0.24,0.768,0.34,0.92,0.04,0.010496443317798485,1.0,1.0,0.0
20274010,independent,random_replay,weighted,0.48,0.7847999999999999,0.32,0.92,0.04,0.010496443317798485,1.0,1.0,0.0
20274010,independent,random_replay,max_similarity,0.12,0.7784,0.84,0.96,0.04,0.010496443317798485,1.0,1.0,0.0
20274010,independent,random_replay,max_similarity,0.24,0.9944,0.08,0.96,0.04,0.010496443317798485,1.0,1.0,0.0
20274010,independent,random_replay,max_similarity,0.48,1.0,0.0,0.96,0.04,0.010496443317798485,1.0,1.0,0.0
20274010,independent,high_energy,weighted,0.12,0.6736000000000001,0.72,0.96,0.04,0.01054744692635471,1.0,1.0,0.0
20274010,independent,high_energy,weighted,0.24,0.7784,0.34,0.96,0.04,0.01054744692635471,1.0,1.0,0.0
20274010,independent,high_energy,weighted,0.48,0.7888,0.32,0.96,0.04,0.01054744692635471,1.0,1.0,0.0
20274010,independent,high_energy,max_similarity,0.12,0.7808,0.8,0.96,0.04,0.01054744692635471,1.0,1.0,0.0
20274010,independent,high_energy,max_similarity,0.24,0.9944,0.08,0.96,0.04,0.01054744692635471,1.0,1.0,0.0
20274010,independent,high_energy,max_similarity,0.48,1.0,0.0,0.96,0.04,0.01054744692635471,1.0,1.0,0.0
20274010,independent,low_energy,weighted,0.12,0.6632000000000001,0.8,0.92,0.04,0.010496443317798485,1.0,1.0,0.0
20274010,independent,low_energy,weighted,0.24,0.768,0.34,0.92,0.04,0.010496443317798485,1.0,1.0,0.0
20274010,independent,low_energy,weighted,0.48,0.7847999999999999,0.32,0.92,0.04,0.010496443317798485,1.0,1.0,0.0
20274010,independent,low_energy,max_similarity,0.12,0.7784,0.84,0.96,0.04,0.010496443317798485,1.0,1.0,0.0
20274010,independent,low_energy,max_similarity,0.24,0.9944,0.08,0.96,0.04,0.010496443317798485,1.0,1.0,0.0
20274010,independent,low_energy,max_similarity,0.48,1.0,0.0,0.96,0.04,0.010496443317798485,1.0,1.0,0.0
20274011,none,no_replay,weighted,0.12,0.7192,0.52,0.84,0.04,0.010675429861721587,1.0,1.0,0.0
20274011,none,no_replay,weighted,0.24,0.984,0.04,0.84,0.04,0.010675429861721587,1.0,1.0,0.0
20274011,none,no_replay,weighted,0.48,1.0,0.0,0.84,0.04,0.010675429861721587,1.0,1.0,0.0
20274011,none,no_replay,max_similarity,0.12,0.7544,0.48,0.84,0.04,0.010675429861721587,1.0,1.0,0.0
20274011,none,no_replay,max_similarity,0.24,0.988,0.02,0.84,0.04,0.010675429861721587,1.0,1.0,0.0
20274011,none,no_replay,max_similarity,0.48,1.0,0.0,0.84,0.04,0.010675429861721587,1.0,1.0,0.0
20274011,exact,random_replay,weighted,0.12,0.6576,0.68,0.92,0.04,0.010556514876367258,1.0,1.0,0.0
20274011,exact,random_replay,weighted,0.24,0.7784,0.32,0.92,0.04,0.010556514876367258,1.0,1.0,0.0
20274011,exact,random_replay,weighted,0.48,0.7824,0.32,0.92,0.04,0.010556514876367258,1.0,1.0,0.0
20274011,exact,random_replay,max_similarity,0.12,0.6688,0.56,0.84,0.04,0.010556514876367258,1.0,1.0,0.0
20274011,exact,random_replay,max_similarity,0.24,0.7768,0.34,0.84,0.04,0.010556514876367258,1.0,1.0,0.0
20274011,exact,random_replay,max_similarity,0.48,1.0,0.0,0.84,0.04,0.010556514876367258,1.0,1.0,0.0
20274011,exact,high_energy,weighted,0.12,0.6576,0.68,0.88,0.04,0.010556514876367258,1.0,1.0,0.0
20274011,exact,high_energy,weighted,0.24,0.7784,0.32,0.88,0.04,0.010556514876367258,1.0,1.0,0.0
20274011,exact,high_energy,weighted,0.48,0.7824,0.32,0.88,0.04,0.010556514876367258,1.0,1.0,0.0
20274011,exact,high_energy,max_similarity,0.12,0.6688,0.56,0.84,0.04,0.010556514876367258,1.0,1.0,0.0
20274011,exact,high_energy,max_similarity,0.24,0.7768,0.34,0.84,0.04,0.010556514876367258,1.0,1.0,0.0
20274011,exact,high_energy,max_similarity,0.48,1.0,0.0,0.84,0.04,0.010556514876367258,1.0,1.0,0.0
20274011,exact,low_energy,weighted,0.12,0.64,0.7,0.88,0.04,0.010519121794026871,1.0,1.0,0.0
20274011,exact,low_energy,weighted,0.24,0.7656000000000001,0.34,0.88,0.04,0.010519121794026871,1.0,1.0,0.0
20274011,exact,low_energy,weighted,0.48,0.7824,0.32,0.88,0.04,0.010519121794026871,1.0,1.0,0.0
20274011,exact,low_energy,max_similarity,0.12,0.6664,0.56,0.84,0.04,0.010519121794026871,1.0,1.0,0.0
20274011,exact,low_energy,max_similarity,0.24,0.776,0.34,0.84,0.04,0.010519121794026871,1.0,1.0,0.0
20274011,exact,low_energy,max_similarity,0.48,1.0,0.0,0.84,0.04,0.010519121794026871,1.0,1.0,0.0
20274011,coherent,random_replay,weighted,0.12,0.6208,0.72,0.92,0.04,0.010839942585337875,1.0,1.0,0.0
20274011,coherent,random_replay,weighted,0.24,0.7767999999999999,0.34,0.92,0.04,0.010839942585337875,1.0,1.0,0.0
20274011,coherent,random_replay,weighted,0.48,0.8424,0.26,0.92,0.04,0.010839942585337875,1.0,1.0,0.0
20274011,coherent,random_replay,max_similarity,0.12,0.7544,0.48,0.84,0.04,0.010839942585337875,1.0,1.0,0.0
20274011,coherent,random_replay,max_similarity,0.24,0.988,0.02,0.84,0.04,0.010839942585337875,1.0,1.0,0.0
20274011,coherent,random_replay,max_similarity,0.48,1.0,0.0,0.84,0.04,0.010839942585337875,1.0,1.0,0.0
20274011,coherent,high_energy,weighted,0.12,0.6208,0.72,0.92,0.04,0.010839942585337874,1.0,1.0,0.0
20274011,coherent,high_energy,weighted,0.24,0.7767999999999999,0.34,0.92,0.04,0.010839942585337874,1.0,1.0,0.0
20274011,coherent,high_energy,weighted,0.48,0.8424,0.26,0.92,0.04,0.010839942585337874,1.0,1.0,0.0
20274011,coherent,high_energy,max_similarity,0.12,0.7544,0.48,0.84,0.04,0.010839942585337874,1.0,1.0,0.0
20274011,coherent,high_energy,max_similarity,0.24,0.988,0.02,0.84,0.04,0.010839942585337874,1.0,1.0,0.0
20274011,coherent,high_energy,max_similarity,0.48,1.0,0.0,0.84,0.04,0.010839942585337874,1.0,1.0,0.0
20274011,coherent,low_energy,weighted,0.12,0.608,0.82,0.92,0.04,0.010803912153129846,1.0,1.0,0.0
20274011,coherent,low_energy,weighted,0.24,0.7584,0.4,0.92,0.04,0.010803912153129846,1.0,1.0,0.0
20274011,coherent,low_energy,weighted,0.48,0.8351999999999999,0.28,0.92,0.04,0.010803912153129846,1.0,1.0,0.0
20274011,coherent,low_energy,max_similarity,0.12,0.7544,0.48,0.84,0.04,0.010803912153129846,1.0,1.0,0.0
20274011,coherent,low_energy,max_similarity,0.24,0.988,0.02,0.84,0.04,0.010803912153129846,1.0,1.0,0.0
20274011,coherent,low_energy,max_similarity,0.48,1.0,0.0,0.84,0.04,0.010803912153129846,1.0,1.0,0.0
20274011,independent,random_replay,weighted,0.12,0.6432,0.72,0.92,0.04,0.01057793855861011,1.0,1.0,0.0
20274011,independent,random_replay,weighted,0.24,0.7792,0.34,0.92,0.04,0.01057793855861011,1.0,1.0,0.0
20274011,independent,random_replay,weighted,0.48,0.8135999999999999,0.3,0.92,0.04,0.01057793855861011,1.0,1.0,0.0
20274011,independent,random_replay,max_similarity,0.12,0.7304,0.52,0.84,0.04,0.01057793855861011,1.0,1.0,0.0
20274011,independent,random_replay,max_similarity,0.24,0.988,0.02,0.84,0.04,0.01057793855861011,1.0,1.0,0.0
20274011,independent,random_replay,max_similarity,0.48,1.0,0.0,0.84,0.04,0.01057793855861011,1.0,1.0,0.0
20274011,independent,high_energy,weighted,0.12,0.6432,0.72,0.92,0.04,0.010577938558610112,1.0,1.0,0.0
20274011,independent,high_energy,weighted,0.24,0.7792,0.34,0.92,0.04,0.010577938558610112,1.0,1.0,0.0
20274011,independent,high_energy,weighted,0.48,0.8135999999999999,0.3,0.92,0.04,0.010577938558610112,1.0,1.0,0.0
20274011,independent,high_energy,max_similarity,0.12,0.7304,0.52,0.84,0.04,0.010577938558610112,1.0,1.0,0.0
20274011,independent,high_energy,max_similarity,0.24,0.988,0.02,0.84,0.04,0.010577938558610112,1.0,1.0,0.0
20274011,independent,high_energy,max_similarity,0.48,1.0,0.0,0.84,0.04,0.010577938558610112,1.0,1.0,0.0
20274011,independent,low_energy,weighted,0.12,0.6215999999999999,0.76,0.92,0.04,0.010541755632309146,1.0,1.0,0.0
20274011,independent,low_energy,weighted,0.24,0.764,0.36,0.92,0.04,0.010541755632309146,1.0,1.0,0.0
20274011,independent,low_energy,weighted,0.48,0.8119999999999999,0.3,0.92,0.04,0.010541755632309146,1.0,1.0,0.0
20274011,independent,low_energy,max_similarity,0.12,0.732,0.52,0.84,0.04,0.010541755632309146,1.0,1.0,0.0
20274011,independent,low_energy,max_similarity,0.24,0.988,0.02,0.84,0.04,0.010541755632309146,1.0,1.0,0.0
20274011,independent,low_energy,max_similarity,0.48,1.0,0.0,0.84,0.04,0.010541755632309146,1.0,1.0,0.0
20274012,none,no_replay,weighted,0.12,0.7456,0.7,0.88,0.04,0.010675863750309947,1.0,1.0,0.0
20274012,none,no_replay,weighted,0.24,0.9624,0.06,0.88,0.04,0.010675863750309947,1.0,1.0,0.0
20274012,none,no_replay,weighted,0.48,1.0,0.0,0.88,0.04,0.010675863750309947,1.0,1.0,0.0
20274012,none,no_replay,max_similarity,0.12,0.7784,0.6,0.88,0.04,0.010675863750309947,1.0,1.0,0.0
20274012,none,no_replay,max_similarity,0.24,0.9944,0.04,0.88,0.04,0.010675863750309947,1.0,1.0,0.0
20274012,none,no_replay,max_similarity,0.48,1.0,0.0,0.88,0.04,0.010675863750309947,1.0,1.0,0.0
20274012,exact,random_replay,weighted,0.12,0.6776,0.78,0.92,0.04,0.01057956244289037,1.0,1.0,0.0
20274012,exact,random_replay,weighted,0.24,0.7552,0.36,0.92,0.04,0.01057956244289037,1.0,1.0,0.0
20274012,exact,random_replay,weighted,0.48,0.7824,0.32,0.92,0.04,0.01057956244289037,1.0,1.0,0.0
20274012,exact,random_replay,max_similarity,0.12,0.6856,0.7,0.92,0.04,0.01057956244289037,1.0,1.0,0.0
20274012,exact,random_replay,max_similarity,0.24,0.7792,0.32,0.92,0.04,0.01057956244289037,1.0,1.0,0.0
20274012,exact,random_replay,max_similarity,0.48,1.0,0.0,0.92,0.04,0.01057956244289037,1.0,1.0,0.0
20274012,exact,high_energy,weighted,0.12,0.6744,0.74,0.96,0.05,0.010377657756596442,1.0,1.0,0.0
20274012,exact,high_energy,weighted,0.24,0.7776,0.38,0.96,0.05,0.010377657756596442,1.0,1.0,0.0
20274012,exact,high_energy,weighted,0.48,0.7824,0.32,0.96,0.05,0.010377657756596442,1.0,1.0,0.0
20274012,exact,high_energy,max_similarity,0.12,0.696,0.72,0.96,0.05,0.010377657756596442,1.0,1.0,0.0
20274012,exact,high_energy,max_similarity,0.24,0.7807999999999999,0.32,0.96,0.05,0.010377657756596442,1.0,1.0,0.0
20274012,exact,high_energy,max_similarity,0.48,1.0,0.0,0.96,0.05,0.010377657756596442,1.0,1.0,0.0
20274012,exact,low_energy,weighted,0.12,0.6776,0.78,0.92,0.04,0.01057956244289037,1.0,1.0,0.0
20274012,exact,low_energy,weighted,0.24,0.7552,0.36,0.92,0.04,0.01057956244289037,1.0,1.0,0.0
20274012,exact,low_energy,weighted,0.48,0.7824,0.32,0.92,0.04,0.01057956244289037,1.0,1.0,0.0
20274012,exact,low_energy,max_similarity,0.12,0.6856,0.7,0.92,0.04,0.01057956244289037,1.0,1.0,0.0
20274012,exact,low_energy,max_similarity,0.24,0.7792,0.32,0.92,0.04,0.01057956244289037,1.0,1.0,0.0
20274012,exact,low_energy,max_similarity,0.48,1.0,0.0,0.92,0.04,0.01057956244289037,1.0,1.0,0.0
20274012,coherent,random_replay,weighted,0.12,0.6432,0.82,0.92,0.04,0.01095185428410618,1.0,1.0,0.0
20274012,coherent,random_replay,weighted,0.24,0.7512,0.36,0.92,0.04,0.01095185428410618,1.0,1.0,0.0
20274012,coherent,random_replay,weighted,0.48,0.824,0.32,0.92,0.04,0.01095185428410618,1.0,1.0,0.0
20274012,coherent,random_replay,max_similarity,0.12,0.7784,0.6,0.88,0.04,0.01095185428410618,1.0,1.0,0.0
20274012,coherent,random_replay,max_similarity,0.24,0.9944,0.04,0.88,0.04,0.01095185428410618,1.0,1.0,0.0
20274012,coherent,random_replay,max_similarity,0.48,1.0,0.0,0.88,0.04,0.01095185428410618,1.0,1.0,0.0
20274012,coherent,high_energy,weighted,0.12,0.6464,0.7,0.96,0.05,0.01073913340630711,1.0,1.0,0.0
20274012,coherent,high_energy,weighted,0.24,0.7704,0.38,0.96,0.05,0.01073913340630711,1.0,1.0,0.0
20274012,coherent,high_energy,weighted,0.48,0.8488,0.26,0.96,0.05,0.01073913340630711,1.0,1.0,0.0
20274012,coherent,high_energy,max_similarity,0.12,0.7784,0.6,0.88,0.05,0.01073913340630711,1.0,1.0,0.0
20274012,coherent,high_energy,max_similarity,0.24,0.9944,0.04,0.88,0.05,0.01073913340630711,1.0,1.0,0.0
20274012,coherent,high_energy,max_similarity,0.48,1.0,0.0,0.88,0.05,0.01073913340630711,1.0,1.0,0.0
20274012,coherent,low_energy,weighted,0.12,0.6432,0.82,0.92,0.04,0.01095185428410618,1.0,1.0,0.0
20274012,coherent,low_energy,weighted,0.24,0.7512,0.36,0.92,0.04,0.01095185428410618,1.0,1.0,0.0
20274012,coherent,low_energy,weighted,0.48,0.824,0.32,0.92,0.04,0.01095185428410618,1.0,1.0,0.0
20274012,coherent,low_energy,max_similarity,0.12,0.7784,0.6,0.88,0.04,0.01095185428410618,1.0,1.0,0.0
20274012,coherent,low_energy,max_similarity,0.24,0.9944,0.04,0.88,0.04,0.01095185428410618,1.0,1.0,0.0
20274012,coherent,low_energy,max_similarity,0.48,1.0,0.0,0.88,0.04,0.01095185428410618,1.0,1.0,0.0
20274012,independent,random_replay,weighted,0.12,0.6600000000000001,0.78,0.92,0.04,0.010554035901363565,1.0,1.0,0.0
20274012,independent,random_replay,weighted,0.24,0.756,0.36,0.92,0.04,0.010554035901363565,1.0,1.0,0.0
20274012,independent,random_replay,weighted,0.48,0.8079999999999999,0.32,0.92,0.04,0.010554035901363565,1.0,1.0,0.0
20274012,independent,random_replay,max_similarity,0.12,0.7704,0.62,0.88,0.04,0.010554035901363565,1.0,1.0,0.0
20274012,independent,random_replay,max_similarity,0.24,0.9944,0.04,0.88,0.04,0.010554035901363565,1.0,1.0,0.0
20274012,independent,random_replay,max_similarity,0.48,1.0,0.0,0.88,0.04,0.010554035901363565,1.0,1.0,0.0
20274012,independent,high_energy,weighted,0.12,0.6608,0.72,0.96,0.05,0.010366418947675522,1.0,1.0,0.0
20274012,independent,high_energy,weighted,0.24,0.7784,0.36,0.96,0.05,0.010366418947675522,1.0,1.0,0.0
20274012,independent,high_energy,weighted,0.48,0.8208,0.32,0.96,0.05,0.010366418947675522,1.0,1.0,0.0
20274012,independent,high_energy,max_similarity,0.12,0.7696,0.62,0.88,0.05,0.010366418947675522,1.0,1.0,0.0
20274012,independent,high_energy,max_similarity,0.24,0.9944,0.04,0.88,0.05,0.010366418947675522,1.0,1.0,0.0
20274012,independent,high_energy,max_similarity,0.48,1.0,0.0,0.88,0.05,0.010366418947675522,1.0,1.0,0.0
20274012,independent,low_energy,weighted,0.12,0.6600000000000001,0.78,0.92,0.04,0.010554035901363565,1.0,1.0,0.0
20274012,independent,low_energy,weighted,0.24,0.756,0.36,0.92,0.04,0.010554035901363565,1.0,1.0,0.0
20274012,independent,low_energy,weighted,0.48,0.8079999999999999,0.32,0.92,0.04,0.010554035901363565,1.0,1.0,0.0
20274012,independent,low_energy,max_similarity,0.12,0.7704,0.62,0.88,0.04,0.010554035901363565,1.0,1.0,0.0
20274012,independent,low_energy,max_similarity,0.24,0.9944,0.04,0.88,0.04,0.010554035901363565,1.0,1.0,0.0
20274012,independent,low_energy,max_similarity,0.48,1.0,0.0,0.88,0.04,0.010554035901363565,1.0,1.0,0.0
20274013,none,no_replay,weighted,0.12,0.6912,0.8,0.96,0.04,0.010530887428538018,1.0,1.0,0.0
20274013,none,no_replay,weighted,0.24,0.9807999999999999,0.14,0.96,0.04,0.010530887428538018,1.0,1.0,0.0
20274013,none,no_replay,weighted,0.48,1.0,0.0,0.96,0.04,0.010530887428538018,1.0,1.0,0.0
20274013,none,no_replay,max_similarity,0.12,0.7128,0.82,0.96,0.04,0.010530887428538018,1.0,1.0,0.0
20274013,none,no_replay,max_similarity,0.24,0.992,0.06,0.96,0.04,0.010530887428538018,1.0,1.0,0.0
20274013,none,no_replay,max_similarity,0.48,1.0,0.0,0.96,0.04,0.010530887428538018,1.0,1.0,0.0
20274013,exact,random_replay,weighted,0.12,0.6448,0.8,0.96,0.04,0.010552562522415846,1.0,1.0,0.0
20274013,exact,random_replay,weighted,0.24,0.7608,0.42,0.96,0.04,0.010552562522415846,1.0,1.0,0.0
20274013,exact,random_replay,weighted,0.48,0.7824,0.32,0.96,0.04,0.010552562522415846,1.0,1.0,0.0
20274013,exact,random_replay,max_similarity,0.12,0.6607999999999999,0.84,1.0,0.04,0.010552562522415846,1.0,1.0,0.0
20274013,exact,random_replay,max_similarity,0.24,0.8192,0.36,1.0,0.04,0.010552562522415846,1.0,1.0,0.0
20274013,exact,random_replay,max_similarity,0.48,1.0,0.0,1.0,0.04,0.010552562522415846,1.0,1.0,0.0
20274013,exact,high_energy,weighted,0.12,0.6432,0.78,0.92,0.04,0.010590486104498413,1.0,1.0,0.0
20274013,exact,high_energy,weighted,0.24,0.7792,0.34,0.92,0.04,0.010590486104498413,1.0,1.0,0.0
20274013,exact,high_energy,weighted,0.48,0.7824,0.32,0.92,0.04,0.010590486104498413,1.0,1.0,0.0
20274013,exact,high_energy,max_similarity,0.12,0.6488,0.82,0.96,0.04,0.010590486104498413,1.0,1.0,0.0
20274013,exact,high_energy,max_similarity,0.24,0.8176,0.36,0.96,0.04,0.010590486104498413,1.0,1.0,0.0
20274013,exact,high_energy,max_similarity,0.48,1.0,0.0,0.96,0.04,0.010590486104498413,1.0,1.0,0.0
20274013,exact,low_energy,weighted,0.12,0.6448,0.8,0.96,0.04,0.010552562522415846,1.0,1.0,0.0
20274013,exact,low_energy,weighted,0.24,0.7608,0.42,0.96,0.04,0.010552562522415846,1.0,1.0,0.0
20274013,exact,low_energy,weighted,0.48,0.7824,0.32,0.96,0.04,0.010552562522415846,1.0,1.0,0.0
20274013,exact,low_energy,max_similarity,0.12,0.6607999999999999,0.84,1.0,0.04,0.010552562522415846,1.0,1.0,0.0
20274013,exact,low_energy,max_similarity,0.24,0.8192,0.36,1.0,0.04,0.010552562522415846,1.0,1.0,0.0
20274013,exact,low_energy,max_similarity,0.48,1.0,0.0,1.0,0.04,0.010552562522415846,1.0,1.0,0.0
20274013,coherent,random_replay,weighted,0.12,0.6103999999999999,0.8,0.92,0.04,0.01081313809856773,1.0,1.0,0.0
20274013,coherent,random_replay,weighted,0.24,0.7575999999999999,0.44,0.92,0.04,0.01081313809856773,1.0,1.0,0.0
20274013,coherent,random_replay,weighted,0.48,0.8104,0.32,0.92,0.04,0.01081313809856773,1.0,1.0,0.0
20274013,coherent,random_replay,max_similarity,0.12,0.7128,0.82,0.96,0.04,0.01081313809856773,1.0,1.0,0.0
20274013,coherent,random_replay,max_similarity,0.24,0.992,0.06,0.96,0.04,0.01081313809856773,1.0,1.0,0.0
20274013,coherent,random_replay,max_similarity,0.48,1.0,0.0,0.96,0.04,0.01081313809856773,1.0,1.0,0.0
20274013,coherent,high_energy,weighted,0.12,0.62,0.8,0.92,0.05,0.010747388130378293,1.0,1.0,0.0
20274013,coherent,high_energy,weighted,0.24,0.776,0.34,0.92,0.05,0.010747388130378293,1.0,1.0,0.0
20274013,coherent,high_energy,weighted,0.48,0.816,0.3,0.92,0.05,0.010747388130378293,1.0,1.0,0.0
20274013,coherent,high_energy,max_similarity,0.12,0.7128,0.82,0.96,0.05,0.010747388130378293,1.0,1.0,0.0
20274013,coherent,high_energy,max_similarity,0.24,0.992,0.06,0.96,0.05,0.010747388130378293,1.0,1.0,0.0
20274013,coherent,high_energy,max_similarity,0.48,1.0,0.0,0.96,0.05,0.010747388130378293,1.0,1.0,0.0
20274013,coherent,low_energy,weighted,0.12,0.6103999999999999,0.8,0.96,0.04,0.01081313809856773,1.0,1.0,0.0
20274013,coherent,low_energy,weighted,0.24,0.7575999999999999,0.44,0.96,0.04,0.01081313809856773,1.0,1.0,0.0
20274013,coherent,low_energy,weighted,0.48,0.8104,0.32,0.96,0.04,0.01081313809856773,1.0,1.0,0.0
20274013,coherent,low_energy,max_similarity,0.12,0.7128,0.82,0.96,0.04,0.01081313809856773,1.0,1.0,0.0
20274013,coherent,low_energy,max_similarity,0.24,0.992,0.06,0.96,0.04,0.01081313809856773,1.0,1.0,0.0
20274013,coherent,low_energy,max_similarity,0.48,1.0,0.0,0.96,0.04,0.01081313809856773,1.0,1.0,0.0
20274013,independent,random_replay,weighted,0.12,0.6224000000000001,0.8,0.96,0.04,0.01055860287974977,1.0,1.0,0.0
20274013,independent,random_replay,weighted,0.24,0.7607999999999999,0.42,0.96,0.04,0.01055860287974977,1.0,1.0,0.0
20274013,independent,random_replay,weighted,0.48,0.7984,0.32,0.96,0.04,0.01055860287974977,1.0,1.0,0.0
20274013,independent,random_replay,max_similarity,0.12,0.7024,0.82,0.96,0.04,0.01055860287974977,1.0,1.0,0.0
20274013,independent,random_replay,max_similarity,0.24,0.992,0.06,0.96,0.04,0.01055860287974977,1.0,1.0,0.0
20274013,independent,random_replay,max_similarity,0.48,1.0,0.0,0.96,0.04,0.01055860287974977,1.0,1.0,0.0
20274013,independent,high_energy,weighted,0.12,0.632,0.8,0.96,0.04,0.010552164978474204,1.0,1.0,0.0
20274013,independent,high_energy,weighted,0.24,0.78,0.34,0.96,0.04,0.010552164978474204,1.0,1.0,0.0
20274013,independent,high_energy,weighted,0.48,0.8063999999999999,0.32,0.96,0.04,0.010552164978474204,1.0,1.0,0.0
20274013,independent,high_energy,max_similarity,0.12,0.7000000000000001,0.82,0.96,0.04,0.010552164978474204,1.0,1.0,0.0
20274013,independent,high_energy,max_similarity,0.24,0.992,0.06,0.96,0.04,0.010552164978474204,1.0,1.0,0.0
20274013,independent,high_energy,max_similarity,0.48,1.0,0.0,0.96,0.04,0.010552164978474204,1.0,1.0,0.0
20274013,independent,low_energy,weighted,0.12,0.6224000000000001,0.8,0.96,0.04,0.01055860287974977,1.0,1.0,0.0
20274013,independent,low_energy,weighted,0.24,0.7607999999999999,0.42,0.96,0.04,0.01055860287974977,1.0,1.0,0.0
20274013,independent,low_energy,weighted,0.48,0.7984,0.32,0.96,0.04,0.01055860287974977,1.0,1.0,0.0
20274013,independent,low_energy,max_similarity,0.12,0.7024,0.82,0.96,0.04,0.01055860287974977,1.0,1.0,0.0
20274013,independent,low_energy,max_similarity,0.24,0.992,0.06,0.96,0.04,0.01055860287974977,1.0,1.0,0.0
20274013,independent,low_energy,max_similarity,0.48,1.0,0.0,0.96,0.04,0.01055860287974977,1.0,1.0,0.0
20274014,none,no_replay,weighted,0.12,0.7712,0.84,0.96,0.04,0.010586495933270476,1.0,1.0,0.0
20274014,none,no_replay,weighted,0.24,0.992,0.08,0.96,0.04,0.010586495933270476,1.0,1.0,0.0
20274014,none,no_replay,weighted,0.48,1.0,0.0,0.96,0.04,0.010586495933270476,1.0,1.0,0.0
20274014,none,no_replay,max_similarity,0.12,0.7968000000000001,0.78,0.96,0.04,0.010586495933270476,1.0,1.0,0.0
20274014,none,no_replay,max_similarity,0.24,0.9984,0.02,0.96,0.04,0.010586495933270476,1.0,1.0,0.0
20274014,none,no_replay,max_similarity,0.48,1.0,0.0,0.96,0.04,0.010586495933270476,1.0,1.0,0.0
20274014,exact,random_replay,weighted,0.12,0.6984,0.88,1.0,0.04,0.010583246217395044,1.0,1.0,0.0
20274014,exact,random_replay,weighted,0.24,0.7824,0.32,1.0,0.04,0.010583246217395044,1.0,1.0,0.0
20274014,exact,random_replay,weighted,0.48,0.7824,0.32,1.0,0.04,0.010583246217395044,1.0,1.0,0.0
20274014,exact,random_replay,max_similarity,0.12,0.7016,0.82,0.96,0.04,0.010583246217395044,1.0,1.0,0.0
20274014,exact,random_replay,max_similarity,0.24,0.7824,0.32,0.96,0.04,0.010583246217395044,1.0,1.0,0.0
20274014,exact,random_replay,max_similarity,0.48,1.0,0.0,0.96,0.04,0.010583246217395044,1.0,1.0,0.0
20274014,exact,high_energy,weighted,0.12,0.6984,0.84,1.0,0.04,0.010583246217395044,1.0,1.0,0.0
20274014,exact,high_energy,weighted,0.24,0.7824,0.32,1.0,0.04,0.010583246217395044,1.0,1.0,0.0
20274014,exact,high_energy,weighted,0.48,0.7824,0.32,1.0,0.04,0.010583246217395044,1.0,1.0,0.0
20274014,exact,high_energy,max_similarity,0.12,0.7016,0.82,0.96,0.04,0.010583246217395044,1.0,1.0,0.0
20274014,exact,high_energy,max_similarity,0.24,0.7824,0.32,0.96,0.04,0.010583246217395044,1.0,1.0,0.0
20274014,exact,high_energy,max_similarity,0.48,1.0,0.0,0.96,0.04,0.010583246217395044,1.0,1.0,0.0
20274014,exact,low_energy,weighted,0.12,0.6936,0.88,0.96,0.04,0.010539860680677728,1.0,1.0,0.0
20274014,exact,low_energy,weighted,0.24,0.7648,0.32,0.96,0.04,0.010539860680677728,1.0,1.0,0.0
20274014,exact,low_energy,weighted,0.48,0.7824,0.32,0.96,0.04,0.010539860680677728,1.0,1.0,0.0
20274014,exact,low_energy,max_similarity,0.12,0.7048,0.82,0.96,0.04,0.010539860680677728,1.0,1.0,0.0
20274014,exact,low_energy,max_similarity,0.24,0.7824,0.32,0.96,0.04,0.010539860680677728,1.0,1.0,0.0
20274014,exact,low_energy,max_similarity,0.48,1.0,0.0,0.96,0.04,0.010539860680677728,1.0,1.0,0.0
20274014,coherent,random_replay,weighted,0.12,0.6688,0.88,1.0,0.04,0.010853679133443643,1.0,1.0,0.0
20274014,coherent,random_replay,weighted,0.24,0.7816,0.34,1.0,0.04,0.010853679133443643,1.0,1.0,0.0
20274014,coherent,random_replay,weighted,0.48,0.7936,0.32,1.0,0.04,0.010853679133443643,1.0,1.0,0.0
20274014,coherent,random_replay,max_similarity,0.12,0.7968000000000001,0.78,0.96,0.04,0.010853679133443643,1.0,1.0,0.0
20274014,coherent,random_replay,max_similarity,0.24,0.9984,0.02,0.96,0.04,0.010853679133443643,1.0,1.0,0.0
20274014,coherent,random_replay,max_similarity,0.48,1.0,0.0,0.96,0.04,0.010853679133443643,1.0,1.0,0.0
20274014,coherent,high_energy,weighted,0.12,0.6688,0.88,1.0,0.04,0.010853679133443641,1.0,1.0,0.0
20274014,coherent,high_energy,weighted,0.24,0.7816,0.34,1.0,0.04,0.010853679133443641,1.0,1.0,0.0
20274014,coherent,high_energy,weighted,0.48,0.7936,0.32,1.0,0.04,0.010853679133443641,1.0,1.0,0.0
20274014,coherent,high_energy,max_similarity,0.12,0.7968000000000001,0.78,0.96,0.04,0.010853679133443641,1.0,1.0,0.0
20274014,coherent,high_energy,max_similarity,0.24,0.9984,0.02,0.96,0.04,0.010853679133443641,1.0,1.0,0.0
20274014,coherent,high_energy,max_similarity,0.48,1.0,0.0,0.96,0.04,0.010853679133443641,1.0,1.0,0.0
20274014,coherent,low_energy,weighted,0.12,0.656,0.9,0.96,0.04,0.010805011981430695,1.0,1.0,0.0
20274014,coherent,low_energy,weighted,0.24,0.7648,0.34,0.96,0.04,0.010805011981430695,1.0,1.0,0.0
20274014,coherent,low_energy,weighted,0.48,0.7984,0.32,0.96,0.04,0.010805011981430695,1.0,1.0,0.0
20274014,coherent,low_energy,max_similarity,0.12,0.7968000000000001,0.78,0.96,0.04,0.010805011981430695,1.0,1.0,0.0
20274014,coherent,low_energy,max_similarity,0.24,0.9984,0.02,0.96,0.04,0.010805011981430695,1.0,1.0,0.0
20274014,coherent,low_energy,max_similarity,0.48,1.0,0.0,0.96,0.04,0.010805011981430695,1.0,1.0,0.0
20274014,independent,random_replay,weighted,0.12,0.6704,0.92,1.0,0.04,0.010559181661692459,1.0,1.0,0.0
20274014,independent,random_replay,weighted,0.24,0.7824,0.32,1.0,0.04,0.010559181661692459,1.0,1.0,0.0
20274014,independent,random_replay,weighted,0.48,0.8016,0.32,1.0,0.04,0.010559181661692459,1.0,1.0,0.0
20274014,independent,random_replay,max_similarity,0.12,0.768,0.78,0.96,0.04,0.010559181661692459,1.0,1.0,0.0
20274014,independent,random_replay,max_similarity,0.24,0.9968,0.04,0.96,0.04,0.010559181661692459,1.0,1.0,0.0
20274014,independent,random_replay,max_similarity,0.48,1.0,0.0,0.96,0.04,0.010559181661692459,1.0,1.0,0.0
20274014,independent,high_energy,weighted,0.12,0.6704,0.9,1.0,0.04,0.010559181661692459,1.0,1.0,0.0
20274014,independent,high_energy,weighted,0.24,0.7824,0.32,1.0,0.04,0.010559181661692459,1.0,1.0,0.0
20274014,independent,high_energy,weighted,0.48,0.8016,0.32,1.0,0.04,0.010559181661692459,1.0,1.0,0.0
20274014,independent,high_energy,max_similarity,0.12,0.768,0.78,0.96,0.04,0.010559181661692459,1.0,1.0,0.0
20274014,independent,high_energy,max_similarity,0.24,0.9968,0.04,0.96,0.04,0.010559181661692459,1.0,1.0,0.0
20274014,independent,high_energy,max_similarity,0.48,1.0,0.0,0.96,0.04,0.010559181661692459,1.0,1.0,0.0
20274014,independent,low_energy,weighted,0.12,0.6592,0.88,0.96,0.04,0.01053297309610994,1.0,1.0,0.0
20274014,independent,low_energy,weighted,0.24,0.7648,0.34,0.96,0.04,0.01053297309610994,1.0,1.0,0.0
20274014,independent,low_energy,weighted,0.48,0.7888,0.32,0.96,0.04,0.01053297309610994,1.0,1.0,0.0
20274014,independent,low_energy,max_similarity,0.12,0.764,0.78,0.96,0.04,0.01053297309610994,1.0,1.0,0.0
20274014,independent,low_energy,max_similarity,0.24,0.9968,0.04,0.96,0.04,0.01053297309610994,1.0,1.0,0.0
20274014,independent,low_energy,max_similarity,0.48,1.0,0.0,0.96,0.04,0.01053297309610994,1.0,1.0,0.0
20274015,none,no_replay,weighted,0.12,0.8104,0.78,0.96,0.04,0.010589196172691608,1.0,1.0,0.0
20274015,none,no_replay,weighted,0.24,0.9783999999999999,0.04,0.96,0.04,0.010589196172691608,1.0,1.0,0.0
20274015,none,no_replay,weighted,0.48,1.0,0.0,0.96,0.04,0.010589196172691608,1.0,1.0,0.0
20274015,none,no_replay,max_similarity,0.12,0.8336,0.74,1.0,0.04,0.010589196172691608,1.0,1.0,0.0
20274015,none,no_replay,max_similarity,0.24,0.9992,0.02,1.0,0.04,0.010589196172691608,1.0,1.0,0.0
20274015,none,no_replay,max_similarity,0.48,1.0,0.0,1.0,0.04,0.010589196172691608,1.0,1.0,0.0
20274015,exact,random_replay,weighted,0.12,0.6824,0.78,0.96,0.04,0.010513685716823042,1.0,1.0,0.0
20274015,exact,random_replay,weighted,0.24,0.7584000000000001,0.36,0.96,0.04,0.010513685716823042,1.0,1.0,0.0
20274015,exact,random_replay,weighted,0.48,0.7824,0.32,0.96,0.04,0.010513685716823042,1.0,1.0,0.0
20274015,exact,random_replay,max_similarity,0.12,0.704,0.7,0.96,0.04,0.010513685716823042,1.0,1.0,0.0
20274015,exact,random_replay,max_similarity,0.24,0.7944,0.34,0.96,0.04,0.010513685716823042,1.0,1.0,0.0
20274015,exact,random_replay,max_similarity,0.48,1.0,0.0,0.96,0.04,0.010513685716823042,1.0,1.0,0.0
20274015,exact,high_energy,weighted,0.12,0.6896,0.78,1.0,0.04,0.010527397831051378,1.0,1.0,0.0
20274015,exact,high_energy,weighted,0.24,0.7816,0.34,1.0,0.04,0.010527397831051378,1.0,1.0,0.0
20274015,exact,high_energy,weighted,0.48,0.7824,0.32,1.0,0.04,0.010527397831051378,1.0,1.0,0.0
20274015,exact,high_energy,max_similarity,0.12,0.7128,0.74,0.96,0.04,0.010527397831051378,1.0,1.0,0.0
20274015,exact,high_energy,max_similarity,0.24,0.7944,0.34,0.96,0.04,0.010527397831051378,1.0,1.0,0.0
20274015,exact,high_energy,max_similarity,0.48,1.0,0.0,0.96,0.04,0.010527397831051378,1.0,1.0,0.0
20274015,exact,low_energy,weighted,0.12,0.6824,0.78,0.96,0.04,0.010513685716823042,1.0,1.0,0.0
20274015,exact,low_energy,weighted,0.24,0.7584000000000001,0.36,0.96,0.04,0.010513685716823042,1.0,1.0,0.0
20274015,exact,low_energy,weighted,0.48,0.7824,0.32,0.96,0.04,0.010513685716823042,1.0,1.0,0.0
20274015,exact,low_energy,max_similarity,0.12,0.704,0.7,0.96,0.04,0.010513685716823042,1.0,1.0,0.0
20274015,exact,low_energy,max_similarity,0.24,0.7944,0.34,0.96,0.04,0.010513685716823042,1.0,1.0,0.0
20274015,exact,low_energy,max_similarity,0.48,1.0,0.0,0.96,0.04,0.010513685716823042,1.0,1.0,0.0
20274015,coherent,random_replay,weighted,0.12,0.6624,0.82,0.92,0.04,0.010737221148452132,1.0,1.0,0.0
20274015,coherent,random_replay,weighted,0.24,0.756,0.36,0.92,0.04,0.010737221148452132,1.0,1.0,0.0
20274015,coherent,random_replay,weighted,0.48,0.8031999999999999,0.32,0.92,0.04,0.010737221148452132,1.0,1.0,0.0
20274015,coherent,random_replay,max_similarity,0.12,0.8336,0.74,1.0,0.04,0.010737221148452132,1.0,1.0,0.0
20274015,coherent,random_replay,max_similarity,0.24,0.9992,0.02,1.0,0.04,0.010737221148452132,1.0,1.0,0.0
20274015,coherent,random_replay,max_similarity,0.48,1.0,0.0,1.0,0.04,0.010737221148452132,1.0,1.0,0.0
20274015,coherent,high_energy,weighted,0.12,0.6728,0.8,0.96,0.04,0.01072867958473396,1.0,1.0,0.0
20274015,coherent,high_energy,weighted,0.24,0.7767999999999999,0.36,0.96,0.04,0.01072867958473396,1.0,1.0,0.0
20274015,coherent,high_energy,weighted,0.48,0.8168,0.3,0.96,0.04,0.01072867958473396,1.0,1.0,0.0
20274015,coherent,high_energy,max_similarity,0.12,0.8336,0.74,1.0,0.04,0.01072867958473396,1.0,1.0,0.0
20274015,coherent,high_energy,max_similarity,0.24,0.9992,0.02,1.0,0.04,0.01072867958473396,1.0,1.0,0.0
20274015,coherent,high_energy,max_similarity,0.48,1.0,0.0,1.0,0.04,0.01072867958473396,1.0,1.0,0.0
20274015,coherent,low_energy,weighted,0.12,0.6624,0.84,0.96,0.04,0.010737221148452132,1.0,1.0,0.0
20274015,coherent,low_energy,weighted,0.24,0.756,0.4,0.96,0.04,0.010737221148452132,1.0,1.0,0.0
20274015,coherent,low_energy,weighted,0.48,0.8031999999999999,0.32,0.96,0.04,0.010737221148452132,1.0,1.0,0.0
20274015,coherent,low_energy,max_similarity,0.12,0.8336,0.74,1.0,0.04,0.010737221148452132,1.0,1.0,0.0
20274015,coherent,low_energy,max_similarity,0.24,0.9992,0.02,1.0,0.04,0.010737221148452132,1.0,1.0,0.0
20274015,coherent,low_energy,max_similarity,0.48,1.0,0.0,1.0,0.04,0.010737221148452132,1.0,1.0,0.0
20274015,independent,random_replay,weighted,0.12,0.668,0.78,0.96,0.04,0.010492505240977605,1.0,1.0,0.0
20274015,independent,random_replay,weighted,0.24,0.7584000000000001,0.36,0.96,0.04,0.010492505240977605,1.0,1.0,0.0
20274015,independent,random_replay,weighted,0.48,0.7936,0.32,0.96,0.04,0.010492505240977605,1.0,1.0,0.0
20274015,independent,random_replay,max_similarity,0.12,0.7968000000000001,0.76,1.0,0.04,0.010492505240977605,1.0,1.0,0.0
20274015,independent,random_replay,max_similarity,0.24,0.9992,0.02,1.0,0.04,0.010492505240977605,1.0,1.0,0.0
20274015,independent,random_replay,max_similarity,0.48,1.0,0.0,1.0,0.04,0.010492505240977605,1.0,1.0,0.0
20274015,independent,high_energy,weighted,0.12,0.6768000000000001,0.8,1.0,0.04,0.01051831544133864,1.0,1.0,0.0
20274015,independent,high_energy,weighted,0.24,0.7791999999999999,0.34,1.0,0.04,0.01051831544133864,1.0,1.0,0.0
20274015,independent,high_energy,weighted,0.48,0.8208,0.3,1.0,0.04,0.01051831544133864,1.0,1.0,0.0
20274015,independent,high_energy,max_similarity,0.12,0.8023999999999999,0.76,1.0,0.04,0.01051831544133864,1.0,1.0,0.0
20274015,independent,high_energy,max_similarity,0.24,0.9992,0.02,1.0,0.04,0.01051831544133864,1.0,1.0,0.0
20274015,independent,high_energy,max_similarity,0.48,1.0,0.0,1.0,0.04,0.01051831544133864,1.0,1.0,0.0
20274015,independent,low_energy,weighted,0.12,0.668,0.78,0.96,0.04,0.010492505240977605,1.0,1.0,0.0
20274015,independent,low_energy,weighted,0.24,0.7584000000000001,0.36,0.96,0.04,0.010492505240977605,1.0,1.0,0.0
20274015,independent,low_energy,weighted,0.48,0.7936,0.32,0.96,0.04,0.010492505240977605,1.0,1.0,0.0
20274015,independent,low_energy,max_similarity,0.12,0.7968000000000001,0.76,1.0,0.04,0.010492505240977605,1.0,1.0,0.0
20274015,independent,low_energy,max_similarity,0.24,0.9992,0.02,1.0,0.04,0.010492505240977605,1.0,1.0,0.0
20274015,independent,low_energy,max_similarity,0.48,1.0,0.0,1.0,0.04,0.010492505240977605,1.0,1.0,0.0
20274016,none,no_replay,weighted,0.12,0.7136,0.54,0.8,0.04,0.010710027334684777,1.0,1.0,0.0
20274016,none,no_replay,weighted,0.24,0.9576,0.08,0.8,0.04,0.010710027334684777,1.0,1.0,0.0
20274016,none,no_replay,weighted,0.48,1.0,0.0,0.8,0.04,0.010710027334684777,1.0,1.0,0.0
20274016,none,no_replay,max_similarity,0.12,0.728,0.52,0.84,0.04,0.010710027334684777,1.0,1.0,0.0
20274016,none,no_replay,max_similarity,0.24,0.98,0.02,0.84,0.04,0.010710027334684777,1.0,1.0,0.0
20274016,none,no_replay,max_similarity,0.48,1.0,0.0,0.84,0.04,0.010710027334684777,1.0,1.0,0.0
20274016,exact,random_replay,weighted,0.12,0.6496,0.68,0.84,0.04,0.010623018501153915,1.0,1.0,0.0
20274016,exact,random_replay,weighted,0.24,0.7688,0.38,0.84,0.04,0.010623018501153915,1.0,1.0,0.0
20274016,exact,random_replay,weighted,0.48,0.7824,0.32,0.84,0.04,0.010623018501153915,1.0,1.0,0.0
20274016,exact,random_replay,max_similarity,0.12,0.6584,0.64,0.88,0.04,0.010623018501153915,1.0,1.0,0.0
20274016,exact,random_replay,max_similarity,0.24,0.7976000000000001,0.34,0.88,0.04,0.010623018501153915,1.0,1.0,0.0
20274016,exact,random_replay,max_similarity,0.48,1.0,0.0,0.88,0.04,0.010623018501153915,1.0,1.0,0.0
20274016,exact,high_energy,weighted,0.12,0.6496,0.68,0.84,0.04,0.010623018501153915,1.0,1.0,0.0
20274016,exact,high_energy,weighted,0.24,0.7688,0.38,0.84,0.04,0.010623018501153915,1.0,1.0,0.0
20274016,exact,high_energy,weighted,0.48,0.7824,0.32,0.84,0.04,0.010623018501153915,1.0,1.0,0.0
20274016,exact,high_energy,max_similarity,0.12,0.6584,0.64,0.88,0.04,0.010623018501153915,1.0,1.0,0.0
20274016,exact,high_energy,max_similarity,0.24,0.7976000000000001,0.34,0.88,0.04,0.010623018501153915,1.0,1.0,0.0
20274016,exact,high_energy,max_similarity,0.48,1.0,0.0,0.88,0.04,0.010623018501153915,1.0,1.0,0.0
20274016,exact,low_energy,weighted,0.12,0.6528,0.7,0.88,0.04,0.010577150982987688,1.0,1.0,0.0
20274016,exact,low_energy,weighted,0.24,0.7512,0.38,0.88,0.04,0.010577150982987688,1.0,1.0,0.0
20274016,exact,low_energy,weighted,0.48,0.7824,0.32,0.88,0.04,0.010577150982987688,1.0,1.0,0.0
20274016,exact,low_energy,max_similarity,0.12,0.6648000000000001,0.64,0.88,0.04,0.010577150982987688,1.0,1.0,0.0
20274016,exact,low_energy,max_similarity,0.24,0.8000000000000002,0.34,0.88,0.04,0.010577150982987688,1.0,1.0,0.0
20274016,exact,low_energy,max_similarity,0.48,1.0,0.0,0.88,0.04,0.010577150982987688,1.0,1.0,0.0
20274016,coherent,random_replay,weighted,0.12,0.6224,0.7,0.84,0.04,0.01097241662221778,1.0,1.0,0.0
20274016,coherent,random_replay,weighted,0.24,0.7608,0.38,0.84,0.04,0.01097241662221778,1.0,1.0,0.0
20274016,coherent,random_replay,weighted,0.48,0.8248,0.3,0.84,0.04,0.01097241662221778,1.0,1.0,0.0
20274016,coherent,random_replay,max_similarity,0.12,0.728,0.52,0.84,0.04,0.01097241662221778,1.0,1.0,0.0
20274016,coherent,random_replay,max_similarity,0.24,0.98,0.02,0.84,0.04,0.01097241662221778,1.0,1.0,0.0
20274016,coherent,random_replay,max_similarity,0.48,1.0,0.0,0.84,0.04,0.01097241662221778,1.0,1.0,0.0
20274016,coherent,high_energy,weighted,0.12,0.6224,0.68,0.84,0.04,0.01097241662221778,1.0,1.0,0.0
20274016,coherent,high_energy,weighted,0.24,0.7608,0.38,0.84,0.04,0.01097241662221778,1.0,1.0,0.0
20274016,coherent,high_energy,weighted,0.48,0.8248,0.3,0.84,0.04,0.01097241662221778,1.0,1.0,0.0
20274016,coherent,high_energy,max_similarity,0.12,0.728,0.52,0.84,0.04,0.01097241662221778,1.0,1.0,0.0
20274016,coherent,high_energy,max_similarity,0.24,0.98,0.02,0.84,0.04,0.01097241662221778,1.0,1.0,0.0
20274016,coherent,high_energy,max_similarity,0.48,1.0,0.0,0.84,0.04,0.01097241662221778,1.0,1.0,0.0
20274016,coherent,low_energy,weighted,0.12,0.6184000000000001,0.72,0.88,0.04,0.01094111788705691,1.0,1.0,0.0
20274016,coherent,low_energy,weighted,0.24,0.744,0.42,0.88,0.04,0.01094111788705691,1.0,1.0,0.0
20274016,coherent,low_energy,weighted,0.48,0.816,0.32,0.88,0.04,0.01094111788705691,1.0,1.0,0.0
20274016,coherent,low_energy,max_similarity,0.12,0.728,0.52,0.84,0.04,0.01094111788705691,1.0,1.0,0.0
20274016,coherent,low_energy,max_similarity,0.24,0.98,0.02,0.84,0.04,0.01094111788705691,1.0,1.0,0.0
20274016,coherent,low_energy,max_similarity,0.48,1.0,0.0,0.84,0.04,0.01094111788705691,1.0,1.0,0.0
20274016,independent,random_replay,weighted,0.12,0.6295999999999999,0.68,0.88,0.05,0.010415918369980147,1.0,1.0,0.0
20274016,independent,random_replay,weighted,0.24,0.7712,0.38,0.88,0.05,0.010415918369980147,1.0,1.0,0.0
20274016,independent,random_replay,weighted,0.48,0.828,0.28,0.88,0.05,0.010415918369980147,1.0,1.0,0.0
20274016,independent,random_replay,max_similarity,0.12,0.7224,0.54,0.84,0.05,0.010415918369980147,1.0,1.0,0.0
20274016,independent,random_replay,max_similarity,0.24,0.98,0.02,0.84,0.05,0.010415918369980147,1.0,1.0,0.0
20274016,independent,random_replay,max_similarity,0.48,1.0,0.0,0.84,0.05,0.010415918369980147,1.0,1.0,0.0
20274016,independent,high_energy,weighted,0.12,0.6295999999999999,0.66,0.88,0.05,0.010415918369980147,1.0,1.0,0.0
20274016,independent,high_energy,weighted,0.24,0.7712,0.36,0.88,0.05,0.010415918369980147,1.0,1.0,0.0
20274016,independent,high_energy,weighted,0.48,0.828,0.28,0.88,0.05,0.010415918369980147,1.0,1.0,0.0
20274016,independent,high_energy,max_similarity,0.12,0.7224,0.54,0.84,0.05,0.010415918369980147,1.0,1.0,0.0
20274016,independent,high_energy,max_similarity,0.24,0.98,0.02,0.84,0.05,0.010415918369980147,1.0,1.0,0.0
20274016,independent,high_energy,max_similarity,0.48,1.0,0.0,0.84,0.05,0.010415918369980147,1.0,1.0,0.0
20274016,independent,low_energy,weighted,0.12,0.624,0.7,0.88,0.04,0.01059621918039295,1.0,1.0,0.0
20274016,independent,low_energy,weighted,0.24,0.7544,0.38,0.88,0.04,0.01059621918039295,1.0,1.0,0.0
20274016,independent,low_energy,weighted,0.48,0.8031999999999999,0.32,0.88,0.04,0.01059621918039295,1.0,1.0,0.0
20274016,independent,low_energy,max_similarity,0.12,0.7216,0.54,0.84,0.04,0.01059621918039295,1.0,1.0,0.0
20274016,independent,low_energy,max_similarity,0.24,0.98,0.02,0.84,0.04,0.01059621918039295,1.0,1.0,0.0
20274016,independent,low_energy,max_similarity,0.48,1.0,0.0,0.84,0.04,0.01059621918039295,1.0,1.0,0.0
20274017,none,no_replay,weighted,0.12,0.82,0.82,0.96,0.04,0.0105614868413839,1.0,1.0,0.0
20274017,none,no_replay,weighted,0.24,0.996,0.04,0.96,0.04,0.0105614868413839,1.0,1.0,0.0
20274017,none,no_replay,weighted,0.48,1.0,0.0,0.96,0.04,0.0105614868413839,1.0,1.0,0.0
20274017,none,no_replay,max_similarity,0.12,0.82,0.84,1.0,0.04,0.0105614868413839,1.0,1.0,0.0
20274017,none,no_replay,max_similarity,0.24,0.9992,0.02,1.0,0.04,0.0105614868413839,1.0,1.0,0.0
20274017,none,no_replay,max_similarity,0.48,1.0,0.0,1.0,0.04,0.0105614868413839,1.0,1.0,0.0
20274017,exact,random_replay,weighted,0.12,0.7063999999999999,0.84,0.96,0.04,0.010537648477348917,1.0,1.0,0.0
20274017,exact,random_replay,weighted,0.24,0.7648,0.34,0.96,0.04,0.010537648477348917,1.0,1.0,0.0
20274017,exact,random_replay,weighted,0.48,0.7824,0.32,0.96,0.04,0.010537648477348917,1.0,1.0,0.0
20274017,exact,random_replay,max_similarity,0.12,0.7183999999999999,0.82,1.0,0.04,0.010537648477348917,1.0,1.0,0.0
20274017,exact,random_replay,max_similarity,0.24,0.8079999999999999,0.32,1.0,0.04,0.010537648477348917,1.0,1.0,0.0
20274017,exact,random_replay,max_similarity,0.48,1.0,0.0,1.0,0.04,0.010537648477348917,1.0,1.0,0.0
20274017,exact,high_energy,weighted,0.12,0.7112,0.84,1.0,0.05,0.010470602629263605,1.0,1.0,0.0
20274017,exact,high_energy,weighted,0.24,0.7824,0.32,1.0,0.05,0.010470602629263605,1.0,1.0,0.0
20274017,exact,high_energy,weighted,0.48,0.7824,0.32,1.0,0.05,0.010470602629263605,1.0,1.0,0.0
20274017,exact,high_energy,max_similarity,0.12,0.7088,0.78,1.0,0.05,0.010470602629263605,1.0,1.0,0.0
20274017,exact,high_energy,max_similarity,0.24,0.8079999999999999,0.32,1.0,0.05,0.010470602629263605,1.0,1.0,0.0
20274017,exact,high_energy,max_similarity,0.48,1.0,0.0,1.0,0.05,0.010470602629263605,1.0,1.0,0.0
20274017,exact,low_energy,weighted,0.12,0.7063999999999999,0.84,0.96,0.04,0.010537648477348917,1.0,1.0,0.0
20274017,exact,low_energy,weighted,0.24,0.7648,0.34,0.96,0.04,0.010537648477348917,1.0,1.0,0.0
20274017,exact,low_energy,weighted,0.48,0.7824,0.32,0.96,0.04,0.010537648477348917,1.0,1.0,0.0
20274017,exact,low_energy,max_similarity,0.12,0.7183999999999999,0.82,1.0,0.04,0.010537648477348917,1.0,1.0,0.0
20274017,exact,low_energy,max_similarity,0.24,0.8079999999999999,0.32,1.0,0.04,0.010537648477348917,1.0,1.0,0.0
20274017,exact,low_energy,max_similarity,0.48,1.0,0.0,1.0,0.04,0.010537648477348917,1.0,1.0,0.0
20274017,coherent,random_replay,weighted,0.12,0.6712,0.84,0.96,0.04,0.010780796534424243,1.0,1.0,0.0
20274017,coherent,random_replay,weighted,0.24,0.7648,0.34,0.96,0.04,0.010780796534424243,1.0,1.0,0.0
20274017,coherent,random_replay,weighted,0.48,0.7904,0.32,0.96,0.04,0.010780796534424243,1.0,1.0,0.0
20274017,coherent,random_replay,max_similarity,0.12,0.82,0.84,1.0,0.04,0.010780796534424243,1.0,1.0,0.0
20274017,coherent,random_replay,max_similarity,0.24,0.9992,0.02,1.0,0.04,0.010780796534424243,1.0,1.0,0.0
20274017,coherent,random_replay,max_similarity,0.48,1.0,0.0,1.0,0.04,0.010780796534424243,1.0,1.0,0.0
20274017,coherent,high_energy,weighted,0.12,0.6904,0.88,1.0,0.05,0.010685862973740815,1.0,1.0,0.0
20274017,coherent,high_energy,weighted,0.24,0.7816,0.32,1.0,0.05,0.010685862973740815,1.0,1.0,0.0
20274017,coherent,high_energy,weighted,0.48,0.8039999999999999,0.32,1.0,0.05,0.010685862973740815,1.0,1.0,0.0
20274017,coherent,high_energy,max_similarity,0.12,0.82,0.84,1.0,0.05,0.010685862973740815,1.0,1.0,0.0
20274017,coherent,high_energy,max_similarity,0.24,0.9992,0.02,1.0,0.05,0.010685862973740815,1.0,1.0,0.0
20274017,coherent,high_energy,max_similarity,0.48,1.0,0.0,1.0,0.05,0.010685862973740815,1.0,1.0,0.0
20274017,coherent,low_energy,weighted,0.12,0.6712,0.84,0.96,0.04,0.010780796534424243,1.0,1.0,0.0
20274017,coherent,low_energy,weighted,0.24,0.7648,0.36,0.96,0.04,0.010780796534424243,1.0,1.0,0.0
20274017,coherent,low_energy,weighted,0.48,0.7904,0.32,0.96,0.04,0.010780796534424243,1.0,1.0,0.0
20274017,coherent,low_energy,max_similarity,0.12,0.82,0.84,1.0,0.04,0.010780796534424243,1.0,1.0,0.0
20274017,coherent,low_energy,max_similarity,0.24,0.9992,0.02,1.0,0.04,0.010780796534424243,1.0,1.0,0.0
20274017,coherent,low_energy,max_similarity,0.48,1.0,0.0,1.0,0.04,0.010780796534424243,1.0,1.0,0.0
20274017,independent,random_replay,weighted,0.12,0.6863999999999999,0.82,0.96,0.04,0.01058922836401692,1.0,1.0,0.0
20274017,independent,random_replay,weighted,0.24,0.7648,0.34,0.96,0.04,0.01058922836401692,1.0,1.0,0.0
20274017,independent,random_replay,weighted,0.48,0.7856,0.32,0.96,0.04,0.01058922836401692,1.0,1.0,0.0
20274017,independent,random_replay,max_similarity,0.12,0.8032,0.86,1.0,0.04,0.01058922836401692,1.0,1.0,0.0
20274017,independent,random_replay,max_similarity,0.24,0.9992,0.02,1.0,0.04,0.01058922836401692,1.0,1.0,0.0
20274017,independent,random_replay,max_similarity,0.48,1.0,0.0,1.0,0.04,0.01058922836401692,1.0,1.0,0.0
20274017,independent,high_energy,weighted,0.12,0.704,0.84,1.0,0.04,0.010624713154928835,1.0,1.0,0.0
20274017,independent,high_energy,weighted,0.24,0.7824,0.32,1.0,0.04,0.010624713154928835,1.0,1.0,0.0
20274017,independent,high_energy,weighted,0.48,0.7976,0.32,1.0,0.04,0.010624713154928835,1.0,1.0,0.0
20274017,independent,high_energy,max_similarity,0.12,0.7976,0.86,1.0,0.04,0.010624713154928835,1.0,1.0,0.0
20274017,independent,high_energy,max_similarity,0.24,0.9992,0.02,1.0,0.04,0.010624713154928835,1.0,1.0,0.0
20274017,independent,high_energy,max_similarity,0.48,1.0,0.0,1.0,0.04,0.010624713154928835,1.0,1.0,0.0
20274017,independent,low_energy,weighted,0.12,0.6863999999999999,0.82,0.96,0.04,0.01058922836401692,1.0,1.0,0.0
20274017,independent,low_energy,weighted,0.24,0.7648,0.34,0.96,0.04,0.01058922836401692,1.0,1.0,0.0
20274017,independent,low_energy,weighted,0.48,0.7856,0.32,0.96,0.04,0.01058922836401692,1.0,1.0,0.0
20274017,independent,low_energy,max_similarity,0.12,0.8032,0.86,1.0,0.04,0.01058922836401692,1.0,1.0,0.0
20274017,independent,low_energy,max_similarity,0.24,0.9992,0.02,1.0,0.04,0.01058922836401692,1.0,1.0,0.0
20274017,independent,low_energy,max_similarity,0.48,1.0,0.0,1.0,0.04,0.01058922836401692,1.0,1.0,0.0
20274018,none,no_replay,weighted,0.12,0.7016,0.62,0.96,0.04,0.010681696816932458,1.0,1.0,0.0
20274018,none,no_replay,weighted,0.24,0.9743999999999999,0.04,0.96,0.04,0.010681696816932458,1.0,1.0,0.0
20274018,none,no_replay,weighted,0.48,1.0,0.0,0.96,0.04,0.010681696816932458,1.0,1.0,0.0
20274018,none,no_replay,max_similarity,0.12,0.7152000000000001,0.64,0.92,0.04,0.010681696816932458,1.0,1.0,0.0
20274018,none,no_replay,max_similarity,0.24,0.988,0.0,0.92,0.04,0.010681696816932458,1.0,1.0,0.0
20274018,none,no_replay,max_similarity,0.48,1.0,0.0,0.92,0.04,0.010681696816932458,1.0,1.0,0.0
20274018,exact,random_replay,weighted,0.12,0.6424,0.7,0.92,0.04,0.010589235207380723,1.0,1.0,0.0
20274018,exact,random_replay,weighted,0.24,0.7584,0.36,0.92,0.04,0.010589235207380723,1.0,1.0,0.0
20274018,exact,random_replay,weighted,0.48,0.7824,0.32,0.92,0.04,0.010589235207380723,1.0,1.0,0.0
20274018,exact,random_replay,max_similarity,0.12,0.6479999999999999,0.7,0.92,0.04,0.010589235207380723,1.0,1.0,0.0
20274018,exact,random_replay,max_similarity,0.24,0.7744,0.32,0.92,0.04,0.010589235207380723,1.0,1.0,0.0
20274018,exact,random_replay,max_similarity,0.48,1.0,0.0,0.92,0.04,0.010589235207380723,1.0,1.0,0.0
20274018,exact,high_energy,weighted,0.12,0.6528,0.72,0.96,0.04,0.010639403339122474,1.0,1.0,0.0
20274018,exact,high_energy,weighted,0.24,0.7696,0.34,0.96,0.04,0.010639403339122474,1.0,1.0,0.0
20274018,exact,high_energy,weighted,0.48,0.7824,0.32,0.96,0.04,0.010639403339122474,1.0,1.0,0.0
20274018,exact,high_energy,max_similarity,0.12,0.6544,0.7,0.92,0.04,0.010639403339122474,1.0,1.0,0.0
20274018,exact,high_energy,max_similarity,0.24,0.7752,0.32,0.92,0.04,0.010639403339122474,1.0,1.0,0.0
20274018,exact,high_energy,max_similarity,0.48,1.0,0.0,0.92,0.04,0.010639403339122474,1.0,1.0,0.0
20274018,exact,low_energy,weighted,0.12,0.6424,0.7,0.92,0.04,0.010589235207380723,1.0,1.0,0.0
20274018,exact,low_energy,weighted,0.24,0.7584,0.36,0.92,0.04,0.010589235207380723,1.0,1.0,0.0
20274018,exact,low_energy,weighted,0.48,0.7824,0.32,0.92,0.04,0.010589235207380723,1.0,1.0,0.0
20274018,exact,low_energy,max_similarity,0.12,0.6479999999999999,0.7,0.92,0.04,0.010589235207380723,1.0,1.0,0.0
20274018,exact,low_energy,max_similarity,0.24,0.7744,0.32,0.92,0.04,0.010589235207380723,1.0,1.0,0.0
20274018,exact,low_energy,max_similarity,0.48,1.0,0.0,0.92,0.04,0.010589235207380723,1.0,1.0,0.0
20274018,coherent,random_replay,weighted,0.12,0.6104,0.76,0.92,0.04,0.01090235032878879,1.0,1.0,0.0
20274018,coherent,random_replay,weighted,0.24,0.7512000000000001,0.36,0.92,0.04,0.01090235032878879,1.0,1.0,0.0
20274018,coherent,random_replay,weighted,0.48,0.7959999999999999,0.32,0.92,0.04,0.01090235032878879,1.0,1.0,0.0
20274018,coherent,random_replay,max_similarity,0.12,0.7152000000000001,0.64,0.92,0.04,0.01090235032878879,1.0,1.0,0.0
20274018,coherent,random_replay,max_similarity,0.24,0.988,0.0,0.92,0.04,0.01090235032878879,1.0,1.0,0.0
20274018,coherent,random_replay,max_similarity,0.48,1.0,0.0,0.92,0.04,0.01090235032878879,1.0,1.0,0.0
20274018,coherent,high_energy,weighted,0.12,0.62,0.7,0.92,0.04,0.010967064894194942,1.0,1.0,0.0
20274018,coherent,high_energy,weighted,0.24,0.7631999999999999,0.36,0.92,0.04,0.010967064894194942,1.0,1.0,0.0
20274018,coherent,high_energy,weighted,0.48,0.7999999999999999,0.32,0.92,0.04,0.010967064894194942,1.0,1.0,0.0
20274018,coherent,high_energy,max_similarity,0.12,0.7152000000000001,0.64,0.92,0.04,0.010967064894194942,1.0,1.0,0.0
20274018,coherent,high_energy,max_similarity,0.24,0.988,0.0,0.92,0.04,0.010967064894194942,1.0,1.0,0.0
20274018,coherent,high_energy,max_similarity,0.48,1.0,0.0,0.92,0.04,0.010967064894194942,1.0,1.0,0.0
20274018,coherent,low_energy,weighted,0.12,0.6104,0.8,0.92,0.04,0.01090235032878879,1.0,1.0,0.0
20274018,coherent,low_energy,weighted,0.24,0.7512000000000001,0.36,0.92,0.04,0.01090235032878879,1.0,1.0,0.0
20274018,coherent,low_energy,weighted,0.48,0.7959999999999999,0.32,0.92,0.04,0.01090235032878879,1.0,1.0,0.0
20274018,coherent,low_energy,max_similarity,0.12,0.7152000000000001,0.64,0.92,0.04,0.01090235032878879,1.0,1.0,0.0
20274018,coherent,low_energy,max_similarity,0.24,0.988,0.0,0.92,0.04,0.01090235032878879,1.0,1.0,0.0
20274018,coherent,low_energy,max_similarity,0.48,1.0,0.0,0.92,0.04,0.01090235032878879,1.0,1.0,0.0
20274018,independent,random_replay,weighted,0.12,0.6112,0.7,0.92,0.04,0.010573353448875146,1.0,1.0,0.0
20274018,independent,random_replay,weighted,0.24,0.7544,0.36,0.92,0.04,0.010573353448875146,1.0,1.0,0.0
20274018,independent,random_replay,weighted,0.48,0.7936,0.32,0.92,0.04,0.010573353448875146,1.0,1.0,0.0
20274018,independent,random_replay,max_similarity,0.12,0.6992,0.66,0.92,0.04,0.010573353448875146,1.0,1.0,0.0
20274018,independent,random_replay,max_similarity,0.24,0.9856,0.0,0.92,0.04,0.010573353448875146,1.0,1.0,0.0
20274018,independent,random_replay,max_similarity,0.48,1.0,0.0,0.92,0.04,0.010573353448875146,1.0,1.0,0.0
20274018,independent,high_energy,weighted,0.12,0.6184000000000001,0.7,0.96,0.04,0.010619433012124821,1.0,1.0,0.0
20274018,independent,high_energy,weighted,0.24,0.7647999999999999,0.36,0.96,0.04,0.010619433012124821,1.0,1.0,0.0
20274018,independent,high_energy,weighted,0.48,0.7936,0.32,0.96,0.04,0.010619433012124821,1.0,1.0,0.0
20274018,independent,high_energy,max_similarity,0.12,0.6928,0.66,0.92,0.04,0.010619433012124821,1.0,1.0,0.0
20274018,independent,high_energy,max_similarity,0.24,0.9863999999999999,0.0,0.92,0.04,0.010619433012124821,1.0,1.0,0.0
20274018,independent,high_energy,max_similarity,0.48,1.0,0.0,0.92,0.04,0.010619433012124821,1.0,1.0,0.0
20274018,independent,low_energy,weighted,0.12,0.6112,0.7,0.92,0.04,0.010573353448875146,1.0,1.0,0.0
20274018,independent,low_energy,weighted,0.24,0.7544,0.36,0.92,0.04,0.010573353448875146,1.0,1.0,0.0
20274018,independent,low_energy,weighted,0.48,0.7936,0.32,0.92,0.04,0.010573353448875146,1.0,1.0,0.0
20274018,independent,low_energy,max_similarity,0.12,0.6992,0.66,0.92,0.04,0.010573353448875146,1.0,1.0,0.0
20274018,independent,low_energy,max_similarity,0.24,0.9856,0.0,0.92,0.04,0.010573353448875146,1.0,1.0,0.0
20274018,independent,low_energy,max_similarity,0.48,1.0,0.0,0.92,0.04,0.010573353448875146,1.0,1.0,0.0
20274019,none,no_replay,weighted,0.12,0.716,0.48,0.8,0.04,0.010706265323071968,1.0,1.0,0.0
20274019,none,no_replay,weighted,0.24,0.9584,0.04,0.8,0.04,0.010706265323071968,1.0,1.0,0.0
20274019,none,no_replay,weighted,0.48,1.0,0.0,0.8,0.04,0.010706265323071968,1.0,1.0,0.0
20274019,none,no_replay,max_similarity,0.12,0.7704,0.38,0.76,0.04,0.010706265323071968,1.0,1.0,0.0
20274019,none,no_replay,max_similarity,0.24,0.9792000000000001,0.04,0.76,0.04,0.010706265323071968,1.0,1.0,0.0
20274019,none,no_replay,max_similarity,0.48,1.0,0.0,0.76,0.04,0.010706265323071968,1.0,1.0,0.0
20274019,exact,random_replay,weighted,0.12,0.648,0.72,0.88,0.04,0.010570418460512107,1.0,1.0,0.0
20274019,exact,random_replay,weighted,0.24,0.7448,0.36,0.88,0.04,0.010570418460512107,1.0,1.0,0.0
20274019,exact,random_replay,weighted,0.48,0.7816,0.32,0.88,0.04,0.010570418460512107,1.0,1.0,0.0
20274019,exact,random_replay,max_similarity,0.12,0.68,0.56,0.88,0.04,0.010570418460512107,1.0,1.0,0.0
20274019,exact,random_replay,max_similarity,0.24,0.7848,0.34,0.88,0.04,0.010570418460512107,1.0,1.0,0.0
20274019,exact,random_replay,max_similarity,0.48,1.0,0.0,0.88,0.04,0.010570418460512107,1.0,1.0,0.0
20274019,exact,high_energy,weighted,0.12,0.6488,0.62,0.8,0.04,0.010595547536944059,1.0,1.0,0.0
20274019,exact,high_energy,weighted,0.24,0.7648,0.36,0.8,0.04,0.010595547536944059,1.0,1.0,0.0
20274019,exact,high_energy,weighted,0.48,0.7824,0.32,0.8,0.04,0.010595547536944059,1.0,1.0,0.0
20274019,exact,high_energy,max_similarity,0.12,0.6719999999999999,0.56,0.84,0.04,0.010595547536944059,1.0,1.0,0.0
20274019,exact,high_energy,max_similarity,0.24,0.7832,0.34,0.84,0.04,0.010595547536944059,1.0,1.0,0.0
20274019,exact,high_energy,max_similarity,0.48,1.0,0.0,0.84,0.04,0.010595547536944059,1.0,1.0,0.0
20274019,exact,low_energy,weighted,0.12,0.648,0.72,0.88,0.04,0.010570418460512107,1.0,1.0,0.0
20274019,exact,low_energy,weighted,0.24,0.7448,0.36,0.88,0.04,0.010570418460512107,1.0,1.0,0.0
20274019,exact,low_energy,weighted,0.48,0.7816,0.32,0.88,0.04,0.010570418460512107,1.0,1.0,0.0
20274019,exact,low_energy,max_similarity,0.12,0.68,0.56,0.88,0.04,0.010570418460512107,1.0,1.0,0.0
20274019,exact,low_energy,max_similarity,0.24,0.7848,0.34,0.88,0.04,0.010570418460512107,1.0,1.0,0.0
20274019,exact,low_energy,max_similarity,0.48,1.0,0.0,0.88,0.04,0.010570418460512107,1.0,1.0,0.0
20274019,coherent,random_replay,weighted,0.12,0.6104,0.74,0.84,0.04,0.010959164758198137,1.0,1.0,0.0
20274019,coherent,random_replay,weighted,0.24,0.736,0.36,0.84,0.04,0.010959164758198137,1.0,1.0,0.0
20274019,coherent,random_replay,weighted,0.48,0.8071999999999999,0.32,0.84,0.04,0.010959164758198137,1.0,1.0,0.0
20274019,coherent,random_replay,max_similarity,0.12,0.7704,0.38,0.76,0.04,0.010959164758198137,1.0,1.0,0.0
20274019,coherent,random_replay,max_similarity,0.24,0.9792000000000001,0.04,0.76,0.04,0.010959164758198137,1.0,1.0,0.0
20274019,coherent,random_replay,max_similarity,0.48,1.0,0.0,0.76,0.04,0.010959164758198137,1.0,1.0,0.0
20274019,coherent,high_energy,weighted,0.12,0.6216,0.66,0.84,0.04,0.010957899249295211,1.0,1.0,0.0
20274019,coherent,high_energy,weighted,0.24,0.7568,0.36,0.84,0.04,0.010957899249295211,1.0,1.0,0.0
20274019,coherent,high_energy,weighted,0.48,0.8079999999999999,0.32,0.84,0.04,0.010957899249295211,1.0,1.0,0.0
20274019,coherent,high_energy,max_similarity,0.12,0.7704,0.38,0.76,0.04,0.010957899249295211,1.0,1.0,0.0
20274019,coherent,high_energy,max_similarity,0.24,0.9792000000000001,0.04,0.76,0.04,0.010957899249295211,1.0,1.0,0.0
20274019,coherent,high_energy,max_similarity,0.48,1.0,0.0,0.76,0.04,0.010957899249295211,1.0,1.0,0.0
20274019,coherent,low_energy,weighted,0.12,0.6104,0.76,0.88,0.04,0.010959164758198137,1.0,1.0,0.0
20274019,coherent,low_energy,weighted,0.24,0.736,0.36,0.88,0.04,0.010959164758198137,1.0,1.0,0.0
20274019,coherent,low_energy,weighted,0.48,0.8071999999999999,0.32,0.88,0.04,0.010959164758198137,1.0,1.0,0.0
20274019,coherent,low_energy,max_similarity,0.12,0.7704,0.38,0.76,0.04,0.010959164758198137,1.0,1.0,0.0
20274019,coherent,low_energy,max_similarity,0.24,0.9792000000000001,0.04,0.76,0.04,0.010959164758198137,1.0,1.0,0.0
20274019,coherent,low_energy,max_similarity,0.48,1.0,0.0,0.76,0.04,0.010959164758198137,1.0,1.0,0.0
20274019,independent,random_replay,weighted,0.12,0.6224,0.68,0.84,0.04,0.010602878407649287,1.0,1.0,0.0
20274019,independent,random_replay,weighted,0.24,0.7415999999999999,0.36,0.84,0.04,0.010602878407649287,1.0,1.0,0.0
20274019,independent,random_replay,weighted,0.48,0.7968,0.32,0.84,0.04,0.010602878407649287,1.0,1.0,0.0
20274019,independent,random_replay,max_similarity,0.12,0.752,0.42,0.76,0.04,0.010602878407649287,1.0,1.0,0.0
20274019,independent,random_replay,max_similarity,0.24,0.9792000000000001,0.04,0.76,0.04,0.010602878407649287,1.0,1.0,0.0
20274019,independent,random_replay,max_similarity,0.48,1.0,0.0,0.76,0.04,0.010602878407649287,1.0,1.0,0.0
20274019,independent,high_energy,weighted,0.12,0.632,0.58,0.84,0.04,0.0106089675727783,1.0,1.0,0.0
20274019,independent,high_energy,weighted,0.24,0.7632,0.36,0.84,0.04,0.0106089675727783,1.0,1.0,0.0
20274019,independent,high_energy,weighted,0.48,0.7976,0.32,0.84,0.04,0.0106089675727783,1.0,1.0,0.0
20274019,independent,high_energy,max_similarity,0.12,0.752,0.42,0.76,0.04,0.0106089675727783,1.0,1.0,0.0
20274019,independent,high_energy,max_similarity,0.24,0.9792000000000001,0.04,0.76,0.04,0.0106089675727783,1.0,1.0,0.0
20274019,independent,high_energy,max_similarity,0.48,1.0,0.0,0.76,0.04,0.0106089675727783,1.0,1.0,0.0
20274019,independent,low_energy,weighted,0.12,0.6224,0.68,0.88,0.04,0.010602878407649287,1.0,1.0,0.0
20274019,independent,low_energy,weighted,0.24,0.7415999999999999,0.36,0.88,0.04,0.010602878407649287,1.0,1.0,0.0
20274019,independent,low_energy,weighted,0.48,0.7968,0.32,0.88,0.04,0.010602878407649287,1.0,1.0,0.0
20274019,independent,low_energy,max_similarity,0.12,0.752,0.42,0.76,0.04,0.010602878407649287,1.0,1.0,0.0
20274019,independent,low_energy,max_similarity,0.24,0.9792000000000001,0.04,0.76,0.04,0.010602878407649287,1.0,1.0,0.0
20274019,independent,low_energy,max_similarity,0.48,1.0,0.0,0.76,0.04,0.010602878407649287,1.0,1.0,0.0
20274020,none,no_replay,weighted,0.12,0.712,0.74,0.96,0.04,0.010544501260657249,1.0,1.0,0.0
20274020,none,no_replay,weighted,0.24,0.9743999999999999,0.16,0.96,0.04,0.010544501260657249,1.0,1.0,0.0
20274020,none,no_replay,weighted,0.48,1.0,0.0,0.96,0.04,0.010544501260657249,1.0,1.0,0.0
20274020,none,no_replay,max_similarity,0.12,0.7687999999999999,0.72,1.0,0.04,0.010544501260657249,1.0,1.0,0.0
20274020,none,no_replay,max_similarity,0.24,0.9776,0.08,1.0,0.04,0.010544501260657249,1.0,1.0,0.0
20274020,none,no_replay,max_similarity,0.48,1.0,0.0,1.0,0.04,0.010544501260657249,1.0,1.0,0.0
20274020,exact,random_replay,weighted,0.12,0.6216,0.84,0.96,0.04,0.01056178510317437,1.0,1.0,0.0
20274020,exact,random_replay,weighted,0.24,0.7512,0.48,0.96,0.04,0.01056178510317437,1.0,1.0,0.0
20274020,exact,random_replay,weighted,0.48,0.7824,0.32,0.96,0.04,0.01056178510317437,1.0,1.0,0.0
20274020,exact,random_replay,max_similarity,0.12,0.656,0.86,0.96,0.04,0.01056178510317437,1.0,1.0,0.0
20274020,exact,random_replay,max_similarity,0.24,0.796,0.4,0.96,0.04,0.01056178510317437,1.0,1.0,0.0
20274020,exact,random_replay,max_similarity,0.48,1.0,0.0,0.96,0.04,0.01056178510317437,1.0,1.0,0.0
20274020,exact,high_energy,weighted,0.12,0.6224000000000001,0.78,0.96,0.05,0.010380636096960043,1.0,1.0,0.0
20274020,exact,high_energy,weighted,0.24,0.7712000000000001,0.44,0.96,0.05,0.010380636096960043,1.0,1.0,0.0
20274020,exact,high_energy,weighted,0.48,0.7824,0.32,0.96,0.05,0.010380636096960043,1.0,1.0,0.0
20274020,exact,high_energy,max_similarity,0.12,0.6504,0.82,0.96,0.05,0.010380636096960043,1.0,1.0,0.0
20274020,exact,high_energy,max_similarity,0.24,0.7936,0.4,0.96,0.05,0.010380636096960043,1.0,1.0,0.0
20274020,exact,high_energy,max_similarity,0.48,1.0,0.0,0.96,0.05,0.010380636096960043,1.0,1.0,0.0
20274020,exact,low_energy,weighted,0.12,0.6216,0.84,0.96,0.04,0.01056178510317437,1.0,1.0,0.0
20274020,exact,low_energy,weighted,0.24,0.7512,0.48,0.96,0.04,0.01056178510317437,1.0,1.0,0.0
20274020,exact,low_energy,weighted,0.48,0.7824,0.32,0.96,0.04,0.01056178510317437,1.0,1.0,0.0
20274020,exact,low_energy,max_similarity,0.12,0.656,0.86,0.96,0.04,0.01056178510317437,1.0,1.0,0.0
20274020,exact,low_energy,max_similarity,0.24,0.796,0.4,0.96,0.04,0.01056178510317437,1.0,1.0,0.0
20274020,exact,low_energy,max_similarity,0.48,1.0,0.0,0.96,0.04,0.01056178510317437,1.0,1.0,0.0
20274020,coherent,random_replay,weighted,0.12,0.5976,0.8,0.96,0.04,0.010882465837188472,1.0,1.0,0.0
20274020,coherent,random_replay,weighted,0.24,0.7416,0.5,0.96,0.04,0.010882465837188472,1.0,1.0,0.0
20274020,coherent,random_replay,weighted,0.48,0.8368,0.32,0.96,0.04,0.010882465837188472,1.0,1.0,0.0
20274020,coherent,random_replay,max_similarity,0.12,0.7687999999999999,0.72,1.0,0.04,0.010882465837188472,1.0,1.0,0.0
20274020,coherent,random_replay,max_similarity,0.24,0.9776,0.08,1.0,0.04,0.010882465837188472,1.0,1.0,0.0
20274020,coherent,random_replay,max_similarity,0.48,1.0,0.0,1.0,0.04,0.010882465837188472,1.0,1.0,0.0
20274020,coherent,high_energy,weighted,0.12,0.6104,0.76,0.88,0.05,0.010684188964407189,1.0,1.0,0.0
20274020,coherent,high_energy,weighted,0.24,0.7616,0.46,0.88,0.05,0.010684188964407189,1.0,1.0,0.0
20274020,coherent,high_energy,weighted,0.48,0.8248,0.32,0.88,0.05,0.010684188964407189,1.0,1.0,0.0
20274020,coherent,high_energy,max_similarity,0.12,0.7687999999999999,0.72,1.0,0.05,0.010684188964407189,1.0,1.0,0.0
20274020,coherent,high_energy,max_similarity,0.24,0.9776,0.08,1.0,0.05,0.010684188964407189,1.0,1.0,0.0
20274020,coherent,high_energy,max_similarity,0.48,1.0,0.0,1.0,0.05,0.010684188964407189,1.0,1.0,0.0
20274020,coherent,low_energy,weighted,0.12,0.5976,0.84,0.96,0.04,0.010882465837188472,1.0,1.0,0.0
20274020,coherent,low_energy,weighted,0.24,0.7416,0.5,0.96,0.04,0.010882465837188472,1.0,1.0,0.0
20274020,coherent,low_energy,weighted,0.48,0.8368,0.32,0.96,0.04,0.010882465837188472,1.0,1.0,0.0
20274020,coherent,low_energy,max_similarity,0.12,0.7687999999999999,0.72,1.0,0.04,0.010882465837188472,1.0,1.0,0.0
20274020,coherent,low_energy,max_similarity,0.24,0.9776,0.08,1.0,0.04,0.010882465837188472,1.0,1.0,0.0
20274020,coherent,low_energy,max_similarity,0.48,1.0,0.0,1.0,0.04,0.010882465837188472,1.0,1.0,0.0
20274020,independent,random_replay,weighted,0.12,0.612,0.82,0.96,0.04,0.010635706078680376,1.0,1.0,0.0
20274020,independent,random_replay,weighted,0.24,0.7496,0.48,0.96,0.04,0.010635706078680376,1.0,1.0,0.0
20274020,independent,random_replay,weighted,0.48,0.8263999999999999,0.3,0.96,0.04,0.010635706078680376,1.0,1.0,0.0
20274020,independent,random_replay,max_similarity,0.12,0.7487999999999999,0.78,1.0,0.04,0.010635706078680376,1.0,1.0,0.0
20274020,independent,random_replay,max_similarity,0.24,0.9776,0.08,1.0,0.04,0.010635706078680376,1.0,1.0,0.0
20274020,independent,random_replay,max_similarity,0.48,1.0,0.0,1.0,0.04,0.010635706078680376,1.0,1.0,0.0
20274020,independent,high_energy,weighted,0.12,0.6184000000000001,0.74,0.96,0.05,0.010430542158260859,1.0,1.0,0.0
20274020,independent,high_energy,weighted,0.24,0.7688,0.42,0.96,0.05,0.010430542158260859,1.0,1.0,0.0
20274020,independent,high_energy,weighted,0.48,0.8191999999999999,0.3,0.96,0.05,0.010430542158260859,1.0,1.0,0.0
20274020,independent,high_energy,max_similarity,0.12,0.7447999999999999,0.78,1.0,0.05,0.010430542158260859,1.0,1.0,0.0
20274020,independent,high_energy,max_similarity,0.24,0.9776,0.08,1.0,0.05,0.010430542158260859,1.0,1.0,0.0
20274020,independent,high_energy,max_similarity,0.48,1.0,0.0,1.0,0.05,0.010430542158260859,1.0,1.0,0.0
20274020,independent,low_energy,weighted,0.12,0.612,0.82,0.96,0.04,0.010635706078680376,1.0,1.0,0.0
20274020,independent,low_energy,weighted,0.24,0.7496,0.48,0.96,0.04,0.010635706078680376,1.0,1.0,0.0
20274020,independent,low_energy,weighted,0.48,0.8263999999999999,0.3,0.96,0.04,0.010635706078680376,1.0,1.0,0.0
20274020,independent,low_energy,max_similarity,0.12,0.7487999999999999,0.78,1.0,0.04,0.010635706078680376,1.0,1.0,0.0
20274020,independent,low_energy,max_similarity,0.24,0.9776,0.08,1.0,0.04,0.010635706078680376,1.0,1.0,0.0
20274020,independent,low_energy,max_similarity,0.48,1.0,0.0,1.0,0.04,0.010635706078680376,1.0,1.0,0.0
20274021,none,no_replay,weighted,0.12,0.7232,0.36,0.64,0.04,0.010838678284021823,1.0,1.0,0.0
20274021,none,no_replay,weighted,0.24,0.9624,0.04,0.64,0.04,0.010838678284021823,1.0,1.0,0.0
20274021,none,no_replay,weighted,0.48,1.0,0.0,0.64,0.04,0.010838678284021823,1.0,1.0,0.0
20274021,none,no_replay,max_similarity,0.12,0.7048,0.32,0.72,0.04,0.010838678284021823,1.0,1.0,0.0
20274021,none,no_replay,max_similarity,0.24,0.9663999999999999,0.02,0.72,0.04,0.010838678284021823,1.0,1.0,0.0
20274021,none,no_replay,max_similarity,0.48,1.0,0.0,0.72,0.04,0.010838678284021823,1.0,1.0,0.0
20274021,exact,random_replay,weighted,0.12,0.6312,0.58,0.72,0.04,0.010625554754316213,1.0,1.0,0.0
20274021,exact,random_replay,weighted,0.24,0.7512,0.34,0.72,0.04,0.010625554754316213,1.0,1.0,0.0
20274021,exact,random_replay,weighted,0.48,0.7824,0.32,0.72,0.04,0.010625554754316213,1.0,1.0,0.0
20274021,exact,random_replay,max_similarity,0.12,0.6376000000000001,0.54,0.72,0.04,0.010625554754316213,1.0,1.0,0.0
20274021,exact,random_replay,max_similarity,0.24,0.7624000000000001,0.32,0.72,0.04,0.010625554754316213,1.0,1.0,0.0
20274021,exact,random_replay,max_similarity,0.48,1.0,0.0,0.72,0.04,0.010625554754316213,1.0,1.0,0.0
20274021,exact,high_energy,weighted,0.12,0.6376,0.5,0.68,0.05,0.010394423961194575,1.0,1.0,0.0
20274021,exact,high_energy,weighted,0.24,0.76,0.34,0.68,0.05,0.010394423961194575,1.0,1.0,0.0
20274021,exact,high_energy,weighted,0.48,0.7824,0.32,0.68,0.05,0.010394423961194575,1.0,1.0,0.0
20274021,exact,high_energy,max_similarity,0.12,0.6376,0.5,0.68,0.05,0.010394423961194575,1.0,1.0,0.0
20274021,exact,high_energy,max_similarity,0.24,0.7592000000000001,0.32,0.68,0.05,0.010394423961194575,1.0,1.0,0.0
20274021,exact,high_energy,max_similarity,0.48,1.0,0.0,0.68,0.05,0.010394423961194575,1.0,1.0,0.0
20274021,exact,low_energy,weighted,0.12,0.6312,0.58,0.72,0.04,0.010625554754316213,1.0,1.0,0.0
20274021,exact,low_energy,weighted,0.24,0.7512,0.34,0.72,0.04,0.010625554754316213,1.0,1.0,0.0
20274021,exact,low_energy,weighted,0.48,0.7824,0.32,0.72,0.04,0.010625554754316213,1.0,1.0,0.0
20274021,exact,low_energy,max_similarity,0.12,0.6376000000000001,0.54,0.72,0.04,0.010625554754316213,1.0,1.0,0.0
20274021,exact,low_energy,max_similarity,0.24,0.7624000000000001,0.32,0.72,0.04,0.010625554754316213,1.0,1.0,0.0
20274021,exact,low_energy,max_similarity,0.48,1.0,0.0,0.72,0.04,0.010625554754316213,1.0,1.0,0.0
20274021,coherent,random_replay,weighted,0.12,0.6032,0.54,0.72,0.04,0.011075280134722783,1.0,1.0,0.0
20274021,coherent,random_replay,weighted,0.24,0.74,0.38,0.72,0.04,0.011075280134722783,1.0,1.0,0.0
20274021,coherent,random_replay,weighted,0.48,0.8184,0.26,0.72,0.04,0.011075280134722783,1.0,1.0,0.0
20274021,coherent,random_replay,max_similarity,0.12,0.7048,0.32,0.72,0.04,0.011075280134722783,1.0,1.0,0.0
20274021,coherent,random_replay,max_similarity,0.24,0.9663999999999999,0.02,0.72,0.04,0.011075280134722783,1.0,1.0,0.0
20274021,coherent,random_replay,max_similarity,0.48,1.0,0.0,0.72,0.04,0.011075280134722783,1.0,1.0,0.0
20274021,coherent,high_energy,weighted,0.12,0.616,0.5,0.68,0.05,0.0107877803821596,1.0,1.0,0.0
20274021,coherent,high_energy,weighted,0.24,0.748,0.36,0.68,0.05,0.0107877803821596,1.0,1.0,0.0
20274021,coherent,high_energy,weighted,0.48,0.8288,0.24,0.68,0.05,0.0107877803821596,1.0,1.0,0.0
20274021,coherent,high_energy,max_similarity,0.12,0.7048,0.32,0.72,0.05,0.0107877803821596,1.0,1.0,0.0
20274021,coherent,high_energy,max_similarity,0.24,0.9663999999999999,0.02,0.72,0.05,0.0107877803821596,1.0,1.0,0.0
20274021,coherent,high_energy,max_similarity,0.48,1.0,0.0,0.72,0.05,0.0107877803821596,1.0,1.0,0.0
20274021,coherent,low_energy,weighted,0.12,0.6032,0.58,0.72,0.04,0.011075280134722783,1.0,1.0,0.0
20274021,coherent,low_energy,weighted,0.24,0.74,0.4,0.72,0.04,0.011075280134722783,1.0,1.0,0.0
20274021,coherent,low_energy,weighted,0.48,0.8184,0.26,0.72,0.04,0.011075280134722783,1.0,1.0,0.0
20274021,coherent,low_energy,max_similarity,0.12,0.7048,0.32,0.72,0.04,0.011075280134722783,1.0,1.0,0.0
20274021,coherent,low_energy,max_similarity,0.24,0.9663999999999999,0.02,0.72,0.04,0.011075280134722783,1.0,1.0,0.0
20274021,coherent,low_energy,max_similarity,0.48,1.0,0.0,0.72,0.04,0.011075280134722783,1.0,1.0,0.0
20274021,independent,random_replay,weighted,0.12,0.6144,0.54,0.72,0.04,0.010651437039365845,1.0,1.0,0.0
20274021,independent,random_replay,weighted,0.24,0.752,0.34,0.72,0.04,0.010651437039365845,1.0,1.0,0.0
20274021,independent,random_replay,weighted,0.48,0.7991999999999999,0.3,0.72,0.04,0.010651437039365845,1.0,1.0,0.0
20274021,independent,random_replay,max_similarity,0.12,0.6752,0.42,0.72,0.04,0.010651437039365845,1.0,1.0,0.0
20274021,independent,random_replay,max_similarity,0.24,0.9568000000000001,0.02,0.72,0.04,0.010651437039365845,1.0,1.0,0.0
20274021,independent,random_replay,max_similarity,0.48,1.0,0.0,0.72,0.04,0.010651437039365845,1.0,1.0,0.0
20274021,independent,high_energy,weighted,0.12,0.6288,0.5,0.64,0.05,0.010442670127278262,1.0,1.0,0.0
20274021,independent,high_energy,weighted,0.24,0.7592000000000001,0.34,0.64,0.05,0.010442670127278262,1.0,1.0,0.0
20274021,independent,high_energy,weighted,0.48,0.8024,0.3,0.64,0.05,0.010442670127278262,1.0,1.0,0.0
20274021,independent,high_energy,max_similarity,0.12,0.6736,0.42,0.72,0.05,0.010442670127278262,1.0,1.0,0.0
20274021,independent,high_energy,max_similarity,0.24,0.9568000000000001,0.02,0.72,0.05,0.010442670127278262,1.0,1.0,0.0
20274021,independent,high_energy,max_similarity,0.48,1.0,0.0,0.72,0.05,0.010442670127278262,1.0,1.0,0.0
20274021,independent,low_energy,weighted,0.12,0.6144,0.54,0.72,0.04,0.010651437039365845,1.0,1.0,0.0
20274021,independent,low_energy,weighted,0.24,0.752,0.34,0.72,0.04,0.010651437039365845,1.0,1.0,0.0
20274021,independent,low_energy,weighted,0.48,0.7991999999999999,0.3,0.72,0.04,0.010651437039365845,1.0,1.0,0.0
20274021,independent,low_energy,max_similarity,0.12,0.6752,0.42,0.72,0.04,0.010651437039365845,1.0,1.0,0.0
20274021,independent,low_energy,max_similarity,0.24,0.9568000000000001,0.02,0.72,0.04,0.010651437039365845,1.0,1.0,0.0
20274021,independent,low_energy,max_similarity,0.48,1.0,0.0,0.72,0.04,0.010651437039365845,1.0,1.0,0.0
20274022,none,no_replay,weighted,0.12,0.7184,0.76,0.92,0.04,0.010573994555174175,1.0,1.0,0.0
20274022,none,no_replay,weighted,0.24,0.9792,0.06,0.92,0.04,0.010573994555174175,1.0,1.0,0.0
20274022,none,no_replay,weighted,0.48,1.0,0.0,0.92,0.04,0.010573994555174175,1.0,1.0,0.0
20274022,none,no_replay,max_similarity,0.12,0.7472000000000001,0.66,0.92,0.04,0.010573994555174175,1.0,1.0,0.0
20274022,none,no_replay,max_similarity,0.24,0.9863999999999999,0.0,0.92,0.04,0.010573994555174175,1.0,1.0,0.0
20274022,none,no_replay,max_similarity,0.48,1.0,0.0,0.92,0.04,0.010573994555174175,1.0,1.0,0.0
20274022,exact,random_replay,weighted,0.12,0.6472,0.72,0.92,0.05,0.010360447603513455,1.0,1.0,0.0
20274022,exact,random_replay,weighted,0.24,0.7776000000000001,0.34,0.92,0.05,0.010360447603513455,1.0,1.0,0.0
20274022,exact,random_replay,weighted,0.48,0.7824,0.32,0.92,0.05,0.010360447603513455,1.0,1.0,0.0
20274022,exact,random_replay,max_similarity,0.12,0.6568,0.7,0.92,0.05,0.010360447603513455,1.0,1.0,0.0
20274022,exact,random_replay,max_similarity,0.24,0.7864,0.32,0.92,0.05,0.010360447603513455,1.0,1.0,0.0
20274022,exact,random_replay,max_similarity,0.48,1.0,0.0,0.92,0.05,0.010360447603513455,1.0,1.0,0.0
20274022,exact,high_energy,weighted,0.12,0.6472,0.7,0.92,0.05,0.010360447603513455,1.0,1.0,0.0
20274022,exact,high_energy,weighted,0.24,0.7776000000000001,0.34,0.92,0.05,0.010360447603513455,1.0,1.0,0.0
20274022,exact,high_energy,weighted,0.48,0.7824,0.32,0.92,0.05,0.010360447603513455,1.0,1.0,0.0
20274022,exact,high_energy,max_similarity,0.12,0.6568,0.7,0.92,0.05,0.010360447603513455,1.0,1.0,0.0
20274022,exact,high_energy,max_similarity,0.24,0.7864,0.32,0.92,0.05,0.010360447603513455,1.0,1.0,0.0
20274022,exact,high_energy,max_similarity,0.48,1.0,0.0,0.92,0.05,0.010360447603513455,1.0,1.0,0.0
20274022,exact,low_energy,weighted,0.12,0.6472,0.82,0.92,0.04,0.010535624222037056,1.0,1.0,0.0
20274022,exact,low_energy,weighted,0.24,0.7575999999999999,0.36,0.92,0.04,0.010535624222037056,1.0,1.0,0.0
20274022,exact,low_energy,weighted,0.48,0.7824,0.32,0.92,0.04,0.010535624222037056,1.0,1.0,0.0
20274022,exact,low_energy,max_similarity,0.12,0.6504000000000001,0.68,0.92,0.04,0.010535624222037056,1.0,1.0,0.0
20274022,exact,low_energy,max_similarity,0.24,0.7864,0.32,0.92,0.04,0.010535624222037056,1.0,1.0,0.0
20274022,exact,low_energy,max_similarity,0.48,1.0,0.0,0.92,0.04,0.010535624222037056,1.0,1.0,0.0
20274022,coherent,random_replay,weighted,0.12,0.6295999999999999,0.76,0.96,0.05,0.010604659724276324,1.0,1.0,0.0
20274022,coherent,random_replay,weighted,0.24,0.7768,0.36,0.96,0.05,0.010604659724276324,1.0,1.0,0.0
20274022,coherent,random_replay,weighted,0.48,0.8016,0.32,0.96,0.05,0.010604659724276324,1.0,1.0,0.0
20274022,coherent,random_replay,max_similarity,0.12,0.7472000000000001,0.66,0.92,0.05,0.010604659724276324,1.0,1.0,0.0
20274022,coherent,random_replay,max_similarity,0.24,0.9863999999999999,0.0,0.92,0.05,0.010604659724276324,1.0,1.0,0.0
20274022,coherent,random_replay,max_similarity,0.48,1.0,0.0,0.92,0.05,0.010604659724276324,1.0,1.0,0.0
20274022,coherent,high_energy,weighted,0.12,0.6295999999999999,0.72,0.96,0.05,0.010604659724276327,1.0,1.0,0.0
20274022,coherent,high_energy,weighted,0.24,0.7768,0.36,0.96,0.05,0.010604659724276327,1.0,1.0,0.0
20274022,coherent,high_energy,weighted,0.48,0.8016,0.32,0.96,0.05,0.010604659724276327,1.0,1.0,0.0
20274022,coherent,high_energy,max_similarity,0.12,0.7472000000000001,0.66,0.92,0.05,0.010604659724276327,1.0,1.0,0.0
20274022,coherent,high_energy,max_similarity,0.24,0.9863999999999999,0.0,0.92,0.05,0.010604659724276327,1.0,1.0,0.0
20274022,coherent,high_energy,max_similarity,0.48,1.0,0.0,0.92,0.05,0.010604659724276327,1.0,1.0,0.0
20274022,coherent,low_energy,weighted,0.12,0.6208,0.84,0.96,0.04,0.010766414163589375,1.0,1.0,0.0
20274022,coherent,low_energy,weighted,0.24,0.7544,0.4,0.96,0.04,0.010766414163589375,1.0,1.0,0.0
20274022,coherent,low_energy,weighted,0.48,0.7944,0.32,0.96,0.04,0.010766414163589375,1.0,1.0,0.0
20274022,coherent,low_energy,max_similarity,0.12,0.7472000000000001,0.66,0.92,0.04,0.010766414163589375,1.0,1.0,0.0
20274022,coherent,low_energy,max_similarity,0.24,0.9863999999999999,0.0,0.92,0.04,0.010766414163589375,1.0,1.0,0.0
20274022,coherent,low_energy,max_similarity,0.48,1.0,0.0,0.92,0.04,0.010766414163589375,1.0,1.0,0.0
20274022,independent,random_replay,weighted,0.12,0.6288,0.82,0.96,0.05,0.010378857068751262,1.0,1.0,0.0
20274022,independent,random_replay,weighted,0.24,0.7792,0.34,0.96,0.05,0.010378857068751262,1.0,1.0,0.0
20274022,independent,random_replay,weighted,0.48,0.8208,0.32,0.96,0.05,0.010378857068751262,1.0,1.0,0.0
20274022,independent,random_replay,max_similarity,0.12,0.7288000000000001,0.68,0.92,0.05,0.010378857068751262,1.0,1.0,0.0
20274022,independent,random_replay,max_similarity,0.24,0.984,0.0,0.92,0.05,0.010378857068751262,1.0,1.0,0.0
20274022,independent,random_replay,max_similarity,0.48,1.0,0.0,0.92,0.05,0.010378857068751262,1.0,1.0,0.0
20274022,independent,high_energy,weighted,0.12,0.6288,0.8,0.96,0.05,0.010378857068751263,1.0,1.0,0.0
20274022,independent,high_energy,weighted,0.24,0.7792,0.34,0.96,0.05,0.010378857068751263,1.0,1.0,0.0
20274022,independent,high_energy,weighted,0.48,0.8208,0.32,0.96,0.05,0.010378857068751263,1.0,1.0,0.0
20274022,independent,high_energy,max_similarity,0.12,0.7288000000000001,0.68,0.92,0.05,0.010378857068751263,1.0,1.0,0.0
20274022,independent,high_energy,max_similarity,0.24,0.984,0.0,0.92,0.05,0.010378857068751263,1.0,1.0,0.0
20274022,independent,high_energy,max_similarity,0.48,1.0,0.0,0.92,0.05,0.010378857068751263,1.0,1.0,0.0
20274022,independent,low_energy,weighted,0.12,0.6248,0.8,0.92,0.04,0.010574115305456109,1.0,1.0,0.0
20274022,independent,low_energy,weighted,0.24,0.7568,0.36,0.92,0.04,0.010574115305456109,1.0,1.0,0.0
20274022,independent,low_energy,weighted,0.48,0.8143999999999999,0.32,0.92,0.04,0.010574115305456109,1.0,1.0,0.0
20274022,independent,low_energy,max_similarity,0.12,0.7224000000000002,0.68,0.92,0.04,0.010574115305456109,1.0,1.0,0.0
20274022,independent,low_energy,max_similarity,0.24,0.984,0.0,0.92,0.04,0.010574115305456109,1.0,1.0,0.0
20274022,independent,low_energy,max_similarity,0.48,1.0,0.0,0.92,0.04,0.010574115305456109,1.0,1.0,0.0
20274023,none,no_replay,weighted,0.12,0.7447999999999999,0.44,0.84,0.04,0.01078938172462749,1.0,1.0,0.0
20274023,none,no_replay,weighted,0.24,0.9528000000000001,0.04,0.84,0.04,0.01078938172462749,1.0,1.0,0.0
20274023,none,no_replay,weighted,0.48,1.0,0.0,0.84,0.04,0.01078938172462749,1.0,1.0,0.0
20274023,none,no_replay,max_similarity,0.12,0.7512,0.36,0.8,0.04,0.01078938172462749,1.0,1.0,0.0
20274023,none,no_replay,max_similarity,0.24,0.9712,0.04,0.8,0.04,0.01078938172462749,1.0,1.0,0.0
20274023,none,no_replay,max_similarity,0.48,1.0,0.0,0.8,0.04,0.01078938172462749,1.0,1.0,0.0
20274023,exact,random_replay,weighted,0.12,0.6496,0.56,0.84,0.04,0.010678974210817678,1.0,1.0,0.0
20274023,exact,random_replay,weighted,0.24,0.752,0.36,0.84,0.04,0.010678974210817678,1.0,1.0,0.0
20274023,exact,random_replay,weighted,0.48,0.7824,0.32,0.84,0.04,0.010678974210817678,1.0,1.0,0.0
20274023,exact,random_replay,max_similarity,0.12,0.6567999999999999,0.56,0.8,0.04,0.010678974210817678,1.0,1.0,0.0
20274023,exact,random_replay,max_similarity,0.24,0.764,0.34,0.8,0.04,0.010678974210817678,1.0,1.0,0.0
20274023,exact,random_replay,max_similarity,0.48,1.0,0.0,0.8,0.04,0.010678974210817678,1.0,1.0,0.0
20274023,exact,high_energy,weighted,0.12,0.6632,0.5,0.8,0.04,0.010732743947033328,1.0,1.0,0.0
20274023,exact,high_energy,weighted,0.24,0.7584,0.34,0.8,0.04,0.010732743947033328,1.0,1.0,0.0
20274023,exact,high_energy,weighted,0.48,0.7824,0.32,0.8,0.04,0.010732743947033328,1.0,1.0,0.0
20274023,exact,high_energy,max_similarity,0.12,0.6688000000000001,0.52,0.8,0.04,0.010732743947033328,1.0,1.0,0.0
20274023,exact,high_energy,max_similarity,0.24,0.7664,0.34,0.8,0.04,0.010732743947033328,1.0,1.0,0.0
20274023,exact,high_energy,max_similarity,0.48,1.0,0.0,0.8,0.04,0.010732743947033328,1.0,1.0,0.0
20274023,exact,low_energy,weighted,0.12,0.6496,0.56,0.84,0.04,0.010678974210817678,1.0,1.0,0.0
20274023,exact,low_energy,weighted,0.24,0.752,0.36,0.84,0.04,0.010678974210817678,1.0,1.0,0.0
20274023,exact,low_energy,weighted,0.48,0.7824,0.32,0.84,0.04,0.010678974210817678,1.0,1.0,0.0
20274023,exact,low_energy,max_similarity,0.12,0.6567999999999999,0.56,0.8,0.04,0.010678974210817678,1.0,1.0,0.0
20274023,exact,low_energy,max_similarity,0.24,0.764,0.34,0.8,0.04,0.010678974210817678,1.0,1.0,0.0
20274023,exact,low_energy,max_similarity,0.48,1.0,0.0,0.8,0.04,0.010678974210817678,1.0,1.0,0.0
20274023,coherent,random_replay,weighted,0.12,0.6247999999999999,0.52,0.76,0.04,0.011154562626909137,1.0,1.0,0.0
20274023,coherent,random_replay,weighted,0.24,0.7456,0.34,0.76,0.04,0.011154562626909137,1.0,1.0,0.0
20274023,coherent,random_replay,weighted,0.48,0.8191999999999999,0.26,0.76,0.04,0.011154562626909137,1.0,1.0,0.0
20274023,coherent,random_replay,max_similarity,0.12,0.7512,0.36,0.8,0.04,0.011154562626909137,1.0,1.0,0.0
20274023,coherent,random_replay,max_similarity,0.24,0.9712,0.04,0.8,0.04,0.011154562626909137,1.0,1.0,0.0
20274023,coherent,random_replay,max_similarity,0.48,1.0,0.0,0.8,0.04,0.011154562626909137,1.0,1.0,0.0
20274023,coherent,high_energy,weighted,0.12,0.6424,0.48,0.64,0.04,0.011205219487323437,1.0,1.0,0.0
20274023,coherent,high_energy,weighted,0.24,0.7528,0.34,0.64,0.04,0.011205219487323437,1.0,1.0,0.0
20274023,coherent,high_energy,weighted,0.48,0.8016,0.3,0.64,0.04,0.011205219487323437,1.0,1.0,0.0
20274023,coherent,high_energy,max_similarity,0.12,0.7512,0.36,0.8,0.04,0.011205219487323437,1.0,1.0,0.0
20274023,coherent,high_energy,max_similarity,0.24,0.9712,0.04,0.8,0.04,0.011205219487323437,1.0,1.0,0.0
20274023,coherent,high_energy,max_similarity,0.48,1.0,0.0,0.8,0.04,0.011205219487323437,1.0,1.0,0.0
20274023,coherent,low_energy,weighted,0.12,0.6247999999999999,0.58,0.84,0.04,0.011154562626909137,1.0,1.0,0.0
20274023,coherent,low_energy,weighted,0.24,0.7456,0.34,0.84,0.04,0.011154562626909137,1.0,1.0,0.0
20274023,coherent,low_energy,weighted,0.48,0.8191999999999999,0.28,0.84,0.04,0.011154562626909137,1.0,1.0,0.0
20274023,coherent,low_energy,max_similarity,0.12,0.7512,0.36,0.8,0.04,0.011154562626909137,1.0,1.0,0.0
20274023,coherent,low_energy,max_similarity,0.24,0.9712,0.04,0.8,0.04,0.011154562626909137,1.0,1.0,0.0
20274023,coherent,low_energy,max_similarity,0.48,1.0,0.0,0.8,0.04,0.011154562626909137,1.0,1.0,0.0
20274023,independent,random_replay,weighted,0.12,0.6224000000000001,0.54,0.84,0.04,0.010708208446966247,1.0,1.0,0.0
20274023,independent,random_replay,weighted,0.24,0.7472000000000001,0.34,0.84,0.04,0.010708208446966247,1.0,1.0,0.0
20274023,independent,random_replay,weighted,0.48,0.7856,0.32,0.84,0.04,0.010708208446966247,1.0,1.0,0.0
20274023,independent,random_replay,max_similarity,0.12,0.72,0.42,0.8,0.04,0.010708208446966247,1.0,1.0,0.0
20274023,independent,random_replay,max_similarity,0.24,0.9672,0.04,0.8,0.04,0.010708208446966247,1.0,1.0,0.0
20274023,independent,random_replay,max_similarity,0.48,1.0,0.0,0.8,0.04,0.010708208446966247,1.0,1.0,0.0
20274023,independent,high_energy,weighted,0.12,0.6392,0.5,0.8,0.04,0.010763909354212326,1.0,1.0,0.0
20274023,independent,high_energy,weighted,0.24,0.7552,0.34,0.8,0.04,0.010763909354212326,1.0,1.0,0.0
20274023,independent,high_energy,weighted,0.48,0.7831999999999999,0.32,0.8,0.04,0.010763909354212326,1.0,1.0,0.0
20274023,independent,high_energy,max_similarity,0.12,0.7208,0.4,0.8,0.04,0.010763909354212326,1.0,1.0,0.0
20274023,independent,high_energy,max_similarity,0.24,0.9656,0.04,0.8,0.04,0.010763909354212326,1.0,1.0,0.0
20274023,independent,high_energy,max_similarity,0.48,1.0,0.0,0.8,0.04,0.010763909354212326,1.0,1.0,0.0
20274023,independent,low_energy,weighted,0.12,0.6224000000000001,0.54,0.84,0.04,0.010708208446966247,1.0,1.0,0.0
20274023,independent,low_energy,weighted,0.24,0.7472000000000001,0.34,0.84,0.04,0.010708208446966247,1.0,1.0,0.0
20274023,independent,low_energy,weighted,0.48,0.7856,0.32,0.84,0.04,0.010708208446966247,1.0,1.0,0.0
20274023,independent,low_energy,max_similarity,0.12,0.72,0.42,0.8,0.04,0.010708208446966247,1.0,1.0,0.0
20274023,independent,low_energy,max_similarity,0.24,0.9672,0.04,0.8,0.04,0.010708208446966247,1.0,1.0,0.0
20274023,independent,low_energy,max_similarity,0.48,1.0,0.0,0.8,0.04,0.010708208446966247,1.0,1.0,0.0
20274024,none,no_replay,weighted,0.12,0.736,0.76,0.96,0.04,0.010595679273443983,1.0,1.0,0.0
20274024,none,no_replay,weighted,0.24,0.9863999999999999,0.06,0.96,0.04,0.010595679273443983,1.0,1.0,0.0
20274024,none,no_replay,weighted,0.48,1.0,0.0,0.96,0.04,0.010595679273443983,1.0,1.0,0.0
20274024,none,no_replay,max_similarity,0.12,0.7608,0.66,1.0,0.04,0.010595679273443983,1.0,1.0,0.0
20274024,none,no_replay,max_similarity,0.24,0.992,0.04,1.0,0.04,0.010595679273443983,1.0,1.0,0.0
20274024,none,no_replay,max_similarity,0.48,1.0,0.0,1.0,0.04,0.010595679273443983,1.0,1.0,0.0
20274024,exact,random_replay,weighted,0.12,0.6519999999999999,0.82,0.96,0.04,0.010581050861717997,1.0,1.0,0.0
20274024,exact,random_replay,weighted,0.24,0.7584,0.36,0.96,0.04,0.010581050861717997,1.0,1.0,0.0
20274024,exact,random_replay,weighted,0.48,0.7824,0.32,0.96,0.04,0.010581050861717997,1.0,1.0,0.0
20274024,exact,random_replay,max_similarity,0.12,0.668,0.68,1.0,0.04,0.010581050861717997,1.0,1.0,0.0
20274024,exact,random_replay,max_similarity,0.24,0.7896,0.36,1.0,0.04,0.010581050861717997,1.0,1.0,0.0
20274024,exact,random_replay,max_similarity,0.48,1.0,0.0,1.0,0.04,0.010581050861717997,1.0,1.0,0.0
20274024,exact,high_energy,weighted,0.12,0.6504,0.78,1.0,0.04,0.010604342399756104,1.0,1.0,0.0
20274024,exact,high_energy,weighted,0.24,0.7744,0.36,1.0,0.04,0.010604342399756104,1.0,1.0,0.0
20274024,exact,high_energy,weighted,0.48,0.7824,0.32,1.0,0.04,0.010604342399756104,1.0,1.0,0.0
20274024,exact,high_energy,max_similarity,0.12,0.6648000000000001,0.68,1.0,0.04,0.010604342399756104,1.0,1.0,0.0
20274024,exact,high_energy,max_similarity,0.24,0.8024,0.36,1.0,0.04,0.010604342399756104,1.0,1.0,0.0
20274024,exact,high_energy,max_similarity,0.48,1.0,0.0,1.0,0.04,0.010604342399756104,1.0,1.0,0.0
20274024,exact,low_energy,weighted,0.12,0.6519999999999999,0.82,0.96,0.04,0.010581050861717997,1.0,1.0,0.0
20274024,exact,low_energy,weighted,0.24,0.7584,0.36,0.96,0.04,0.010581050861717997,1.0,1.0,0.0
20274024,exact,low_energy,weighted,0.48,0.7824,0.32,0.96,0.04,0.010581050861717997,1.0,1.0,0.0
20274024,exact,low_energy,max_similarity,0.12,0.668,0.68,1.0,0.04,0.010581050861717997,1.0,1.0,0.0
20274024,exact,low_energy,max_similarity,0.24,0.7896,0.36,1.0,0.04,0.010581050861717997,1.0,1.0,0.0
20274024,exact,low_energy,max_similarity,0.48,1.0,0.0,1.0,0.04,0.010581050861717997,1.0,1.0,0.0
20274024,coherent,random_replay,weighted,0.12,0.6240000000000001,0.8,0.92,0.04,0.010893841636076056,1.0,1.0,0.0
20274024,coherent,random_replay,weighted,0.24,0.7575999999999999,0.38,0.92,0.04,0.010893841636076056,1.0,1.0,0.0
20274024,coherent,random_replay,weighted,0.48,0.8079999999999999,0.32,0.92,0.04,0.010893841636076056,1.0,1.0,0.0
20274024,coherent,random_replay,max_similarity,0.12,0.7608,0.66,1.0,0.04,0.010893841636076056,1.0,1.0,0.0
20274024,coherent,random_replay,max_similarity,0.24,0.992,0.04,1.0,0.04,0.010893841636076056,1.0,1.0,0.0
20274024,coherent,random_replay,max_similarity,0.48,1.0,0.0,1.0,0.04,0.010893841636076056,1.0,1.0,0.0
20274024,coherent,high_energy,weighted,0.12,0.6295999999999999,0.82,0.96,0.04,0.010914459338841234,1.0,1.0,0.0
20274024,coherent,high_energy,weighted,0.24,0.7704,0.36,0.96,0.04,0.010914459338841234,1.0,1.0,0.0
20274024,coherent,high_energy,weighted,0.48,0.816,0.32,0.96,0.04,0.010914459338841234,1.0,1.0,0.0
20274024,coherent,high_energy,max_similarity,0.12,0.7608,0.66,1.0,0.04,0.010914459338841234,1.0,1.0,0.0
20274024,coherent,high_energy,max_similarity,0.24,0.992,0.04,1.0,0.04,0.010914459338841234,1.0,1.0,0.0
20274024,coherent,high_energy,max_similarity,0.48,1.0,0.0,1.0,0.04,0.010914459338841234,1.0,1.0,0.0
20274024,coherent,low_energy,weighted,0.12,0.6240000000000001,0.8,0.96,0.04,0.010893841636076056,1.0,1.0,0.0
20274024,coherent,low_energy,weighted,0.24,0.7575999999999999,0.4,0.96,0.04,0.010893841636076056,1.0,1.0,0.0
20274024,coherent,low_energy,weighted,0.48,0.8079999999999999,0.32,0.96,0.04,0.010893841636076056,1.0,1.0,0.0
20274024,coherent,low_energy,max_similarity,0.12,0.7608,0.66,1.0,0.04,0.010893841636076056,1.0,1.0,0.0
20274024,coherent,low_energy,max_similarity,0.24,0.992,0.04,1.0,0.04,0.010893841636076056,1.0,1.0,0.0
20274024,coherent,low_energy,max_similarity,0.48,1.0,0.0,1.0,0.04,0.010893841636076056,1.0,1.0,0.0
20274024,independent,random_replay,weighted,0.12,0.6312,0.8,0.96,0.04,0.010607706025340304,1.0,1.0,0.0
20274024,independent,random_replay,weighted,0.24,0.7592,0.34,0.96,0.04,0.010607706025340304,1.0,1.0,0.0
20274024,independent,random_replay,weighted,0.48,0.7919999999999999,0.32,0.96,0.04,0.010607706025340304,1.0,1.0,0.0
20274024,independent,random_replay,max_similarity,0.12,0.7367999999999999,0.68,1.0,0.04,0.010607706025340304,1.0,1.0,0.0
20274024,independent,random_replay,max_similarity,0.24,0.992,0.04,1.0,0.04,0.010607706025340304,1.0,1.0,0.0
20274024,independent,random_replay,max_similarity,0.48,1.0,0.0,1.0,0.04,0.010607706025340304,1.0,1.0,0.0
20274024,independent,high_energy,weighted,0.12,0.6344,0.78,0.96,0.04,0.010591160508205334,1.0,1.0,0.0
20274024,independent,high_energy,weighted,0.24,0.7744,0.36,0.96,0.04,0.010591160508205334,1.0,1.0,0.0
20274024,independent,high_energy,weighted,0.48,0.7936,0.32,0.96,0.04,0.010591160508205334,1.0,1.0,0.0
20274024,independent,high_energy,max_similarity,0.12,0.736,0.68,1.0,0.04,0.010591160508205334,1.0,1.0,0.0
20274024,independent,high_energy,max_similarity,0.24,0.992,0.04,1.0,0.04,0.010591160508205334,1.0,1.0,0.0
20274024,independent,high_energy,max_similarity,0.48,1.0,0.0,1.0,0.04,0.010591160508205334,1.0,1.0,0.0
20274024,independent,low_energy,weighted,0.12,0.6312,0.8,0.96,0.04,0.010607706025340304,1.0,1.0,0.0
20274024,independent,low_energy,weighted,0.24,0.7592,0.34,0.96,0.04,0.010607706025340304,1.0,1.0,0.0
20274024,independent,low_energy,weighted,0.48,0.7919999999999999,0.32,0.96,0.04,0.010607706025340304,1.0,1.0,0.0
20274024,independent,low_energy,max_similarity,0.12,0.7367999999999999,0.68,1.0,0.04,0.010607706025340304,1.0,1.0,0.0
20274024,independent,low_energy,max_similarity,0.24,0.992,0.04,1.0,0.04,0.010607706025340304,1.0,1.0,0.0
20274024,independent,low_energy,max_similarity,0.48,1.0,0.0,1.0,0.04,0.010607706025340304,1.0,1.0,0.0
20274025,none,no_replay,weighted,0.12,0.7056,0.62,0.92,0.04,0.010707979089023878,1.0,1.0,0.0
20274025,none,no_replay,weighted,0.24,0.9768000000000001,0.08,0.92,0.04,0.010707979089023878,1.0,1.0,0.0
20274025,none,no_replay,weighted,0.48,1.0,0.0,0.92,0.04,0.010707979089023878,1.0,1.0,0.0
20274025,none,no_replay,max_similarity,0.12,0.7576,0.52,0.88,0.04,0.010707979089023878,1.0,1.0,0.0
20274025,none,no_replay,max_similarity,0.24,0.9952,0.02,0.88,0.04,0.010707979089023878,1.0,1.0,0.0
20274025,none,no_replay,max_similarity,0.48,1.0,0.0,0.88,0.04,0.010707979089023878,1.0,1.0,0.0
20274025,exact,random_replay,weighted,0.12,0.6527999999999999,0.72,0.92,0.04,0.010674987480957819,1.0,1.0,0.0
20274025,exact,random_replay,weighted,0.24,0.7584,0.36,0.92,0.04,0.010674987480957819,1.0,1.0,0.0
20274025,exact,random_replay,weighted,0.48,0.7824,0.32,0.92,0.04,0.010674987480957819,1.0,1.0,0.0
20274025,exact,random_replay,max_similarity,0.12,0.6824,0.66,0.92,0.04,0.010674987480957819,1.0,1.0,0.0
20274025,exact,random_replay,max_similarity,0.24,0.7807999999999999,0.34,0.92,0.04,0.010674987480957819,1.0,1.0,0.0
20274025,exact,random_replay,max_similarity,0.48,1.0,0.0,0.92,0.04,0.010674987480957819,1.0,1.0,0.0
20274025,exact,high_energy,weighted,0.12,0.6608,0.62,0.88,0.06,0.010287981001037503,1.0,1.0,0.0
20274025,exact,high_energy,weighted,0.24,0.7744,0.36,0.88,0.06,0.010287981001037503,1.0,1.0,0.0
20274025,exact,high_energy,weighted,0.48,0.7824,0.32,0.88,0.06,0.010287981001037503,1.0,1.0,0.0
20274025,exact,high_energy,max_similarity,0.12,0.68,0.62,0.88,0.06,0.010287981001037503,1.0,1.0,0.0
20274025,exact,high_energy,max_similarity,0.24,0.7799999999999999,0.34,0.88,0.06,0.010287981001037503,1.0,1.0,0.0
20274025,exact,high_energy,max_similarity,0.48,1.0,0.0,0.88,0.06,0.010287981001037503,1.0,1.0,0.0
20274025,exact,low_energy,weighted,0.12,0.6527999999999999,0.72,0.92,0.04,0.010674987480957819,1.0,1.0,0.0
20274025,exact,low_energy,weighted,0.24,0.7584,0.36,0.92,0.04,0.010674987480957819,1.0,1.0,0.0
20274025,exact,low_energy,weighted,0.48,0.7824,0.32,0.92,0.04,0.010674987480957819,1.0,1.0,0.0
20274025,exact,low_energy,max_similarity,0.12,0.6824,0.66,0.92,0.04,0.010674987480957819,1.0,1.0,0.0
20274025,exact,low_energy,max_similarity,0.24,0.7807999999999999,0.34,0.92,0.04,0.010674987480957819,1.0,1.0,0.0
20274025,exact,low_energy,max_similarity,0.48,1.0,0.0,0.92,0.04,0.010674987480957819,1.0,1.0,0.0
20274025,coherent,random_replay,weighted,0.12,0.616,0.66,0.92,0.04,0.011132884831475265,1.0,1.0,0.0
20274025,coherent,random_replay,weighted,0.24,0.7567999999999999,0.36,0.92,0.04,0.011132884831475265,1.0,1.0,0.0
20274025,coherent,random_replay,weighted,0.48,0.8031999999999999,0.3,0.92,0.04,0.011132884831475265,1.0,1.0,0.0
20274025,coherent,random_replay,max_similarity,0.12,0.7576,0.52,0.88,0.04,0.011132884831475265,1.0,1.0,0.0
20274025,coherent,random_replay,max_similarity,0.24,0.9952,0.02,0.88,0.04,0.011132884831475265,1.0,1.0,0.0
20274025,coherent,random_replay,max_similarity,0.48,1.0,0.0,0.88,0.04,0.011132884831475265,1.0,1.0,0.0
20274025,coherent,high_energy,weighted,0.12,0.6319999999999999,0.62,0.84,0.06,0.01074045817447855,1.0,1.0,0.0
20274025,coherent,high_energy,weighted,0.24,0.7704,0.36,0.84,0.06,0.01074045817447855,1.0,1.0,0.0
20274025,coherent,high_energy,weighted,0.48,0.7991999999999999,0.3,0.84,0.06,0.01074045817447855,1.0,1.0,0.0
20274025,coherent,high_energy,max_similarity,0.12,0.7576,0.52,0.88,0.06,0.01074045817447855,1.0,1.0,0.0
20274025,coherent,high_energy,max_similarity,0.24,0.9952,0.02,0.88,0.06,0.01074045817447855,1.0,1.0,0.0
20274025,coherent,high_energy,max_similarity,0.48,1.0,0.0,0.88,0.06,0.01074045817447855,1.0,1.0,0.0
20274025,coherent,low_energy,weighted,0.12,0.616,0.68,0.92,0.04,0.011132884831475265,1.0,1.0,0.0
20274025,coherent,low_energy,weighted,0.24,0.7567999999999999,0.36,0.92,0.04,0.011132884831475265,1.0,1.0,0.0
20274025,coherent,low_energy,weighted,0.48,0.8031999999999999,0.3,0.92,0.04,0.011132884831475265,1.0,1.0,0.0
20274025,coherent,low_energy,max_similarity,0.12,0.7576,0.52,0.88,0.04,0.011132884831475265,1.0,1.0,0.0
20274025,coherent,low_energy,max_similarity,0.24,0.9952,0.02,0.88,0.04,0.011132884831475265,1.0,1.0,0.0
20274025,coherent,low_energy,max_similarity,0.48,1.0,0.0,0.88,0.04,0.011132884831475265,1.0,1.0,0.0
20274025,independent,random_replay,weighted,0.12,0.6295999999999999,0.72,0.92,0.04,0.010739543302986331,1.0,1.0,0.0
20274025,independent,random_replay,weighted,0.24,0.76,0.36,0.92,0.04,0.010739543302986331,1.0,1.0,0.0
20274025,independent,random_replay,weighted,0.48,0.7983999999999999,0.32,0.92,0.04,0.010739543302986331,1.0,1.0,0.0
20274025,independent,random_replay,max_similarity,0.12,0.7272000000000001,0.54,0.88,0.04,0.010739543302986331,1.0,1.0,0.0
20274025,independent,random_replay,max_similarity,0.24,0.9864,0.04,0.88,0.04,0.010739543302986331,1.0,1.0,0.0
20274025,independent,random_replay,max_similarity,0.48,1.0,0.0,0.88,0.04,0.010739543302986331,1.0,1.0,0.0
20274025,independent,high_energy,weighted,0.12,0.6416000000000001,0.64,0.88,0.05,0.010575372994843426,1.0,1.0,0.0
20274025,independent,high_energy,weighted,0.24,0.7727999999999999,0.36,0.88,0.05,0.010575372994843426,1.0,1.0,0.0
20274025,independent,high_energy,weighted,0.48,0.8039999999999999,0.32,0.88,0.05,0.010575372994843426,1.0,1.0,0.0
20274025,independent,high_energy,max_similarity,0.12,0.7272000000000001,0.54,0.88,0.05,0.010575372994843426,1.0,1.0,0.0
20274025,independent,high_energy,max_similarity,0.24,0.9864,0.04,0.88,0.05,0.010575372994843426,1.0,1.0,0.0
20274025,independent,high_energy,max_similarity,0.48,1.0,0.0,0.88,0.05,0.010575372994843426,1.0,1.0,0.0
20274025,independent,low_energy,weighted,0.12,0.6295999999999999,0.72,0.92,0.04,0.010739543302986331,1.0,1.0,0.0
20274025,independent,low_energy,weighted,0.24,0.76,0.36,0.92,0.04,0.010739543302986331,1.0,1.0,0.0
20274025,independent,low_energy,weighted,0.48,0.7983999999999999,0.32,0.92,0.04,0.010739543302986331,1.0,1.0,0.0
20274025,independent,low_energy,max_similarity,0.12,0.7272000000000001,0.54,0.88,0.04,0.010739543302986331,1.0,1.0,0.0
20274025,independent,low_energy,max_similarity,0.24,0.9864,0.04,0.88,0.04,0.010739543302986331,1.0,1.0,0.0
20274025,independent,low_energy,max_similarity,0.48,1.0,0.0,0.88,0.04,0.010739543302986331,1.0,1.0,0.0
20274026,none,no_replay,weighted,0.12,0.7336,0.72,0.96,0.04,0.010577106090995287,1.0,1.0,0.0
20274026,none,no_replay,weighted,0.24,0.972,0.12,0.96,0.04,0.010577106090995287,1.0,1.0,0.0
20274026,none,no_replay,weighted,0.48,1.0,0.0,0.96,0.04,0.010577106090995287,1.0,1.0,0.0
20274026,none,no_replay,max_similarity,0.12,0.8016,0.74,0.96,0.04,0.010577106090995287,1.0,1.0,0.0
20274026,none,no_replay,max_similarity,0.24,0.9928,0.04,0.96,0.04,0.010577106090995287,1.0,1.0,0.0
20274026,none,no_replay,max_similarity,0.48,1.0,0.0,0.96,0.04,0.010577106090995287,1.0,1.0,0.0
20274026,exact,random_replay,weighted,0.12,0.6599999999999999,0.86,0.96,0.04,0.01045967639069463,1.0,1.0,0.0
20274026,exact,random_replay,weighted,0.24,0.7584000000000001,0.4,0.96,0.04,0.01045967639069463,1.0,1.0,0.0
20274026,exact,random_replay,weighted,0.48,0.7824,0.32,0.96,0.04,0.01045967639069463,1.0,1.0,0.0
20274026,exact,random_replay,max_similarity,0.12,0.7024,0.84,1.0,0.04,0.01045967639069463,1.0,1.0,0.0
20274026,exact,random_replay,max_similarity,0.24,0.8208,0.34,1.0,0.04,0.01045967639069463,1.0,1.0,0.0
20274026,exact,random_replay,max_similarity,0.48,1.0,0.0,1.0,0.04,0.01045967639069463,1.0,1.0,0.0
20274026,exact,high_energy,weighted,0.12,0.6616,0.82,1.0,0.04,0.0105173461386491,1.0,1.0,0.0
20274026,exact,high_energy,weighted,0.24,0.7784,0.36,1.0,0.04,0.0105173461386491,1.0,1.0,0.0
20274026,exact,high_energy,weighted,0.48,0.7824,0.32,1.0,0.04,0.0105173461386491,1.0,1.0,0.0
20274026,exact,high_energy,max_similarity,0.12,0.6976,0.84,1.0,0.04,0.0105173461386491,1.0,1.0,0.0
20274026,exact,high_energy,max_similarity,0.24,0.8208,0.34,1.0,0.04,0.0105173461386491,1.0,1.0,0.0
20274026,exact,high_energy,max_similarity,0.48,1.0,0.0,1.0,0.04,0.0105173461386491,1.0,1.0,0.0
20274026,exact,low_energy,weighted,0.12,0.6599999999999999,0.86,0.96,0.04,0.01045967639069463,1.0,1.0,0.0
20274026,exact,low_energy,weighted,0.24,0.7584000000000001,0.4,0.96,0.04,0.01045967639069463,1.0,1.0,0.0
20274026,exact,low_energy,weighted,0.48,0.7824,0.32,0.96,0.04,0.01045967639069463,1.0,1.0,0.0
20274026,exact,low_energy,max_similarity,0.12,0.7024,0.84,1.0,0.04,0.01045967639069463,1.0,1.0,0.0
20274026,exact,low_energy,max_similarity,0.24,0.8208,0.34,1.0,0.04,0.01045967639069463,1.0,1.0,0.0
20274026,exact,low_energy,max_similarity,0.48,1.0,0.0,1.0,0.04,0.01045967639069463,1.0,1.0,0.0
20274026,coherent,random_replay,weighted,0.12,0.6256,0.82,0.96,0.04,0.010756350473871405,1.0,1.0,0.0
20274026,coherent,random_replay,weighted,0.24,0.7535999999999999,0.48,0.96,0.04,0.010756350473871405,1.0,1.0,0.0
20274026,coherent,random_replay,weighted,0.48,0.8615999999999999,0.3,0.96,0.04,0.010756350473871405,1.0,1.0,0.0
20274026,coherent,random_replay,max_similarity,0.12,0.8016,0.74,0.96,0.04,0.010756350473871405,1.0,1.0,0.0
20274026,coherent,random_replay,max_similarity,0.24,0.9928,0.04,0.96,0.04,0.010756350473871405,1.0,1.0,0.0
20274026,coherent,random_replay,max_similarity,0.48,1.0,0.0,0.96,0.04,0.010756350473871405,1.0,1.0,0.0
20274026,coherent,high_energy,weighted,0.12,0.6304,0.82,0.96,0.04,0.010830083235188437,1.0,1.0,0.0
20274026,coherent,high_energy,weighted,0.24,0.7696000000000001,0.36,0.96,0.04,0.010830083235188437,1.0,1.0,0.0
20274026,coherent,high_energy,weighted,0.48,0.8704000000000001,0.28,0.96,0.04,0.010830083235188437,1.0,1.0,0.0
20274026,coherent,high_energy,max_similarity,0.12,0.8016,0.74,0.96,0.04,0.010830083235188437,1.0,1.0,0.0
20274026,coherent,high_energy,max_similarity,0.24,0.9928,0.04,0.96,0.04,0.010830083235188437,1.0,1.0,0.0
20274026,coherent,high_energy,max_similarity,0.48,1.0,0.0,0.96,0.04,0.010830083235188437,1.0,1.0,0.0
20274026,coherent,low_energy,weighted,0.12,0.6256,0.84,0.96,0.04,0.010756350473871405,1.0,1.0,0.0
20274026,coherent,low_energy,weighted,0.24,0.7535999999999999,0.48,0.96,0.04,0.010756350473871405,1.0,1.0,0.0
20274026,coherent,low_energy,weighted,0.48,0.8615999999999999,0.3,0.96,0.04,0.010756350473871405,1.0,1.0,0.0
20274026,coherent,low_energy,max_similarity,0.12,0.8016,0.74,0.96,0.04,0.010756350473871405,1.0,1.0,0.0
20274026,coherent,low_energy,max_similarity,0.24,0.9928,0.04,0.96,0.04,0.010756350473871405,1.0,1.0,0.0
20274026,coherent,low_energy,max_similarity,0.48,1.0,0.0,0.96,0.04,0.010756350473871405,1.0,1.0,0.0
20274026,independent,random_replay,weighted,0.12,0.6327999999999999,0.82,0.96,0.05,0.010467298514859176,1.0,1.0,0.0
20274026,independent,random_replay,weighted,0.24,0.7584000000000001,0.36,0.96,0.05,0.010467298514859176,1.0,1.0,0.0
20274026,independent,random_replay,weighted,0.48,0.8103999999999999,0.32,0.96,0.05,0.010467298514859176,1.0,1.0,0.0
20274026,independent,random_replay,max_similarity,0.12,0.7719999999999999,0.8,0.96,0.05,0.010467298514859176,1.0,1.0,0.0
20274026,independent,random_replay,max_similarity,0.24,0.992,0.04,0.96,0.05,0.010467298514859176,1.0,1.0,0.0
20274026,independent,random_replay,max_similarity,0.48,1.0,0.0,0.96,0.05,0.010467298514859176,1.0,1.0,0.0
20274026,independent,high_energy,weighted,0.12,0.6416000000000001,0.84,1.0,0.05,0.010518225023186716,1.0,1.0,0.0
20274026,independent,high_energy,weighted,0.24,0.7791999999999999,0.36,1.0,0.05,0.010518225023186716,1.0,1.0,0.0
20274026,independent,high_energy,weighted,0.48,0.8248,0.3,1.0,0.05,0.010518225023186716,1.0,1.0,0.0
20274026,independent,high_energy,max_similarity,0.12,0.7719999999999999,0.8,0.96,0.05,0.010518225023186716,1.0,1.0,0.0
20274026,independent,high_energy,max_similarity,0.24,0.992,0.04,0.96,0.05,0.010518225023186716,1.0,1.0,0.0
20274026,independent,high_energy,max_similarity,0.48,1.0,0.0,0.96,0.05,0.010518225023186716,1.0,1.0,0.0
20274026,independent,low_energy,weighted,0.12,0.6327999999999999,0.82,0.96,0.05,0.010467298514859176,1.0,1.0,0.0
20274026,independent,low_energy,weighted,0.24,0.7584000000000001,0.36,0.96,0.05,0.010467298514859176,1.0,1.0,0.0
20274026,independent,low_energy,weighted,0.48,0.8103999999999999,0.32,0.96,0.05,0.010467298514859176,1.0,1.0,0.0
20274026,independent,low_energy,max_similarity,0.12,0.7719999999999999,0.8,0.96,0.05,0.010467298514859176,1.0,1.0,0.0
20274026,independent,low_energy,max_similarity,0.24,0.992,0.04,0.96,0.05,0.010467298514859176,1.0,1.0,0.0
20274026,independent,low_energy,max_similarity,0.48,1.0,0.0,0.96,0.05,0.010467298514859176,1.0,1.0,0.0
20274027,none,no_replay,weighted,0.12,0.728,0.56,0.84,0.04,0.010743371397819619,1.0,1.0,0.0
20274027,none,no_replay,weighted,0.24,0.9767999999999999,0.02,0.84,0.04,0.010743371397819619,1.0,1.0,0.0
20274027,none,no_replay,weighted,0.48,1.0,0.0,0.84,0.04,0.010743371397819619,1.0,1.0,0.0
20274027,none,no_replay,max_similarity,0.12,0.7432,0.44,0.8,0.04,0.010743371397819619,1.0,1.0,0.0
20274027,none,no_replay,max_similarity,0.24,0.9896,0.0,0.8,0.04,0.010743371397819619,1.0,1.0,0.0
20274027,none,no_replay,max_similarity,0.48,1.0,0.0,0.8,0.04,0.010743371397819619,1.0,1.0,0.0
20274027,exact,random_replay,weighted,0.12,0.6592,0.7,0.88,0.04,0.010556000092922943,1.0,1.0,0.0
20274027,exact,random_replay,weighted,0.24,0.7592,0.32,0.88,0.04,0.010556000092922943,1.0,1.0,0.0
20274027,exact,random_replay,weighted,0.48,0.7824,0.32,0.88,0.04,0.010556000092922943,1.0,1.0,0.0
20274027,exact,random_replay,max_similarity,0.12,0.6648000000000001,0.56,0.8,0.04,0.010556000092922943,1.0,1.0,0.0
20274027,exact,random_replay,max_similarity,0.24,0.7776000000000001,0.32,0.8,0.04,0.010556000092922943,1.0,1.0,0.0
20274027,exact,random_replay,max_similarity,0.48,1.0,0.0,0.8,0.04,0.010556000092922943,1.0,1.0,0.0
20274027,exact,high_energy,weighted,0.12,0.6671999999999999,0.58,0.84,0.06,0.010187720719156291,1.0,1.0,0.0
20274027,exact,high_energy,weighted,0.24,0.7816,0.32,0.84,0.06,0.010187720719156291,1.0,1.0,0.0
20274027,exact,high_energy,weighted,0.48,0.7824,0.32,0.84,0.06,0.010187720719156291,1.0,1.0,0.0
20274027,exact,high_energy,max_similarity,0.12,0.66,0.58,0.8,0.06,0.010187720719156291,1.0,1.0,0.0
20274027,exact,high_energy,max_similarity,0.24,0.7776000000000001,0.32,0.8,0.06,0.010187720719156291,1.0,1.0,0.0
20274027,exact,high_energy,max_similarity,0.48,1.0,0.0,0.8,0.06,0.010187720719156291,1.0,1.0,0.0
20274027,exact,low_energy,weighted,0.12,0.6592,0.7,0.88,0.04,0.010556000092922943,1.0,1.0,0.0
20274027,exact,low_energy,weighted,0.24,0.7592,0.32,0.88,0.04,0.010556000092922943,1.0,1.0,0.0
20274027,exact,low_energy,weighted,0.48,0.7824,0.32,0.88,0.04,0.010556000092922943,1.0,1.0,0.0
20274027,exact,low_energy,max_similarity,0.12,0.6648000000000001,0.56,0.8,0.04,0.010556000092922943,1.0,1.0,0.0
20274027,exact,low_energy,max_similarity,0.24,0.7776000000000001,0.32,0.8,0.04,0.010556000092922943,1.0,1.0,0.0
20274027,exact,low_energy,max_similarity,0.48,1.0,0.0,0.8,0.04,0.010556000092922943,1.0,1.0,0.0
20274027,coherent,random_replay,weighted,0.12,0.6144,0.74,0.92,0.04,0.010878022043850853,1.0,1.0,0.0
20274027,coherent,random_replay,weighted,0.24,0.7536,0.34,0.92,0.04,0.010878022043850853,1.0,1.0,0.0
20274027,coherent,random_replay,weighted,0.48,0.8263999999999999,0.28,0.92,0.04,0.010878022043850853,1.0,1.0,0.0
20274027,coherent,random_replay,max_similarity,0.12,0.7432,0.44,0.8,0.04,0.010878022043850853,1.0,1.0,0.0
20274027,coherent,random_replay,max_similarity,0.24,0.9896,0.0,0.8,0.04,0.010878022043850853,1.0,1.0,0.0
20274027,coherent,random_replay,max_similarity,0.48,1.0,0.0,0.8,0.04,0.010878022043850853,1.0,1.0,0.0
20274027,coherent,high_energy,weighted,0.12,0.6288,0.64,0.84,0.06,0.010556927582940688,1.0,1.0,0.0
20274027,coherent,high_energy,weighted,0.24,0.7752000000000001,0.32,0.84,0.06,0.010556927582940688,1.0,1.0,0.0
20274027,coherent,high_energy,weighted,0.48,0.8535999999999999,0.22,0.84,0.06,0.010556927582940688,1.0,1.0,0.0
20274027,coherent,high_energy,max_similarity,0.12,0.7432,0.44,0.8,0.06,0.010556927582940688,1.0,1.0,0.0
20274027,coherent,high_energy,max_similarity,0.24,0.9896,0.0,0.8,0.06,0.010556927582940688,1.0,1.0,0.0
20274027,coherent,high_energy,max_similarity,0.48,1.0,0.0,0.8,0.06,0.010556927582940688,1.0,1.0,0.0
20274027,coherent,low_energy,weighted,0.12,0.6144,0.74,0.92,0.04,0.010878022043850853,1.0,1.0,0.0
20274027,coherent,low_energy,weighted,0.24,0.7536,0.36,0.92,0.04,0.010878022043850853,1.0,1.0,0.0
20274027,coherent,low_energy,weighted,0.48,0.8263999999999999,0.28,0.92,0.04,0.010878022043850853,1.0,1.0,0.0
20274027,coherent,low_energy,max_similarity,0.12,0.7432,0.44,0.8,0.04,0.010878022043850853,1.0,1.0,0.0
20274027,coherent,low_energy,max_similarity,0.24,0.9896,0.0,0.8,0.04,0.010878022043850853,1.0,1.0,0.0
20274027,coherent,low_energy,max_similarity,0.48,1.0,0.0,0.8,0.04,0.010878022043850853,1.0,1.0,0.0
20274027,independent,random_replay,weighted,0.12,0.6272,0.74,0.88,0.04,0.010560739471913539,1.0,1.0,0.0
20274027,independent,random_replay,weighted,0.24,0.7568,0.34,0.88,0.04,0.010560739471913539,1.0,1.0,0.0
20274027,independent,random_replay,weighted,0.48,0.7976,0.3,0.88,0.04,0.010560739471913539,1.0,1.0,0.0
20274027,independent,random_replay,max_similarity,0.12,0.7048,0.52,0.8,0.04,0.010560739471913539,1.0,1.0,0.0
20274027,independent,random_replay,max_similarity,0.24,0.9848,0.0,0.8,0.04,0.010560739471913539,1.0,1.0,0.0
20274027,independent,random_replay,max_similarity,0.48,1.0,0.0,0.8,0.04,0.010560739471913539,1.0,1.0,0.0
20274027,independent,high_energy,weighted,0.12,0.6416,0.64,0.84,0.06,0.010189213831731643,1.0,1.0,0.0
20274027,independent,high_energy,weighted,0.24,0.7792,0.32,0.84,0.06,0.010189213831731643,1.0,1.0,0.0
20274027,independent,high_energy,weighted,0.48,0.8096,0.28,0.84,0.06,0.010189213831731643,1.0,1.0,0.0
20274027,independent,high_energy,max_similarity,0.12,0.7008,0.54,0.8,0.06,0.010189213831731643,1.0,1.0,0.0
20274027,independent,high_energy,max_similarity,0.24,0.9848,0.0,0.8,0.06,0.010189213831731643,1.0,1.0,0.0
20274027,independent,high_energy,max_similarity,0.48,1.0,0.0,0.8,0.06,0.010189213831731643,1.0,1.0,0.0
20274027,independent,low_energy,weighted,0.12,0.6272,0.74,0.88,0.04,0.010560739471913539,1.0,1.0,0.0
20274027,independent,low_energy,weighted,0.24,0.7568,0.34,0.88,0.04,0.010560739471913539,1.0,1.0,0.0
20274027,independent,low_energy,weighted,0.48,0.7976,0.3,0.88,0.04,0.010560739471913539,1.0,1.0,0.0
20274027,independent,low_energy,max_similarity,0.12,0.7048,0.52,0.8,0.04,0.010560739471913539,1.0,1.0,0.0
20274027,independent,low_energy,max_similarity,0.24,0.9848,0.0,0.8,0.04,0.010560739471913539,1.0,1.0,0.0
20274027,independent,low_energy,max_similarity,0.48,1.0,0.0,0.8,0.04,0.010560739471913539,1.0,1.0,0.0
20274028,none,no_replay,weighted,0.12,0.7343999999999999,0.64,0.92,0.04,0.010670532220179593,1.0,1.0,0.0
20274028,none,no_replay,weighted,0.24,0.9655999999999999,0.06,0.92,0.04,0.010670532220179593,1.0,1.0,0.0
20274028,none,no_replay,weighted,0.48,1.0,0.0,0.92,0.04,0.010670532220179593,1.0,1.0,0.0
20274028,none,no_replay,max_similarity,0.12,0.76,0.6,0.92,0.04,0.010670532220179593,1.0,1.0,0.0
20274028,none,no_replay,max_similarity,0.24,0.9904000000000001,0.02,0.92,0.04,0.010670532220179593,1.0,1.0,0.0
20274028,none,no_replay,max_similarity,0.48,1.0,0.0,0.92,0.04,0.010670532220179593,1.0,1.0,0.0
20274028,exact,random_replay,weighted,0.12,0.6679999999999999,0.7,0.92,0.04,0.01061989714984247,1.0,1.0,0.0
20274028,exact,random_replay,weighted,0.24,0.7559999999999999,0.34,0.92,0.04,0.01061989714984247,1.0,1.0,0.0
20274028,exact,random_replay,weighted,0.48,0.7824,0.32,0.92,0.04,0.01061989714984247,1.0,1.0,0.0
20274028,exact,random_replay,max_similarity,0.12,0.6808000000000001,0.66,0.92,0.04,0.01061989714984247,1.0,1.0,0.0
20274028,exact,random_replay,max_similarity,0.24,0.7792,0.32,0.92,0.04,0.01061989714984247,1.0,1.0,0.0
20274028,exact,random_replay,max_similarity,0.48,1.0,0.0,0.92,0.04,0.01061989714984247,1.0,1.0,0.0
20274028,exact,high_energy,weighted,0.12,0.6736,0.72,0.88,0.05,0.010436025725486074,1.0,1.0,0.0
20274028,exact,high_energy,weighted,0.24,0.7816,0.32,0.88,0.05,0.010436025725486074,1.0,1.0,0.0
20274028,exact,high_energy,weighted,0.48,0.7824,0.32,0.88,0.05,0.010436025725486074,1.0,1.0,0.0
20274028,exact,high_energy,max_similarity,0.12,0.6912,0.68,0.96,0.05,0.010436025725486074,1.0,1.0,0.0
20274028,exact,high_energy,max_similarity,0.24,0.7807999999999999,0.32,0.96,0.05,0.010436025725486074,1.0,1.0,0.0
20274028,exact,high_energy,max_similarity,0.48,1.0,0.0,0.96,0.05,0.010436025725486074,1.0,1.0,0.0
20274028,exact,low_energy,weighted,0.12,0.6679999999999999,0.7,0.92,0.04,0.01061989714984247,1.0,1.0,0.0
20274028,exact,low_energy,weighted,0.24,0.7559999999999999,0.34,0.92,0.04,0.01061989714984247,1.0,1.0,0.0
20274028,exact,low_energy,weighted,0.48,0.7824,0.32,0.92,0.04,0.01061989714984247,1.0,1.0,0.0
20274028,exact,low_energy,max_similarity,0.12,0.6808000000000001,0.66,0.92,0.04,0.01061989714984247,1.0,1.0,0.0
20274028,exact,low_energy,max_similarity,0.24,0.7792,0.32,0.92,0.04,0.01061989714984247,1.0,1.0,0.0
20274028,exact,low_energy,max_similarity,0.48,1.0,0.0,0.92,0.04,0.01061989714984247,1.0,1.0,0.0
20274028,coherent,random_replay,weighted,0.12,0.6312,0.7,0.88,0.04,0.011014993048125905,1.0,1.0,0.0
20274028,coherent,random_replay,weighted,0.24,0.7528,0.36,0.88,0.04,0.011014993048125905,1.0,1.0,0.0
20274028,coherent,random_replay,weighted,0.48,0.7984,0.32,0.88,0.04,0.011014993048125905,1.0,1.0,0.0
20274028,coherent,random_replay,max_similarity,0.12,0.76,0.6,0.92,0.04,0.011014993048125905,1.0,1.0,0.0
20274028,coherent,random_replay,max_similarity,0.24,0.9904000000000001,0.02,0.92,0.04,0.011014993048125905,1.0,1.0,0.0
20274028,coherent,random_replay,max_similarity,0.48,1.0,0.0,0.92,0.04,0.011014993048125905,1.0,1.0,0.0
20274028,coherent,high_energy,weighted,0.12,0.6424,0.7,0.92,0.05,0.010830164347715013,1.0,1.0,0.0
20274028,coherent,high_energy,weighted,0.24,0.772,0.32,0.92,0.05,0.010830164347715013,1.0,1.0,0.0
20274028,coherent,high_energy,weighted,0.48,0.8264,0.28,0.92,0.05,0.010830164347715013,1.0,1.0,0.0
20274028,coherent,high_energy,max_similarity,0.12,0.76,0.6,0.92,0.05,0.010830164347715013,1.0,1.0,0.0
20274028,coherent,high_energy,max_similarity,0.24,0.9904000000000001,0.02,0.92,0.05,0.010830164347715013,1.0,1.0,0.0
20274028,coherent,high_energy,max_similarity,0.48,1.0,0.0,0.92,0.05,0.010830164347715013,1.0,1.0,0.0
20274028,coherent,low_energy,weighted,0.12,0.6312,0.72,0.92,0.04,0.011014993048125905,1.0,1.0,0.0
20274028,coherent,low_energy,weighted,0.24,0.7528,0.38,0.92,0.04,0.011014993048125905,1.0,1.0,0.0
20274028,coherent,low_energy,weighted,0.48,0.7984,0.32,0.92,0.04,0.011014993048125905,1.0,1.0,0.0
20274028,coherent,low_energy,max_similarity,0.12,0.76,0.6,0.92,0.04,0.011014993048125905,1.0,1.0,0.0
20274028,coherent,low_energy,max_similarity,0.24,0.9904000000000001,0.02,0.92,0.04,0.011014993048125905,1.0,1.0,0.0
20274028,coherent,low_energy,max_similarity,0.48,1.0,0.0,0.92,0.04,0.011014993048125905,1.0,1.0,0.0
20274028,independent,random_replay,weighted,0.12,0.6488,0.7,0.92,0.04,0.010610835072968568,1.0,1.0,0.0
20274028,independent,random_replay,weighted,0.24,0.7552,0.34,0.92,0.04,0.010610835072968568,1.0,1.0,0.0
20274028,independent,random_replay,weighted,0.48,0.7928,0.32,0.92,0.04,0.010610835072968568,1.0,1.0,0.0
20274028,independent,random_replay,max_similarity,0.12,0.744,0.64,0.92,0.04,0.010610835072968568,1.0,1.0,0.0
20274028,independent,random_replay,max_similarity,0.24,0.9904000000000001,0.02,0.92,0.04,0.010610835072968568,1.0,1.0,0.0
20274028,independent,random_replay,max_similarity,0.48,1.0,0.0,0.92,0.04,0.010610835072968568,1.0,1.0,0.0
20274028,independent,high_energy,weighted,0.12,0.6504000000000001,0.72,0.88,0.05,0.010446085086687564,1.0,1.0,0.0
20274028,independent,high_energy,weighted,0.24,0.7776,0.32,0.88,0.05,0.010446085086687564,1.0,1.0,0.0
20274028,independent,high_energy,weighted,0.48,0.8096,0.28,0.88,0.05,0.010446085086687564,1.0,1.0,0.0
20274028,independent,high_energy,max_similarity,0.12,0.744,0.64,0.92,0.05,0.010446085086687564,1.0,1.0,0.0
20274028,independent,high_energy,max_similarity,0.24,0.9904000000000001,0.02,0.92,0.05,0.010446085086687564,1.0,1.0,0.0
20274028,independent,high_energy,max_similarity,0.48,1.0,0.0,0.92,0.05,0.010446085086687564,1.0,1.0,0.0
20274028,independent,low_energy,weighted,0.12,0.6488,0.7,0.92,0.04,0.010610835072968568,1.0,1.0,0.0
20274028,independent,low_energy,weighted,0.24,0.7552,0.34,0.92,0.04,0.010610835072968568,1.0,1.0,0.0
20274028,independent,low_energy,weighted,0.48,0.7928,0.32,0.92,0.04,0.010610835072968568,1.0,1.0,0.0
20274028,independent,low_energy,max_similarity,0.12,0.744,0.64,0.92,0.04,0.010610835072968568,1.0,1.0,0.0
20274028,independent,low_energy,max_similarity,0.24,0.9904000000000001,0.02,0.92,0.04,0.010610835072968568,1.0,1.0,0.0
20274028,independent,low_energy,max_similarity,0.48,1.0,0.0,0.92,0.04,0.010610835072968568,1.0,1.0,0.0
20274029,none,no_replay,weighted,0.12,0.756,0.78,0.92,0.04,0.010562414671011535,1.0,1.0,0.0
20274029,none,no_replay,weighted,0.24,0.9848000000000001,0.06,0.92,0.04,0.010562414671011535,1.0,1.0,0.0
20274029,none,no_replay,weighted,0.48,1.0,0.0,0.92,0.04,0.010562414671011535,1.0,1.0,0.0
20274029,none,no_replay,max_similarity,0.12,0.7696000000000001,0.66,0.88,0.04,0.010562414671011535,1.0,1.0,0.0
20274029,none,no_replay,max_similarity,0.24,0.9928,0.02,0.88,0.04,0.010562414671011535,1.0,1.0,0.0
20274029,none,no_replay,max_similarity,0.48,1.0,0.0,0.88,0.04,0.010562414671011535,1.0,1.0,0.0
20274029,exact,random_replay,weighted,0.12,0.6608,0.76,0.92,0.04,0.010563735136354873,1.0,1.0,0.0
20274029,exact,random_replay,weighted,0.24,0.7608,0.34,0.92,0.04,0.010563735136354873,1.0,1.0,0.0
20274029,exact,random_replay,weighted,0.48,0.7824,0.32,0.92,0.04,0.010563735136354873,1.0,1.0,0.0
20274029,exact,random_replay,max_similarity,0.12,0.6848,0.76,0.88,0.04,0.010563735136354873,1.0,1.0,0.0
20274029,exact,random_replay,max_similarity,0.24,0.7807999999999999,0.32,0.88,0.04,0.010563735136354873,1.0,1.0,0.0
20274029,exact,random_replay,max_similarity,0.48,1.0,0.0,0.88,0.04,0.010563735136354873,1.0,1.0,0.0
20274029,exact,high_energy,weighted,0.12,0.6736,0.76,0.92,0.04,0.010590133337152956,1.0,1.0,0.0
20274029,exact,high_energy,weighted,0.24,0.7752000000000001,0.34,0.92,0.04,0.010590133337152956,1.0,1.0,0.0
20274029,exact,high_energy,weighted,0.48,0.7824,0.32,0.92,0.04,0.010590133337152956,1.0,1.0,0.0
20274029,exact,high_energy,max_similarity,0.12,0.688,0.72,0.88,0.04,0.010590133337152956,1.0,1.0,0.0
20274029,exact,high_energy,max_similarity,0.24,0.7824,0.32,0.88,0.04,0.010590133337152956,1.0,1.0,0.0
20274029,exact,high_energy,max_similarity,0.48,1.0,0.0,0.88,0.04,0.010590133337152956,1.0,1.0,0.0
20274029,exact,low_energy,weighted,0.12,0.6608,0.76,0.92,0.04,0.010563735136354873,1.0,1.0,0.0
20274029,exact,low_energy,weighted,0.24,0.7608,0.34,0.92,0.04,0.010563735136354873,1.0,1.0,0.0
20274029,exact,low_energy,weighted,0.48,0.7824,0.32,0.92,0.04,0.010563735136354873,1.0,1.0,0.0
20274029,exact,low_energy,max_similarity,0.12,0.6848,0.76,0.88,0.04,0.010563735136354873,1.0,1.0,0.0
20274029,exact,low_energy,max_similarity,0.24,0.7807999999999999,0.32,0.88,0.04,0.010563735136354873,1.0,1.0,0.0
20274029,exact,low_energy,max_similarity,0.48,1.0,0.0,0.88,0.04,0.010563735136354873,1.0,1.0,0.0
20274029,coherent,random_replay,weighted,0.12,0.6248,0.78,0.92,0.04,0.010861208113550038,1.0,1.0,0.0
20274029,coherent,random_replay,weighted,0.24,0.7616,0.36,0.92,0.04,0.010861208113550038,1.0,1.0,0.0
20274029,coherent,random_replay,weighted,0.48,0.7991999999999999,0.3,0.92,0.04,0.010861208113550038,1.0,1.0,0.0
20274029,coherent,random_replay,max_similarity,0.12,0.7696000000000001,0.66,0.88,0.04,0.010861208113550038,1.0,1.0,0.0
20274029,coherent,random_replay,max_similarity,0.24,0.9928,0.02,0.88,0.04,0.010861208113550038,1.0,1.0,0.0
20274029,coherent,random_replay,max_similarity,0.48,1.0,0.0,0.88,0.04,0.010861208113550038,1.0,1.0,0.0
20274029,coherent,high_energy,weighted,0.12,0.6432,0.74,0.92,0.04,0.010856952705308644,1.0,1.0,0.0
20274029,coherent,high_energy,weighted,0.24,0.7736000000000001,0.34,0.92,0.04,0.010856952705308644,1.0,1.0,0.0
20274029,coherent,high_energy,weighted,0.48,0.7984,0.32,0.92,0.04,0.010856952705308644,1.0,1.0,0.0
20274029,coherent,high_energy,max_similarity,0.12,0.7696000000000001,0.66,0.88,0.04,0.010856952705308644,1.0,1.0,0.0
20274029,coherent,high_energy,max_similarity,0.24,0.9928,0.02,0.88,0.04,0.010856952705308644,1.0,1.0,0.0
20274029,coherent,high_energy,max_similarity,0.48,1.0,0.0,0.88,0.04,0.010856952705308644,1.0,1.0,0.0
20274029,coherent,low_energy,weighted,0.12,0.6248,0.8,0.92,0.04,0.010861208113550038,1.0,1.0,0.0
20274029,coherent,low_energy,weighted,0.24,0.7616,0.38,0.92,0.04,0.010861208113550038,1.0,1.0,0.0
20274029,coherent,low_energy,weighted,0.48,0.7991999999999999,0.3,0.92,0.04,0.010861208113550038,1.0,1.0,0.0
20274029,coherent,low_energy,max_similarity,0.12,0.7696000000000001,0.66,0.88,0.04,0.010861208113550038,1.0,1.0,0.0
20274029,coherent,low_energy,max_similarity,0.24,0.9928,0.02,0.88,0.04,0.010861208113550038,1.0,1.0,0.0
20274029,coherent,low_energy,max_similarity,0.48,1.0,0.0,0.88,0.04,0.010861208113550038,1.0,1.0,0.0
20274029,independent,random_replay,weighted,0.12,0.6439999999999999,0.76,0.92,0.04,0.010539572974017562,1.0,1.0,0.0
20274029,independent,random_replay,weighted,0.24,0.7632,0.34,0.92,0.04,0.010539572974017562,1.0,1.0,0.0
20274029,independent,random_replay,weighted,0.48,0.7991999999999999,0.3,0.92,0.04,0.010539572974017562,1.0,1.0,0.0
20274029,independent,random_replay,max_similarity,0.12,0.7472,0.72,0.88,0.04,0.010539572974017562,1.0,1.0,0.0
20274029,independent,random_replay,max_similarity,0.24,0.988,0.02,0.88,0.04,0.010539572974017562,1.0,1.0,0.0
20274029,independent,random_replay,max_similarity,0.48,1.0,0.0,0.88,0.04,0.010539572974017562,1.0,1.0,0.0
20274029,independent,high_energy,weighted,0.12,0.6584,0.76,0.96,0.04,0.010570709924985378,1.0,1.0,0.0
20274029,independent,high_energy,weighted,0.24,0.7767999999999999,0.34,0.96,0.04,0.010570709924985378,1.0,1.0,0.0
20274029,independent,high_energy,weighted,0.48,0.7944,0.32,0.96,0.04,0.010570709924985378,1.0,1.0,0.0
20274029,independent,high_energy,max_similarity,0.12,0.7455999999999999,0.72,0.88,0.04,0.010570709924985378,1.0,1.0,0.0
20274029,independent,high_energy,max_similarity,0.24,0.988,0.02,0.88,0.04,0.010570709924985378,1.0,1.0,0.0
20274029,independent,high_energy,max_similarity,0.48,1.0,0.0,0.88,0.04,0.010570709924985378,1.0,1.0,0.0
20274029,independent,low_energy,weighted,0.12,0.6439999999999999,0.76,0.92,0.04,0.010539572974017562,1.0,1.0,0.0
20274029,independent,low_energy,weighted,0.24,0.7632,0.34,0.92,0.04,0.010539572974017562,1.0,1.0,0.0
20274029,independent,low_energy,weighted,0.48,0.7991999999999999,0.3,0.92,0.04,0.010539572974017562,1.0,1.0,0.0
20274029,independent,low_energy,max_similarity,0.12,0.7472,0.72,0.88,0.04,0.010539572974017562,1.0,1.0,0.0
20274029,independent,low_energy,max_similarity,0.24,0.988,0.02,0.88,0.04,0.010539572974017562,1.0,1.0,0.0
20274029,independent,low_energy,max_similarity,0.48,1.0,0.0,0.88,0.04,0.010539572974017562,1.0,1.0,0.0
20274030,none,no_replay,weighted,0.12,0.7968,0.8,0.92,0.04,0.010545385905426873,1.0,1.0,0.0
20274030,none,no_replay,weighted,0.24,0.9704,0.08,0.92,0.04,0.010545385905426873,1.0,1.0,0.0
20274030,none,no_replay,weighted,0.48,1.0,0.0,0.92,0.04,0.010545385905426873,1.0,1.0,0.0
20274030,none,no_replay,max_similarity,0.12,0.8,0.72,0.88,0.04,0.010545385905426873,1.0,1.0,0.0
20274030,none,no_replay,max_similarity,0.24,0.996,0.0,0.88,0.04,0.010545385905426873,1.0,1.0,0.0
20274030,none,no_replay,max_similarity,0.48,1.0,0.0,0.88,0.04,0.010545385905426873,1.0,1.0,0.0
20274030,exact,random_replay,weighted,0.12,0.6608,0.78,0.88,0.04,0.010565175038034948,1.0,1.0,0.0
20274030,exact,random_replay,weighted,0.24,0.7496,0.4,0.88,0.04,0.010565175038034948,1.0,1.0,0.0
20274030,exact,random_replay,weighted,0.48,0.7824,0.32,0.88,0.04,0.010565175038034948,1.0,1.0,0.0
20274030,exact,random_replay,max_similarity,0.12,0.6696000000000001,0.72,0.88,0.04,0.010565175038034948,1.0,1.0,0.0
20274030,exact,random_replay,max_similarity,0.24,0.7912,0.32,0.88,0.04,0.010565175038034948,1.0,1.0,0.0
20274030,exact,random_replay,max_similarity,0.48,1.0,0.0,0.88,0.04,0.010565175038034948,1.0,1.0,0.0
20274030,exact,high_energy,weighted,0.12,0.672,0.8,0.92,0.05,0.010358272766098311,1.0,1.0,0.0
20274030,exact,high_energy,weighted,0.24,0.7736000000000001,0.36,0.92,0.05,0.010358272766098311,1.0,1.0,0.0
20274030,exact,high_energy,weighted,0.48,0.7824,0.32,0.92,0.05,0.010358272766098311,1.0,1.0,0.0
20274030,exact,high_energy,max_similarity,0.12,0.6824,0.76,0.92,0.05,0.010358272766098311,1.0,1.0,0.0
20274030,exact,high_energy,max_similarity,0.24,0.792,0.32,0.92,0.05,0.010358272766098311,1.0,1.0,0.0
20274030,exact,high_energy,max_similarity,0.48,1.0,0.0,0.92,0.05,0.010358272766098311,1.0,1.0,0.0
20274030,exact,low_energy,weighted,0.12,0.6608,0.78,0.88,0.04,0.010565175038034948,1.0,1.0,0.0
20274030,exact,low_energy,weighted,0.24,0.7496,0.4,0.88,0.04,0.010565175038034948,1.0,1.0,0.0
20274030,exact,low_energy,weighted,0.48,0.7824,0.32,0.88,0.04,0.010565175038034948,1.0,1.0,0.0
20274030,exact,low_energy,max_similarity,0.12,0.6696000000000001,0.72,0.88,0.04,0.010565175038034948,1.0,1.0,0.0
20274030,exact,low_energy,max_similarity,0.24,0.7912,0.32,0.88,0.04,0.010565175038034948,1.0,1.0,0.0
20274030,exact,low_energy,max_similarity,0.48,1.0,0.0,0.88,0.04,0.010565175038034948,1.0,1.0,0.0
20274030,coherent,random_replay,weighted,0.12,0.6360000000000001,0.76,0.92,0.04,0.010844887130462257,1.0,1.0,0.0
20274030,coherent,random_replay,weighted,0.24,0.7495999999999999,0.42,0.92,0.04,0.010844887130462257,1.0,1.0,0.0
20274030,coherent,random_replay,weighted,0.48,0.8088,0.3,0.92,0.04,0.010844887130462257,1.0,1.0,0.0
20274030,coherent,random_replay,max_similarity,0.12,0.8,0.72,0.88,0.04,0.010844887130462257,1.0,1.0,0.0
20274030,coherent,random_replay,max_similarity,0.24,0.996,0.0,0.88,0.04,0.010844887130462257,1.0,1.0,0.0
20274030,coherent,random_replay,max_similarity,0.48,1.0,0.0,0.88,0.04,0.010844887130462257,1.0,1.0,0.0
20274030,coherent,high_energy,weighted,0.12,0.6432,0.78,0.92,0.04,0.010820500683122663,1.0,1.0,0.0
20274030,coherent,high_energy,weighted,0.24,0.772,0.4,0.92,0.04,0.010820500683122663,1.0,1.0,0.0
20274030,coherent,high_energy,weighted,0.48,0.8223999999999999,0.28,0.92,0.04,0.010820500683122663,1.0,1.0,0.0
20274030,coherent,high_energy,max_similarity,0.12,0.8,0.72,0.88,0.04,0.010820500683122663,1.0,1.0,0.0
20274030,coherent,high_energy,max_similarity,0.24,0.996,0.0,0.88,0.04,0.010820500683122663,1.0,1.0,0.0
20274030,coherent,high_energy,max_similarity,0.48,1.0,0.0,0.88,0.04,0.010820500683122663,1.0,1.0,0.0
20274030,coherent,low_energy,weighted,0.12,0.6360000000000001,0.76,0.92,0.04,0.010844887130462257,1.0,1.0,0.0
20274030,coherent,low_energy,weighted,0.24,0.7495999999999999,0.44,0.92,0.04,0.010844887130462257,1.0,1.0,0.0
20274030,coherent,low_energy,weighted,0.48,0.8088,0.3,0.92,0.04,0.010844887130462257,1.0,1.0,0.0
20274030,coherent,low_energy,max_similarity,0.12,0.8,0.72,0.88,0.04,0.010844887130462257,1.0,1.0,0.0
20274030,coherent,low_energy,max_similarity,0.24,0.996,0.0,0.88,0.04,0.010844887130462257,1.0,1.0,0.0
20274030,coherent,low_energy,max_similarity,0.48,1.0,0.0,0.88,0.04,0.010844887130462257,1.0,1.0,0.0
20274030,independent,random_replay,weighted,0.12,0.6456000000000001,0.78,0.88,0.04,0.010549342784480508,1.0,1.0,0.0
20274030,independent,random_replay,weighted,0.24,0.7504000000000001,0.4,0.88,0.04,0.010549342784480508,1.0,1.0,0.0
20274030,independent,random_replay,weighted,0.48,0.8008,0.32,0.88,0.04,0.010549342784480508,1.0,1.0,0.0
20274030,independent,random_replay,max_similarity,0.12,0.7856000000000001,0.78,0.88,0.04,0.010549342784480508,1.0,1.0,0.0
20274030,independent,random_replay,max_similarity,0.24,0.9952,0.0,0.88,0.04,0.010549342784480508,1.0,1.0,0.0
20274030,independent,random_replay,max_similarity,0.48,1.0,0.0,0.88,0.04,0.010549342784480508,1.0,1.0,0.0
20274030,independent,high_energy,weighted,0.12,0.6536,0.78,0.92,0.05,0.01034036811822828,1.0,1.0,0.0
20274030,independent,high_energy,weighted,0.24,0.772,0.4,0.92,0.05,0.01034036811822828,1.0,1.0,0.0
20274030,independent,high_energy,weighted,0.48,0.8248,0.3,0.92,0.05,0.01034036811822828,1.0,1.0,0.0
20274030,independent,high_energy,max_similarity,0.12,0.7856000000000001,0.78,0.88,0.05,0.01034036811822828,1.0,1.0,0.0
20274030,independent,high_energy,max_similarity,0.24,0.9952,0.0,0.88,0.05,0.01034036811822828,1.0,1.0,0.0
20274030,independent,high_energy,max_similarity,0.48,1.0,0.0,0.88,0.05,0.01034036811822828,1.0,1.0,0.0
20274030,independent,low_energy,weighted,0.12,0.6456000000000001,0.78,0.88,0.04,0.010549342784480508,1.0,1.0,0.0
20274030,independent,low_energy,weighted,0.24,0.7504000000000001,0.4,0.88,0.04,0.010549342784480508,1.0,1.0,0.0
20274030,independent,low_energy,weighted,0.48,0.8008,0.32,0.88,0.04,0.010549342784480508,1.0,1.0,0.0
20274030,independent,low_energy,max_similarity,0.12,0.7856000000000001,0.78,0.88,0.04,0.010549342784480508,1.0,1.0,0.0
20274030,independent,low_energy,max_similarity,0.24,0.9952,0.0,0.88,0.04,0.010549342784480508,1.0,1.0,0.0
20274030,independent,low_energy,max_similarity,0.48,1.0,0.0,0.88,0.04,0.010549342784480508,1.0,1.0,0.0
20274031,none,no_replay,weighted,0.12,0.6496,0.46,0.68,0.04,0.010726563047918287,1.0,1.0,0.0
20274031,none,no_replay,weighted,0.24,0.9279999999999999,0.08,0.68,0.04,0.010726563047918287,1.0,1.0,0.0
20274031,none,no_replay,weighted,0.48,1.0,0.0,0.68,0.04,0.010726563047918287,1.0,1.0,0.0
20274031,none,no_replay,max_similarity,0.12,0.6744,0.48,0.76,0.04,0.010726563047918287,1.0,1.0,0.0
20274031,none,no_replay,max_similarity,0.24,0.9576,0.04,0.76,0.04,0.010726563047918287,1.0,1.0,0.0
20274031,none,no_replay,max_similarity,0.48,1.0,0.0,0.76,0.04,0.010726563047918287,1.0,1.0,0.0
20274031,exact,random_replay,weighted,0.12,0.6152,0.7,0.84,0.04,0.010493063872146234,1.0,1.0,0.0
20274031,exact,random_replay,weighted,0.24,0.7424,0.36,0.84,0.04,0.010493063872146234,1.0,1.0,0.0
20274031,exact,random_replay,weighted,0.48,0.7824,0.32,0.84,0.04,0.010493063872146234,1.0,1.0,0.0
20274031,exact,random_replay,max_similarity,0.12,0.6256,0.64,0.88,0.04,0.010493063872146234,1.0,1.0,0.0
20274031,exact,random_replay,max_similarity,0.24,0.7584,0.34,0.88,0.04,0.010493063872146234,1.0,1.0,0.0
20274031,exact,random_replay,max_similarity,0.48,1.0,0.0,0.88,0.04,0.010493063872146234,1.0,1.0,0.0
20274031,exact,high_energy,weighted,0.12,0.6216,0.72,0.84,0.05,0.010263824769727793,1.0,1.0,0.0
20274031,exact,high_energy,weighted,0.24,0.7576,0.36,0.84,0.05,0.010263824769727793,1.0,1.0,0.0
20274031,exact,high_energy,weighted,0.48,0.7824,0.32,0.84,0.05,0.010263824769727793,1.0,1.0,0.0
20274031,exact,high_energy,max_similarity,0.12,0.624,0.62,0.88,0.05,0.010263824769727793,1.0,1.0,0.0
20274031,exact,high_energy,max_similarity,0.24,0.7584,0.34,0.88,0.05,0.010263824769727793,1.0,1.0,0.0
20274031,exact,high_energy,max_similarity,0.48,1.0,0.0,0.88,0.05,0.010263824769727793,1.0,1.0,0.0
20274031,exact,low_energy,weighted,0.12,0.6152,0.7,0.84,0.04,0.010493063872146234,1.0,1.0,0.0
20274031,exact,low_energy,weighted,0.24,0.7424,0.36,0.84,0.04,0.010493063872146234,1.0,1.0,0.0
20274031,exact,low_energy,weighted,0.48,0.7824,0.32,0.84,0.04,0.010493063872146234,1.0,1.0,0.0
20274031,exact,low_energy,max_similarity,0.12,0.6256,0.64,0.88,0.04,0.010493063872146234,1.0,1.0,0.0
20274031,exact,low_energy,max_similarity,0.24,0.7584,0.34,0.88,0.04,0.010493063872146234,1.0,1.0,0.0
20274031,exact,low_energy,max_similarity,0.48,1.0,0.0,0.88,0.04,0.010493063872146234,1.0,1.0,0.0
20274031,coherent,random_replay,weighted,0.12,0.584,0.76,0.84,0.04,0.010779194871260906,1.0,1.0,0.0
20274031,coherent,random_replay,weighted,0.24,0.7336,0.44,0.84,0.04,0.010779194871260906,1.0,1.0,0.0
20274031,coherent,random_replay,weighted,0.48,0.8615999999999999,0.26,0.84,0.04,0.010779194871260906,1.0,1.0,0.0
20274031,coherent,random_replay,max_similarity,0.12,0.6744,0.48,0.76,0.04,0.010779194871260906,1.0,1.0,0.0
20274031,coherent,random_replay,max_similarity,0.24,0.9576,0.04,0.76,0.04,0.010779194871260906,1.0,1.0,0.0
20274031,coherent,random_replay,max_similarity,0.48,1.0,0.0,0.76,0.04,0.010779194871260906,1.0,1.0,0.0
20274031,coherent,high_energy,weighted,0.12,0.5976,0.76,0.88,0.05,0.010519395322889395,1.0,1.0,0.0
20274031,coherent,high_energy,weighted,0.24,0.7512000000000001,0.4,0.88,0.05,0.010519395322889395,1.0,1.0,0.0
20274031,coherent,high_energy,weighted,0.48,0.8719999999999999,0.26,0.88,0.05,0.010519395322889395,1.0,1.0,0.0
20274031,coherent,high_energy,max_similarity,0.12,0.6744,0.48,0.76,0.05,0.010519395322889395,1.0,1.0,0.0
20274031,coherent,high_energy,max_similarity,0.24,0.9576,0.04,0.76,0.05,0.010519395322889395,1.0,1.0,0.0
20274031,coherent,high_energy,max_similarity,0.48,1.0,0.0,0.76,0.05,0.010519395322889395,1.0,1.0,0.0
20274031,coherent,low_energy,weighted,0.12,0.584,0.78,0.84,0.04,0.010779194871260906,1.0,1.0,0.0
20274031,coherent,low_energy,weighted,0.24,0.7336,0.44,0.84,0.04,0.010779194871260906,1.0,1.0,0.0
20274031,coherent,low_energy,weighted,0.48,0.8615999999999999,0.26,0.84,0.04,0.010779194871260906,1.0,1.0,0.0
20274031,coherent,low_energy,max_similarity,0.12,0.6744,0.48,0.76,0.04,0.010779194871260906,1.0,1.0,0.0
20274031,coherent,low_energy,max_similarity,0.24,0.9576,0.04,0.76,0.04,0.010779194871260906,1.0,1.0,0.0
20274031,coherent,low_energy,max_similarity,0.48,1.0,0.0,0.76,0.04,0.010779194871260906,1.0,1.0,0.0
20274031,independent,random_replay,weighted,0.12,0.5943999999999999,0.7,0.84,0.04,0.010467725431505986,1.0,1.0,0.0
20274031,independent,random_replay,weighted,0.24,0.7432,0.38,0.84,0.04,0.010467725431505986,1.0,1.0,0.0
20274031,independent,random_replay,weighted,0.48,0.8328,0.26,0.84,0.04,0.010467725431505986,1.0,1.0,0.0
20274031,independent,random_replay,max_similarity,0.12,0.6584,0.52,0.76,0.04,0.010467725431505986,1.0,1.0,0.0
20274031,independent,random_replay,max_similarity,0.24,0.9551999999999999,0.04,0.76,0.04,0.010467725431505986,1.0,1.0,0.0
20274031,independent,random_replay,max_similarity,0.48,1.0,0.0,0.76,0.04,0.010467725431505986,1.0,1.0,0.0
20274031,independent,high_energy,weighted,0.12,0.6016,0.7,0.88,0.05,0.010257406261467586,1.0,1.0,0.0
20274031,independent,high_energy,weighted,0.24,0.7568,0.36,0.88,0.05,0.010257406261467586,1.0,1.0,0.0
20274031,independent,high_energy,weighted,0.48,0.8304,0.26,0.88,0.05,0.010257406261467586,1.0,1.0,0.0
20274031,independent,high_energy,max_similarity,0.12,0.6528,0.52,0.76,0.05,0.010257406261467586,1.0,1.0,0.0
20274031,independent,high_energy,max_similarity,0.24,0.9496,0.04,0.76,0.05,0.010257406261467586,1.0,1.0,0.0
20274031,independent,high_energy,max_similarity,0.48,1.0,0.0,0.76,0.05,0.010257406261467586,1.0,1.0,0.0
20274031,independent,low_energy,weighted,0.12,0.5943999999999999,0.7,0.84,0.04,0.010467725431505986,1.0,1.0,0.0
20274031,independent,low_energy,weighted,0.24,0.7432,0.38,0.84,0.04,0.010467725431505986,1.0,1.0,0.0
20274031,independent,low_energy,weighted,0.48,0.8328,0.26,0.84,0.04,0.010467725431505986,1.0,1.0,0.0
20274031,independent,low_energy,max_similarity,0.12,0.6584,0.52,0.76,0.04,0.010467725431505986,1.0,1.0,0.0
20274031,independent,low_energy,max_similarity,0.24,0.9551999999999999,0.04,0.76,0.04,0.010467725431505986,1.0,1.0,0.0
20274031,independent,low_energy,max_similarity,0.48,1.0,0.0,0.76,0.04,0.010467725431505986,1.0,1.0,0.0
20274032,none,no_replay,weighted,0.12,0.76,0.82,0.96,0.04,0.010573156198900787,1.0,1.0,0.0
20274032,none,no_replay,weighted,0.24,0.9904000000000001,0.08,0.96,0.04,0.010573156198900787,1.0,1.0,0.0
20274032,none,no_replay,weighted,0.48,1.0,0.0,0.96,0.04,0.010573156198900787,1.0,1.0,0.0
20274032,none,no_replay,max_similarity,0.12,0.8048000000000001,0.82,1.0,0.04,0.010573156198900787,1.0,1.0,0.0
20274032,none,no_replay,max_similarity,0.24,0.9967999999999999,0.04,1.0,0.04,0.010573156198900787,1.0,1.0,0.0
20274032,none,no_replay,max_similarity,0.48,1.0,0.0,1.0,0.04,0.010573156198900787,1.0,1.0,0.0
20274032,exact,random_replay,weighted,0.12,0.6632,0.78,0.96,0.04,0.010504054020875023,1.0,1.0,0.0
20274032,exact,random_replay,weighted,0.24,0.7647999999999999,0.36,0.96,0.04,0.010504054020875023,1.0,1.0,0.0
20274032,exact,random_replay,weighted,0.48,0.7824,0.32,0.96,0.04,0.010504054020875023,1.0,1.0,0.0
20274032,exact,random_replay,max_similarity,0.12,0.6912,0.78,0.96,0.04,0.010504054020875023,1.0,1.0,0.0
20274032,exact,random_replay,max_similarity,0.24,0.8048,0.34,0.96,0.04,0.010504054020875023,1.0,1.0,0.0
20274032,exact,random_replay,max_similarity,0.48,1.0,0.0,0.96,0.04,0.010504054020875023,1.0,1.0,0.0
20274032,exact,high_energy,weighted,0.12,0.6672,0.76,1.0,0.05,0.010311737080922052,1.0,1.0,0.0
20274032,exact,high_energy,weighted,0.24,0.7807999999999999,0.36,1.0,0.05,0.010311737080922052,1.0,1.0,0.0
20274032,exact,high_energy,weighted,0.48,0.7824,0.32,1.0,0.05,0.010311737080922052,1.0,1.0,0.0
20274032,exact,high_energy,max_similarity,0.12,0.6872,0.78,0.96,0.05,0.010311737080922052,1.0,1.0,0.0
20274032,exact,high_energy,max_similarity,0.24,0.8048,0.34,0.96,0.05,0.010311737080922052,1.0,1.0,0.0
20274032,exact,high_energy,max_similarity,0.48,1.0,0.0,0.96,0.05,0.010311737080922052,1.0,1.0,0.0
20274032,exact,low_energy,weighted,0.12,0.6632,0.78,0.96,0.04,0.010504054020875023,1.0,1.0,0.0
20274032,exact,low_energy,weighted,0.24,0.7647999999999999,0.36,0.96,0.04,0.010504054020875023,1.0,1.0,0.0
20274032,exact,low_energy,weighted,0.48,0.7824,0.32,0.96,0.04,0.010504054020875023,1.0,1.0,0.0
20274032,exact,low_energy,max_similarity,0.12,0.6912,0.78,0.96,0.04,0.010504054020875023,1.0,1.0,0.0
20274032,exact,low_energy,max_similarity,0.24,0.8048,0.34,0.96,0.04,0.010504054020875023,1.0,1.0,0.0
20274032,exact,low_energy,max_similarity,0.48,1.0,0.0,0.96,0.04,0.010504054020875023,1.0,1.0,0.0
20274032,coherent,random_replay,weighted,0.12,0.636,0.8,0.96,0.04,0.010743323139469421,1.0,1.0,0.0
20274032,coherent,random_replay,weighted,0.24,0.7615999999999999,0.36,0.96,0.04,0.010743323139469421,1.0,1.0,0.0
20274032,coherent,random_replay,weighted,0.48,0.7999999999999999,0.32,0.96,0.04,0.010743323139469421,1.0,1.0,0.0
20274032,coherent,random_replay,max_similarity,0.12,0.8048000000000001,0.82,1.0,0.04,0.010743323139469421,1.0,1.0,0.0
20274032,coherent,random_replay,max_similarity,0.24,0.9967999999999999,0.04,1.0,0.04,0.010743323139469421,1.0,1.0,0.0
20274032,coherent,random_replay,max_similarity,0.48,1.0,0.0,1.0,0.04,0.010743323139469421,1.0,1.0,0.0
20274032,coherent,high_energy,weighted,0.12,0.6464,0.78,1.0,0.05,0.010538314754226731,1.0,1.0,0.0
20274032,coherent,high_energy,weighted,0.24,0.7767999999999999,0.36,1.0,0.05,0.010538314754226731,1.0,1.0,0.0
20274032,coherent,high_energy,weighted,0.48,0.8119999999999999,0.32,1.0,0.05,0.010538314754226731,1.0,1.0,0.0
20274032,coherent,high_energy,max_similarity,0.12,0.8048000000000001,0.82,1.0,0.05,0.010538314754226731,1.0,1.0,0.0
20274032,coherent,high_energy,max_similarity,0.24,0.9967999999999999,0.04,1.0,0.05,0.010538314754226731,1.0,1.0,0.0
20274032,coherent,high_energy,max_similarity,0.48,1.0,0.0,1.0,0.05,0.010538314754226731,1.0,1.0,0.0
20274032,coherent,low_energy,weighted,0.12,0.636,0.8,0.96,0.04,0.010743323139469421,1.0,1.0,0.0
20274032,coherent,low_energy,weighted,0.24,0.7615999999999999,0.38,0.96,0.04,0.010743323139469421,1.0,1.0,0.0
20274032,coherent,low_energy,weighted,0.48,0.7999999999999999,0.32,0.96,0.04,0.010743323139469421,1.0,1.0,0.0
20274032,coherent,low_energy,max_similarity,0.12,0.8048000000000001,0.82,1.0,0.04,0.010743323139469421,1.0,1.0,0.0
20274032,coherent,low_energy,max_similarity,0.24,0.9967999999999999,0.04,1.0,0.04,0.010743323139469421,1.0,1.0,0.0
20274032,coherent,low_energy,max_similarity,0.48,1.0,0.0,1.0,0.04,0.010743323139469421,1.0,1.0,0.0
20274032,independent,random_replay,weighted,0.12,0.6456,0.76,0.96,0.04,0.010550548518593264,1.0,1.0,0.0
20274032,independent,random_replay,weighted,0.24,0.7647999999999999,0.36,0.96,0.04,0.010550548518593264,1.0,1.0,0.0
20274032,independent,random_replay,weighted,0.48,0.7911999999999999,0.32,0.96,0.04,0.010550548518593264,1.0,1.0,0.0
20274032,independent,random_replay,max_similarity,0.12,0.7912,0.82,1.0,0.04,0.010550548518593264,1.0,1.0,0.0
20274032,independent,random_replay,max_similarity,0.24,0.9967999999999999,0.04,1.0,0.04,0.010550548518593264,1.0,1.0,0.0
20274032,independent,random_replay,max_similarity,0.48,1.0,0.0,1.0,0.04,0.010550548518593264,1.0,1.0,0.0
20274032,independent,high_energy,weighted,0.12,0.6544,0.78,1.0,0.05,0.010346040154719875,1.0,1.0,0.0
20274032,independent,high_energy,weighted,0.24,0.7807999999999999,0.36,1.0,0.05,0.010346040154719875,1.0,1.0,0.0
20274032,independent,high_energy,weighted,0.48,0.8064,0.32,1.0,0.05,0.010346040154719875,1.0,1.0,0.0
20274032,independent,high_energy,max_similarity,0.12,0.7944,0.82,1.0,0.05,0.010346040154719875,1.0,1.0,0.0
20274032,independent,high_energy,max_similarity,0.24,0.9967999999999999,0.04,1.0,0.05,0.010346040154719875,1.0,1.0,0.0
20274032,independent,high_energy,max_similarity,0.48,1.0,0.0,1.0,0.05,0.010346040154719875,1.0,1.0,0.0
20274032,independent,low_energy,weighted,0.12,0.6456,0.76,0.96,0.04,0.010550548518593264,1.0,1.0,0.0
20274032,independent,low_energy,weighted,0.24,0.7647999999999999,0.36,0.96,0.04,0.010550548518593264,1.0,1.0,0.0
20274032,independent,low_energy,weighted,0.48,0.7911999999999999,0.32,0.96,0.04,0.010550548518593264,1.0,1.0,0.0
20274032,independent,low_energy,max_similarity,0.12,0.7912,0.82,1.0,0.04,0.010550548518593264,1.0,1.0,0.0
20274032,independent,low_energy,max_similarity,0.24,0.9967999999999999,0.04,1.0,0.04,0.010550548518593264,1.0,1.0,0.0
20274032,independent,low_energy,max_similarity,0.48,1.0,0.0,1.0,0.04,0.010550548518593264,1.0,1.0,0.0
20274033,none,no_replay,weighted,0.12,0.7384,0.74,0.92,0.04,0.010573948033703375,1.0,1.0,0.0
20274033,none,no_replay,weighted,0.24,0.9872000000000001,0.08,0.92,0.04,0.010573948033703375,1.0,1.0,0.0
20274033,none,no_replay,weighted,0.48,1.0,0.0,0.92,0.04,0.010573948033703375,1.0,1.0,0.0
20274033,none,no_replay,max_similarity,0.12,0.7824,0.68,0.92,0.04,0.010573948033703375,1.0,1.0,0.0
20274033,none,no_replay,max_similarity,0.24,0.9952,0.04,0.92,0.04,0.010573948033703375,1.0,1.0,0.0
20274033,none,no_replay,max_similarity,0.48,1.0,0.0,0.92,0.04,0.010573948033703375,1.0,1.0,0.0
20274033,exact,random_replay,weighted,0.12,0.656,0.76,0.92,0.04,0.01050056003918748,1.0,1.0,0.0
20274033,exact,random_replay,weighted,0.24,0.764,0.38,0.92,0.04,0.01050056003918748,1.0,1.0,0.0
20274033,exact,random_replay,weighted,0.48,0.7824,0.32,0.92,0.04,0.01050056003918748,1.0,1.0,0.0
20274033,exact,random_replay,max_similarity,0.12,0.6912,0.74,0.92,0.04,0.01050056003918748,1.0,1.0,0.0
20274033,exact,random_replay,max_similarity,0.24,0.792,0.34,0.92,0.04,0.01050056003918748,1.0,1.0,0.0
20274033,exact,random_replay,max_similarity,0.48,1.0,0.0,0.92,0.04,0.01050056003918748,1.0,1.0,0.0
20274033,exact,high_energy,weighted,0.12,0.6632,0.72,0.96,0.04,0.010553396568146224,1.0,1.0,0.0
20274033,exact,high_energy,weighted,0.24,0.7768,0.38,0.96,0.04,0.010553396568146224,1.0,1.0,0.0
20274033,exact,high_energy,weighted,0.48,0.7824,0.32,0.96,0.04,0.010553396568146224,1.0,1.0,0.0
20274033,exact,high_energy,max_similarity,0.12,0.688,0.76,0.92,0.04,0.010553396568146224,1.0,1.0,0.0
20274033,exact,high_energy,max_similarity,0.24,0.792,0.34,0.92,0.04,0.010553396568146224,1.0,1.0,0.0
20274033,exact,high_energy,max_similarity,0.48,1.0,0.0,0.92,0.04,0.010553396568146224,1.0,1.0,0.0
20274033,exact,low_energy,weighted,0.12,0.656,0.76,0.92,0.04,0.01050056003918748,1.0,1.0,0.0
20274033,exact,low_energy,weighted,0.24,0.764,0.38,0.92,0.04,0.01050056003918748,1.0,1.0,0.0
20274033,exact,low_energy,weighted,0.48,0.7824,0.32,0.92,0.04,0.01050056003918748,1.0,1.0,0.0
20274033,exact,low_energy,max_similarity,0.12,0.6912,0.74,0.92,0.04,0.01050056003918748,1.0,1.0,0.0
20274033,exact,low_energy,max_similarity,0.24,0.792,0.34,0.92,0.04,0.01050056003918748,1.0,1.0,0.0
20274033,exact,low_energy,max_similarity,0.48,1.0,0.0,0.92,0.04,0.01050056003918748,1.0,1.0,0.0
20274033,coherent,random_replay,weighted,0.12,0.624,0.78,0.92,0.04,0.010752715625912145,1.0,1.0,0.0
20274033,coherent,random_replay,weighted,0.24,0.7576,0.42,0.92,0.04,0.010752715625912145,1.0,1.0,0.0
20274033,coherent,random_replay,weighted,0.48,0.7944,0.32,0.92,0.04,0.010752715625912145,1.0,1.0,0.0
20274033,coherent,random_replay,max_similarity,0.12,0.7824,0.68,0.92,0.04,0.010752715625912145,1.0,1.0,0.0
20274033,coherent,random_replay,max_similarity,0.24,0.9952,0.04,0.92,0.04,0.010752715625912145,1.0,1.0,0.0
20274033,coherent,random_replay,max_similarity,0.48,1.0,0.0,0.92,0.04,0.010752715625912145,1.0,1.0,0.0
20274033,coherent,high_energy,weighted,0.12,0.6376000000000001,0.76,0.96,0.04,0.010820213911529951,1.0,1.0,0.0
20274033,coherent,high_energy,weighted,0.24,0.7696000000000001,0.4,0.96,0.04,0.010820213911529951,1.0,1.0,0.0
20274033,coherent,high_energy,weighted,0.48,0.8128,0.3,0.96,0.04,0.010820213911529951,1.0,1.0,0.0
20274033,coherent,high_energy,max_similarity,0.12,0.7824,0.68,0.92,0.04,0.010820213911529951,1.0,1.0,0.0
20274033,coherent,high_energy,max_similarity,0.24,0.9952,0.04,0.92,0.04,0.010820213911529951,1.0,1.0,0.0
20274033,coherent,high_energy,max_similarity,0.48,1.0,0.0,0.92,0.04,0.010820213911529951,1.0,1.0,0.0
20274033,coherent,low_energy,weighted,0.12,0.624,0.8,0.92,0.04,0.010752715625912145,1.0,1.0,0.0
20274033,coherent,low_energy,weighted,0.24,0.7576,0.42,0.92,0.04,0.010752715625912145,1.0,1.0,0.0
20274033,coherent,low_energy,weighted,0.48,0.7944,0.32,0.92,0.04,0.010752715625912145,1.0,1.0,0.0
20274033,coherent,low_energy,max_similarity,0.12,0.7824,0.68,0.92,0.04,0.010752715625912145,1.0,1.0,0.0
20274033,coherent,low_energy,max_similarity,0.24,0.9952,0.04,0.92,0.04,0.010752715625912145,1.0,1.0,0.0
20274033,coherent,low_energy,max_similarity,0.48,1.0,0.0,0.92,0.04,0.010752715625912145,1.0,1.0,0.0
20274033,independent,random_replay,weighted,0.12,0.6392,0.76,0.92,0.04,0.010529949510183217,1.0,1.0,0.0
20274033,independent,random_replay,weighted,0.24,0.7656000000000001,0.36,0.92,0.04,0.010529949510183217,1.0,1.0,0.0
20274033,independent,random_replay,weighted,0.48,0.7991999999999999,0.32,0.92,0.04,0.010529949510183217,1.0,1.0,0.0
20274033,independent,random_replay,max_similarity,0.12,0.7696,0.68,0.92,0.04,0.010529949510183217,1.0,1.0,0.0
20274033,independent,random_replay,max_similarity,0.24,0.992,0.06,0.92,0.04,0.010529949510183217,1.0,1.0,0.0
20274033,independent,random_replay,max_similarity,0.48,1.0,0.0,0.92,0.04,0.010529949510183217,1.0,1.0,0.0
20274033,independent,high_energy,weighted,0.12,0.6512,0.72,0.96,0.04,0.010580635321943248,1.0,1.0,0.0
20274033,independent,high_energy,weighted,0.24,0.776,0.36,0.96,0.04,0.010580635321943248,1.0,1.0,0.0
20274033,independent,high_energy,weighted,0.48,0.8135999999999999,0.3,0.96,0.04,0.010580635321943248,1.0,1.0,0.0
20274033,independent,high_energy,max_similarity,0.12,0.768,0.7,0.92,0.04,0.010580635321943248,1.0,1.0,0.0
20274033,independent,high_energy,max_similarity,0.24,0.992,0.06,0.92,0.04,0.010580635321943248,1.0,1.0,0.0
20274033,independent,high_energy,max_similarity,0.48,1.0,0.0,0.92,0.04,0.010580635321943248,1.0,1.0,0.0
20274033,independent,low_energy,weighted,0.12,0.6392,0.76,0.92,0.04,0.010529949510183217,1.0,1.0,0.0
20274033,independent,low_energy,weighted,0.24,0.7656000000000001,0.36,0.92,0.04,0.010529949510183217,1.0,1.0,0.0
20274033,independent,low_energy,weighted,0.48,0.7991999999999999,0.32,0.92,0.04,0.010529949510183217,1.0,1.0,0.0
20274033,independent,low_energy,max_similarity,0.12,0.7696,0.68,0.92,0.04,0.010529949510183217,1.0,1.0,0.0
20274033,independent,low_energy,max_similarity,0.24,0.992,0.06,0.92,0.04,0.010529949510183217,1.0,1.0,0.0
20274033,independent,low_energy,max_similarity,0.48,1.0,0.0,0.92,0.04,0.010529949510183217,1.0,1.0,0.0
20274034,none,no_replay,weighted,0.12,0.7144,0.72,0.96,0.04,0.010604729599928595,1.0,1.0,0.0
20274034,none,no_replay,weighted,0.24,0.984,0.06,0.96,0.04,0.010604729599928595,1.0,1.0,0.0
20274034,none,no_replay,weighted,0.48,1.0,0.0,0.96,0.04,0.010604729599928595,1.0,1.0,0.0
20274034,none,no_replay,max_similarity,0.12,0.7368,0.66,0.92,0.04,0.010604729599928595,1.0,1.0,0.0
20274034,none,no_replay,max_similarity,0.24,0.9863999999999999,0.02,0.92,0.04,0.010604729599928595,1.0,1.0,0.0
20274034,none,no_replay,max_similarity,0.48,1.0,0.0,0.92,0.04,0.010604729599928595,1.0,1.0,0.0
20274034,exact,random_replay,weighted,0.12,0.668,0.82,0.96,0.04,0.010598861412798755,1.0,1.0,0.0
20274034,exact,random_replay,weighted,0.24,0.7704,0.36,0.96,0.04,0.010598861412798755,1.0,1.0,0.0
20274034,exact,random_replay,weighted,0.48,0.7824,0.32,0.96,0.04,0.010598861412798755,1.0,1.0,0.0
20274034,exact,random_replay,max_similarity,0.12,0.692,0.76,1.0,0.04,0.010598861412798755,1.0,1.0,0.0
20274034,exact,random_replay,max_similarity,0.24,0.7824,0.32,1.0,0.04,0.010598861412798755,1.0,1.0,0.0
20274034,exact,random_replay,max_similarity,0.48,1.0,0.0,1.0,0.04,0.010598861412798755,1.0,1.0,0.0
20274034,exact,high_energy,weighted,0.12,0.6759999999999999,0.78,0.96,0.06,0.01020889657223295,1.0,1.0,0.0
20274034,exact,high_energy,weighted,0.24,0.7807999999999999,0.34,0.96,0.06,0.01020889657223295,1.0,1.0,0.0
20274034,exact,high_energy,weighted,0.48,0.7824,0.32,0.96,0.06,0.01020889657223295,1.0,1.0,0.0
20274034,exact,high_energy,max_similarity,0.12,0.6992,0.76,1.0,0.06,0.01020889657223295,1.0,1.0,0.0
20274034,exact,high_energy,max_similarity,0.24,0.7824,0.32,1.0,0.06,0.01020889657223295,1.0,1.0,0.0
20274034,exact,high_energy,max_similarity,0.48,1.0,0.0,1.0,0.06,0.01020889657223295,1.0,1.0,0.0
20274034,exact,low_energy,weighted,0.12,0.668,0.82,0.96,0.04,0.010598861412798755,1.0,1.0,0.0
20274034,exact,low_energy,weighted,0.24,0.7704,0.36,0.96,0.04,0.010598861412798755,1.0,1.0,0.0
20274034,exact,low_energy,weighted,0.48,0.7824,0.32,0.96,0.04,0.010598861412798755,1.0,1.0,0.0
20274034,exact,low_energy,max_similarity,0.12,0.692,0.76,1.0,0.04,0.010598861412798755,1.0,1.0,0.0
20274034,exact,low_energy,max_similarity,0.24,0.7824,0.32,1.0,0.04,0.010598861412798755,1.0,1.0,0.0
20274034,exact,low_energy,max_similarity,0.48,1.0,0.0,1.0,0.04,0.010598861412798755,1.0,1.0,0.0
20274034,coherent,random_replay,weighted,0.12,0.6224000000000001,0.8,0.92,0.04,0.01091473432206008,1.0,1.0,0.0
20274034,coherent,random_replay,weighted,0.24,0.764,0.36,0.92,0.04,0.01091473432206008,1.0,1.0,0.0
20274034,coherent,random_replay,weighted,0.48,0.8024,0.32,0.92,0.04,0.01091473432206008,1.0,1.0,0.0
20274034,coherent,random_replay,max_similarity,0.12,0.7368,0.66,0.92,0.04,0.01091473432206008,1.0,1.0,0.0
20274034,coherent,random_replay,max_similarity,0.24,0.9863999999999999,0.02,0.92,0.04,0.01091473432206008,1.0,1.0,0.0
20274034,coherent,random_replay,max_similarity,0.48,1.0,0.0,0.92,0.04,0.01091473432206008,1.0,1.0,0.0
20274034,coherent,high_energy,weighted,0.12,0.6376000000000001,0.72,0.96,0.06,0.010535382719874888,1.0,1.0,0.0
20274034,coherent,high_energy,weighted,0.24,0.7736000000000001,0.36,0.96,0.06,0.010535382719874888,1.0,1.0,0.0
20274034,coherent,high_energy,weighted,0.48,0.8055999999999999,0.3,0.96,0.06,0.010535382719874888,1.0,1.0,0.0
20274034,coherent,high_energy,max_similarity,0.12,0.7368,0.66,0.92,0.06,0.010535382719874888,1.0,1.0,0.0
20274034,coherent,high_energy,max_similarity,0.24,0.9863999999999999,0.02,0.92,0.06,0.010535382719874888,1.0,1.0,0.0
20274034,coherent,high_energy,max_similarity,0.48,1.0,0.0,0.92,0.06,0.010535382719874888,1.0,1.0,0.0
20274034,coherent,low_energy,weighted,0.12,0.6224000000000001,0.82,0.92,0.04,0.01091473432206008,1.0,1.0,0.0
20274034,coherent,low_energy,weighted,0.24,0.764,0.4,0.92,0.04,0.01091473432206008,1.0,1.0,0.0
20274034,coherent,low_energy,weighted,0.48,0.8024,0.32,0.92,0.04,0.01091473432206008,1.0,1.0,0.0
20274034,coherent,low_energy,max_similarity,0.12,0.7368,0.66,0.92,0.04,0.01091473432206008,1.0,1.0,0.0
20274034,coherent,low_energy,max_similarity,0.24,0.9863999999999999,0.02,0.92,0.04,0.01091473432206008,1.0,1.0,0.0
20274034,coherent,low_energy,max_similarity,0.48,1.0,0.0,0.92,0.04,0.01091473432206008,1.0,1.0,0.0
20274034,independent,random_replay,weighted,0.12,0.6384000000000001,0.78,0.92,0.04,0.010637611817129779,1.0,1.0,0.0
20274034,independent,random_replay,weighted,0.24,0.7704,0.34,0.92,0.04,0.010637611817129779,1.0,1.0,0.0
20274034,independent,random_replay,weighted,0.48,0.7847999999999999,0.32,0.92,0.04,0.010637611817129779,1.0,1.0,0.0
20274034,independent,random_replay,max_similarity,0.12,0.7312000000000001,0.66,0.92,0.04,0.010637611817129779,1.0,1.0,0.0
20274034,independent,random_replay,max_similarity,0.24,0.9863999999999999,0.02,0.92,0.04,0.010637611817129779,1.0,1.0,0.0
20274034,independent,random_replay,max_similarity,0.48,1.0,0.0,0.92,0.04,0.010637611817129779,1.0,1.0,0.0
20274034,independent,high_energy,weighted,0.12,0.652,0.72,0.96,0.06,0.0102430431369264,1.0,1.0,0.0
20274034,independent,high_energy,weighted,0.24,0.78,0.34,0.96,0.06,0.0102430431369264,1.0,1.0,0.0
20274034,independent,high_energy,weighted,0.48,0.7864,0.32,0.96,0.06,0.0102430431369264,1.0,1.0,0.0
20274034,independent,high_energy,max_similarity,0.12,0.7303999999999999,0.66,0.92,0.06,0.0102430431369264,1.0,1.0,0.0
20274034,independent,high_energy,max_similarity,0.24,0.9863999999999999,0.02,0.92,0.06,0.0102430431369264,1.0,1.0,0.0
20274034,independent,high_energy,max_similarity,0.48,1.0,0.0,0.92,0.06,0.0102430431369264,1.0,1.0,0.0
20274034,independent,low_energy,weighted,0.12,0.6384000000000001,0.78,0.92,0.04,0.010637611817129779,1.0,1.0,0.0
20274034,independent,low_energy,weighted,0.24,0.7704,0.34,0.92,0.04,0.010637611817129779,1.0,1.0,0.0
20274034,independent,low_energy,weighted,0.48,0.7847999999999999,0.32,0.92,0.04,0.010637611817129779,1.0,1.0,0.0
20274034,independent,low_energy,max_similarity,0.12,0.7312000000000001,0.66,0.92,0.04,0.010637611817129779,1.0,1.0,0.0
20274034,independent,low_energy,max_similarity,0.24,0.9863999999999999,0.02,0.92,0.04,0.010637611817129779,1.0,1.0,0.0
20274034,independent,low_energy,max_similarity,0.48,1.0,0.0,0.92,0.04,0.010637611817129779,1.0,1.0,0.0
20274035,none,no_replay,weighted,0.12,0.7096,0.52,0.8,0.04,0.010699740488244614,1.0,1.0,0.0
20274035,none,no_replay,weighted,0.24,0.9608000000000001,0.06,0.8,0.04,0.010699740488244614,1.0,1.0,0.0
20274035,none,no_replay,weighted,0.48,1.0,0.0,0.8,0.04,0.010699740488244614,1.0,1.0,0.0
20274035,none,no_replay,max_similarity,0.12,0.7376,0.4,0.76,0.04,0.010699740488244614,1.0,1.0,0.0
20274035,none,no_replay,max_similarity,0.24,0.9728000000000001,0.06,0.76,0.04,0.010699740488244614,1.0,1.0,0.0
20274035,none,no_replay,max_similarity,0.48,1.0,0.0,0.76,0.04,0.010699740488244614,1.0,1.0,0.0
20274035,exact,random_replay,weighted,0.12,0.644,0.64,0.88,0.04,0.01063202079560559,1.0,1.0,0.0
20274035,exact,random_replay,weighted,0.24,0.7624,0.36,0.88,0.04,0.01063202079560559,1.0,1.0,0.0
20274035,exact,random_replay,weighted,0.48,0.7824,0.32,0.88,0.04,0.01063202079560559,1.0,1.0,0.0
20274035,exact,random_replay,max_similarity,0.12,0.6584,0.62,0.84,0.04,0.01063202079560559,1.0,1.0,0.0
20274035,exact,random_replay,max_similarity,0.24,0.7912000000000001,0.36,0.84,0.04,0.01063202079560559,1.0,1.0,0.0
20274035,exact,random_replay,max_similarity,0.48,1.0,0.0,0.84,0.04,0.01063202079560559,1.0,1.0,0.0
20274035,exact,high_energy,weighted,0.12,0.644,0.64,0.84,0.04,0.01063202079560559,1.0,1.0,0.0
20274035,exact,high_energy,weighted,0.24,0.7624,0.36,0.84,0.04,0.01063202079560559,1.0,1.0,0.0
20274035,exact,high_energy,weighted,0.48,0.7824,0.32,0.84,0.04,0.01063202079560559,1.0,1.0,0.0
20274035,exact,high_energy,max_similarity,0.12,0.6584,0.62,0.84,0.04,0.01063202079560559,1.0,1.0,0.0
20274035,exact,high_energy,max_similarity,0.24,0.7912000000000001,0.36,0.84,0.04,0.01063202079560559,1.0,1.0,0.0
20274035,exact,high_energy,max_similarity,0.48,1.0,0.0,0.84,0.04,0.01063202079560559,1.0,1.0,0.0
20274035,exact,low_energy,weighted,0.12,0.64,0.62,0.84,0.04,0.01059835327691854,1.0,1.0,0.0
20274035,exact,low_energy,weighted,0.24,0.7512,0.36,0.84,0.04,0.01059835327691854,1.0,1.0,0.0
20274035,exact,low_energy,weighted,0.48,0.7824,0.32,0.84,0.04,0.01059835327691854,1.0,1.0,0.0
20274035,exact,low_energy,max_similarity,0.12,0.664,0.6,0.84,0.04,0.01059835327691854,1.0,1.0,0.0
20274035,exact,low_energy,max_similarity,0.24,0.7928000000000001,0.36,0.84,0.04,0.01059835327691854,1.0,1.0,0.0
20274035,exact,low_energy,max_similarity,0.48,1.0,0.0,0.84,0.04,0.01059835327691854,1.0,1.0,0.0
20274035,coherent,random_replay,weighted,0.12,0.6256,0.64,0.88,0.04,0.010997564244673448,1.0,1.0,0.0
20274035,coherent,random_replay,weighted,0.24,0.7567999999999999,0.36,0.88,0.04,0.010997564244673448,1.0,1.0,0.0
20274035,coherent,random_replay,weighted,0.48,0.8535999999999999,0.28,0.88,0.04,0.010997564244673448,1.0,1.0,0.0
20274035,coherent,random_replay,max_similarity,0.12,0.7376,0.4,0.76,0.04,0.010997564244673448,1.0,1.0,0.0
20274035,coherent,random_replay,max_similarity,0.24,0.9728000000000001,0.06,0.76,0.04,0.010997564244673448,1.0,1.0,0.0
20274035,coherent,random_replay,max_similarity,0.48,1.0,0.0,0.76,0.04,0.010997564244673448,1.0,1.0,0.0
20274035,coherent,high_energy,weighted,0.12,0.6256,0.62,0.84,0.04,0.010997564244673448,1.0,1.0,0.0
20274035,coherent,high_energy,weighted,0.24,0.7567999999999999,0.36,0.84,0.04,0.010997564244673448,1.0,1.0,0.0
20274035,coherent,high_energy,weighted,0.48,0.8535999999999999,0.28,0.84,0.04,0.010997564244673448,1.0,1.0,0.0
20274035,coherent,high_energy,max_similarity,0.12,0.7376,0.4,0.76,0.04,0.010997564244673448,1.0,1.0,0.0
20274035,coherent,high_energy,max_similarity,0.24,0.9728000000000001,0.06,0.76,0.04,0.010997564244673448,1.0,1.0,0.0
20274035,coherent,high_energy,max_similarity,0.48,1.0,0.0,0.76,0.04,0.010997564244673448,1.0,1.0,0.0
20274035,coherent,low_energy,weighted,0.12,0.6120000000000001,0.7,0.84,0.04,0.010973794332087235,1.0,1.0,0.0
20274035,coherent,low_energy,weighted,0.24,0.7472,0.38,0.84,0.04,0.010973794332087235,1.0,1.0,0.0
20274035,coherent,low_energy,weighted,0.48,0.8295999999999999,0.3,0.84,0.04,0.010973794332087235,1.0,1.0,0.0
20274035,coherent,low_energy,max_similarity,0.12,0.7376,0.4,0.76,0.04,0.010973794332087235,1.0,1.0,0.0
20274035,coherent,low_energy,max_similarity,0.24,0.9728000000000001,0.06,0.76,0.04,0.010973794332087235,1.0,1.0,0.0
20274035,coherent,low_energy,max_similarity,0.48,1.0,0.0,0.76,0.04,0.010973794332087235,1.0,1.0,0.0
20274035,independent,random_replay,weighted,0.12,0.6256,0.64,0.88,0.04,0.010633658344691406,1.0,1.0,0.0
20274035,independent,random_replay,weighted,0.24,0.764,0.36,0.88,0.04,0.010633658344691406,1.0,1.0,0.0
20274035,independent,random_replay,weighted,0.48,0.8351999999999999,0.3,0.88,0.04,0.010633658344691406,1.0,1.0,0.0
20274035,independent,random_replay,max_similarity,0.12,0.7144,0.46,0.76,0.04,0.010633658344691406,1.0,1.0,0.0
20274035,independent,random_replay,max_similarity,0.24,0.9696,0.06,0.76,0.04,0.010633658344691406,1.0,1.0,0.0
20274035,independent,random_replay,max_similarity,0.48,1.0,0.0,0.76,0.04,0.010633658344691406,1.0,1.0,0.0
20274035,independent,high_energy,weighted,0.12,0.6256,0.64,0.88,0.04,0.010633658344691403,1.0,1.0,0.0
20274035,independent,high_energy,weighted,0.24,0.764,0.36,0.88,0.04,0.010633658344691403,1.0,1.0,0.0
20274035,independent,high_energy,weighted,0.48,0.8351999999999999,0.3,0.88,0.04,0.010633658344691403,1.0,1.0,0.0
20274035,independent,high_energy,max_similarity,0.12,0.7144,0.46,0.76,0.04,0.010633658344691403,1.0,1.0,0.0
20274035,independent,high_energy,max_similarity,0.24,0.9696,0.06,0.76,0.04,0.010633658344691403,1.0,1.0,0.0
20274035,independent,high_energy,max_similarity,0.48,1.0,0.0,0.76,0.04,0.010633658344691403,1.0,1.0,0.0
20274035,independent,low_energy,weighted,0.12,0.6168,0.66,0.84,0.04,0.010614202744504595,1.0,1.0,0.0
20274035,independent,low_energy,weighted,0.24,0.7495999999999999,0.36,0.84,0.04,0.010614202744504595,1.0,1.0,0.0
20274035,independent,low_energy,weighted,0.48,0.8143999999999999,0.3,0.84,0.04,0.010614202744504595,1.0,1.0,0.0
20274035,independent,low_energy,max_similarity,0.12,0.7184,0.44,0.76,0.04,0.010614202744504595,1.0,1.0,0.0
20274035,independent,low_energy,max_similarity,0.24,0.9696,0.06,0.76,0.04,0.010614202744504595,1.0,1.0,0.0
20274035,independent,low_energy,max_similarity,0.48,1.0,0.0,0.76,0.04,0.010614202744504595,1.0,1.0,0.0
20274036,none,no_replay,weighted,0.12,0.7632,0.78,0.88,0.04,0.010645269687068349,1.0,1.0,0.0
20274036,none,no_replay,weighted,0.24,0.9656,0.04,0.88,0.04,0.010645269687068349,1.0,1.0,0.0
20274036,none,no_replay,weighted,0.48,1.0,0.0,0.88,0.04,0.010645269687068349,1.0,1.0,0.0
20274036,none,no_replay,max_similarity,0.12,0.7824,0.7,0.92,0.04,0.010645269687068349,1.0,1.0,0.0
20274036,none,no_replay,max_similarity,0.24,0.9832000000000001,0.02,0.92,0.04,0.010645269687068349,1.0,1.0,0.0
20274036,none,no_replay,max_similarity,0.48,1.0,0.0,0.92,0.04,0.010645269687068349,1.0,1.0,0.0
20274036,exact,random_replay,weighted,0.12,0.6832,0.8,0.92,0.05,0.010427581853829207,1.0,1.0,0.0
20274036,exact,random_replay,weighted,0.24,0.748,0.34,0.92,0.05,0.010427581853829207,1.0,1.0,0.0
20274036,exact,random_replay,weighted,0.48,0.7824,0.32,0.92,0.05,0.010427581853829207,1.0,1.0,0.0
20274036,exact,random_replay,max_similarity,0.12,0.6983999999999999,0.76,0.96,0.05,0.010427581853829207,1.0,1.0,0.0
20274036,exact,random_replay,max_similarity,0.24,0.7727999999999999,0.32,0.96,0.05,0.010427581853829207,1.0,1.0,0.0
20274036,exact,random_replay,max_similarity,0.48,1.0,0.0,0.96,0.05,0.010427581853829207,1.0,1.0,0.0
20274036,exact,high_energy,weighted,0.12,0.6912,0.72,0.96,0.04,0.010531755802434312,1.0,1.0,0.0
20274036,exact,high_energy,weighted,0.24,0.7696000000000001,0.34,0.96,0.04,0.010531755802434312,1.0,1.0,0.0
20274036,exact,high_energy,weighted,0.48,0.7824,0.32,0.96,0.04,0.010531755802434312,1.0,1.0,0.0
20274036,exact,high_energy,max_similarity,0.12,0.696,0.72,0.96,0.04,0.010531755802434312,1.0,1.0,0.0
20274036,exact,high_energy,max_similarity,0.24,0.7736000000000001,0.32,0.96,0.04,0.010531755802434312,1.0,1.0,0.0
20274036,exact,high_energy,max_similarity,0.48,1.0,0.0,0.96,0.04,0.010531755802434312,1.0,1.0,0.0
20274036,exact,low_energy,weighted,0.12,0.6832,0.8,0.92,0.05,0.010427581853829207,1.0,1.0,0.0
20274036,exact,low_energy,weighted,0.24,0.748,0.34,0.92,0.05,0.010427581853829207,1.0,1.0,0.0
20274036,exact,low_energy,weighted,0.48,0.7824,0.32,0.92,0.05,0.010427581853829207,1.0,1.0,0.0
20274036,exact,low_energy,max_similarity,0.12,0.6983999999999999,0.76,0.96,0.05,0.010427581853829207,1.0,1.0,0.0
20274036,exact,low_energy,max_similarity,0.24,0.7727999999999999,0.32,0.96,0.05,0.010427581853829207,1.0,1.0,0.0
20274036,exact,low_energy,max_similarity,0.48,1.0,0.0,0.96,0.05,0.010427581853829207,1.0,1.0,0.0
20274036,coherent,random_replay,weighted,0.12,0.64,0.82,0.92,0.04,0.01077952179695054,1.0,1.0,0.0
20274036,coherent,random_replay,weighted,0.24,0.744,0.34,0.92,0.04,0.01077952179695054,1.0,1.0,0.0
20274036,coherent,random_replay,weighted,0.48,0.8008,0.32,0.92,0.04,0.01077952179695054,1.0,1.0,0.0
20274036,coherent,random_replay,max_similarity,0.12,0.7824,0.7,0.92,0.04,0.01077952179695054,1.0,1.0,0.0
20274036,coherent,random_replay,max_similarity,0.24,0.9832000000000001,0.02,0.92,0.04,0.01077952179695054,1.0,1.0,0.0
20274036,coherent,random_replay,max_similarity,0.48,1.0,0.0,0.92,0.04,0.01077952179695054,1.0,1.0,0.0
20274036,coherent,high_energy,weighted,0.12,0.6488,0.78,0.96,0.04,0.010765378196070515,1.0,1.0,0.0
20274036,coherent,high_energy,weighted,0.24,0.7607999999999999,0.34,0.96,0.04,0.010765378196070515,1.0,1.0,0.0
20274036,coherent,high_energy,weighted,0.48,0.7911999999999999,0.32,0.96,0.04,0.010765378196070515,1.0,1.0,0.0
20274036,coherent,high_energy,max_similarity,0.12,0.7824,0.7,0.92,0.04,0.010765378196070515,1.0,1.0,0.0
20274036,coherent,high_energy,max_similarity,0.24,0.9832000000000001,0.02,0.92,0.04,0.010765378196070515,1.0,1.0,0.0
20274036,coherent,high_energy,max_similarity,0.48,1.0,0.0,0.92,0.04,0.010765378196070515,1.0,1.0,0.0
20274036,coherent,low_energy,weighted,0.12,0.64,0.84,0.92,0.04,0.01077952179695054,1.0,1.0,0.0
20274036,coherent,low_energy,weighted,0.24,0.744,0.34,0.92,0.04,0.01077952179695054,1.0,1.0,0.0
20274036,coherent,low_energy,weighted,0.48,0.8008,0.32,0.92,0.04,0.01077952179695054,1.0,1.0,0.0
20274036,coherent,low_energy,max_similarity,0.12,0.7824,0.7,0.92,0.04,0.01077952179695054,1.0,1.0,0.0
20274036,coherent,low_energy,max_similarity,0.24,0.9832000000000001,0.02,0.92,0.04,0.01077952179695054,1.0,1.0,0.0
20274036,coherent,low_energy,max_similarity,0.48,1.0,0.0,0.92,0.04,0.01077952179695054,1.0,1.0,0.0
20274036,independent,random_replay,weighted,0.12,0.6488,0.8,0.92,0.04,0.010543904828137418,1.0,1.0,0.0
20274036,independent,random_replay,weighted,0.24,0.748,0.34,0.92,0.04,0.010543904828137418,1.0,1.0,0.0
20274036,independent,random_replay,weighted,0.48,0.8039999999999999,0.32,0.92,0.04,0.010543904828137418,1.0,1.0,0.0
20274036,independent,random_replay,max_similarity,0.12,0.768,0.72,0.92,0.04,0.010543904828137418,1.0,1.0,0.0
20274036,independent,random_replay,max_similarity,0.24,0.9768000000000001,0.04,0.92,0.04,0.010543904828137418,1.0,1.0,0.0
20274036,independent,random_replay,max_similarity,0.48,1.0,0.0,0.92,0.04,0.010543904828137418,1.0,1.0,0.0
20274036,independent,high_energy,weighted,0.12,0.6639999999999999,0.82,0.96,0.04,0.010565279413840598,1.0,1.0,0.0
20274036,independent,high_energy,weighted,0.24,0.7672,0.34,0.96,0.04,0.010565279413840598,1.0,1.0,0.0
20274036,independent,high_energy,weighted,0.48,0.7951999999999999,0.32,0.96,0.04,0.010565279413840598,1.0,1.0,0.0
20274036,independent,high_energy,max_similarity,0.12,0.768,0.72,0.92,0.04,0.010565279413840598,1.0,1.0,0.0
20274036,independent,high_energy,max_similarity,0.24,0.9768000000000001,0.04,0.92,0.04,0.010565279413840598,1.0,1.0,0.0
20274036,independent,high_energy,max_similarity,0.48,1.0,0.0,0.92,0.04,0.010565279413840598,1.0,1.0,0.0
20274036,independent,low_energy,weighted,0.12,0.6488,0.8,0.92,0.04,0.010543904828137418,1.0,1.0,0.0
20274036,independent,low_energy,weighted,0.24,0.748,0.34,0.92,0.04,0.010543904828137418,1.0,1.0,0.0
20274036,independent,low_energy,weighted,0.48,0.8039999999999999,0.32,0.92,0.04,0.010543904828137418,1.0,1.0,0.0
20274036,independent,low_energy,max_similarity,0.12,0.768,0.72,0.92,0.04,0.010543904828137418,1.0,1.0,0.0
20274036,independent,low_energy,max_similarity,0.24,0.9768000000000001,0.04,0.92,0.04,0.010543904828137418,1.0,1.0,0.0
20274036,independent,low_energy,max_similarity,0.48,1.0,0.0,0.92,0.04,0.010543904828137418,1.0,1.0,0.0
20274037,none,no_replay,weighted,0.12,0.7368,0.68,0.92,0.04,0.010596747597650481,1.0,1.0,0.0
20274037,none,no_replay,weighted,0.24,0.9872,0.08,0.92,0.04,0.010596747597650481,1.0,1.0,0.0
20274037,none,no_replay,weighted,0.48,1.0,0.0,0.92,0.04,0.010596747597650481,1.0,1.0,0.0
20274037,none,no_replay,max_similarity,0.12,0.7704,0.68,0.96,0.04,0.010596747597650481,1.0,1.0,0.0
20274037,none,no_replay,max_similarity,0.24,0.996,0.06,0.96,0.04,0.010596747597650481,1.0,1.0,0.0
20274037,none,no_replay,max_similarity,0.48,1.0,0.0,0.96,0.04,0.010596747597650481,1.0,1.0,0.0
20274037,exact,random_replay,weighted,0.12,0.6496,0.72,0.92,0.04,0.01052041357337063,1.0,1.0,0.0
20274037,exact,random_replay,weighted,0.24,0.768,0.38,0.92,0.04,0.01052041357337063,1.0,1.0,0.0
20274037,exact,random_replay,weighted,0.48,0.7824,0.32,0.92,0.04,0.01052041357337063,1.0,1.0,0.0
20274037,exact,random_replay,max_similarity,0.12,0.6799999999999999,0.7,0.96,0.04,0.01052041357337063,1.0,1.0,0.0
20274037,exact,random_replay,max_similarity,0.24,0.7936000000000001,0.36,0.96,0.04,0.01052041357337063,1.0,1.0,0.0
20274037,exact,random_replay,max_similarity,0.48,1.0,0.0,0.96,0.04,0.01052041357337063,1.0,1.0,0.0
20274037,exact,high_energy,weighted,0.12,0.6512,0.68,0.96,0.04,0.01056372340414698,1.0,1.0,0.0
20274037,exact,high_energy,weighted,0.24,0.78,0.34,0.96,0.04,0.01056372340414698,1.0,1.0,0.0
20274037,exact,high_energy,weighted,0.48,0.7824,0.32,0.96,0.04,0.01056372340414698,1.0,1.0,0.0
20274037,exact,high_energy,max_similarity,0.12,0.6864,0.68,0.96,0.04,0.01056372340414698,1.0,1.0,0.0
20274037,exact,high_energy,max_similarity,0.24,0.7936,0.36,0.96,0.04,0.01056372340414698,1.0,1.0,0.0
20274037,exact,high_energy,max_similarity,0.48,1.0,0.0,0.96,0.04,0.01056372340414698,1.0,1.0,0.0
20274037,exact,low_energy,weighted,0.12,0.6496,0.72,0.92,0.04,0.01052041357337063,1.0,1.0,0.0
20274037,exact,low_energy,weighted,0.24,0.768,0.38,0.92,0.04,0.01052041357337063,1.0,1.0,0.0
20274037,exact,low_energy,weighted,0.48,0.7824,0.32,0.92,0.04,0.01052041357337063,1.0,1.0,0.0
20274037,exact,low_energy,max_similarity,0.12,0.6799999999999999,0.7,0.96,0.04,0.01052041357337063,1.0,1.0,0.0
20274037,exact,low_energy,max_similarity,0.24,0.7936000000000001,0.36,0.96,0.04,0.01052041357337063,1.0,1.0,0.0
20274037,exact,low_energy,max_similarity,0.48,1.0,0.0,0.96,0.04,0.01052041357337063,1.0,1.0,0.0
20274037,coherent,random_replay,weighted,0.12,0.6136,0.72,0.92,0.04,0.01078774099651826,1.0,1.0,0.0
20274037,coherent,random_replay,weighted,0.24,0.7584,0.38,0.92,0.04,0.01078774099651826,1.0,1.0,0.0
20274037,coherent,random_replay,weighted,0.48,0.7911999999999999,0.32,0.92,0.04,0.01078774099651826,1.0,1.0,0.0
20274037,coherent,random_replay,max_similarity,0.12,0.7704,0.68,0.96,0.04,0.01078774099651826,1.0,1.0,0.0
20274037,coherent,random_replay,max_similarity,0.24,0.996,0.06,0.96,0.04,0.01078774099651826,1.0,1.0,0.0
20274037,coherent,random_replay,max_similarity,0.48,1.0,0.0,0.96,0.04,0.01078774099651826,1.0,1.0,0.0
20274037,coherent,high_energy,weighted,0.12,0.6232,0.72,0.88,0.04,0.010838983760653122,1.0,1.0,0.0
20274037,coherent,high_energy,weighted,0.24,0.7688,0.38,0.88,0.04,0.010838983760653122,1.0,1.0,0.0
20274037,coherent,high_energy,weighted,0.48,0.7904,0.32,0.88,0.04,0.010838983760653122,1.0,1.0,0.0
20274037,coherent,high_energy,max_similarity,0.12,0.7704,0.68,0.96,0.04,0.010838983760653122,1.0,1.0,0.0
20274037,coherent,high_energy,max_similarity,0.24,0.996,0.06,0.96,0.04,0.010838983760653122,1.0,1.0,0.0
20274037,coherent,high_energy,max_similarity,0.48,1.0,0.0,0.96,0.04,0.010838983760653122,1.0,1.0,0.0
20274037,coherent,low_energy,weighted,0.12,0.6136,0.72,0.92,0.04,0.01078774099651826,1.0,1.0,0.0
20274037,coherent,low_energy,weighted,0.24,0.7584,0.38,0.92,0.04,0.01078774099651826,1.0,1.0,0.0
20274037,coherent,low_energy,weighted,0.48,0.7911999999999999,0.32,0.92,0.04,0.01078774099651826,1.0,1.0,0.0
20274037,coherent,low_energy,max_similarity,0.12,0.7704,0.68,0.96,0.04,0.01078774099651826,1.0,1.0,0.0
20274037,coherent,low_energy,max_similarity,0.24,0.996,0.06,0.96,0.04,0.01078774099651826,1.0,1.0,0.0
20274037,coherent,low_energy,max_similarity,0.48,1.0,0.0,0.96,0.04,0.01078774099651826,1.0,1.0,0.0
20274037,independent,random_replay,weighted,0.12,0.636,0.7,0.92,0.04,0.010509639907998369,1.0,1.0,0.0
20274037,independent,random_replay,weighted,0.24,0.7672,0.38,0.92,0.04,0.010509639907998369,1.0,1.0,0.0
20274037,independent,random_replay,weighted,0.48,0.7911999999999999,0.32,0.92,0.04,0.010509639907998369,1.0,1.0,0.0
20274037,independent,random_replay,max_similarity,0.12,0.7376,0.72,0.96,0.04,0.010509639907998369,1.0,1.0,0.0
20274037,independent,random_replay,max_similarity,0.24,0.9936,0.08,0.96,0.04,0.010509639907998369,1.0,1.0,0.0
20274037,independent,random_replay,max_similarity,0.48,1.0,0.0,0.96,0.04,0.010509639907998369,1.0,1.0,0.0
20274037,independent,high_energy,weighted,0.12,0.6424,0.68,0.96,0.04,0.010543241688207052,1.0,1.0,0.0
20274037,independent,high_energy,weighted,0.24,0.7784,0.34,0.96,0.04,0.010543241688207052,1.0,1.0,0.0
20274037,independent,high_energy,weighted,0.48,0.7904,0.32,0.96,0.04,0.010543241688207052,1.0,1.0,0.0
20274037,independent,high_energy,max_similarity,0.12,0.7303999999999999,0.72,0.96,0.04,0.010543241688207052,1.0,1.0,0.0
20274037,independent,high_energy,max_similarity,0.24,0.9928,0.1,0.96,0.04,0.010543241688207052,1.0,1.0,0.0
20274037,independent,high_energy,max_similarity,0.48,1.0,0.0,0.96,0.04,0.010543241688207052,1.0,1.0,0.0
20274037,independent,low_energy,weighted,0.12,0.636,0.7,0.92,0.04,0.010509639907998369,1.0,1.0,0.0
20274037,independent,low_energy,weighted,0.24,0.7672,0.38,0.92,0.04,0.010509639907998369,1.0,1.0,0.0
20274037,independent,low_energy,weighted,0.48,0.7911999999999999,0.32,0.92,0.04,0.010509639907998369,1.0,1.0,0.0
20274037,independent,low_energy,max_similarity,0.12,0.7376,0.72,0.96,0.04,0.010509639907998369,1.0,1.0,0.0
20274037,independent,low_energy,max_similarity,0.24,0.9936,0.08,0.96,0.04,0.010509639907998369,1.0,1.0,0.0
20274037,independent,low_energy,max_similarity,0.48,1.0,0.0,0.96,0.04,0.010509639907998369,1.0,1.0,0.0
20274038,none,no_replay,weighted,0.12,0.7576,0.54,0.88,0.04,0.010695530287667338,1.0,1.0,0.0
20274038,none,no_replay,weighted,0.24,0.984,0.04,0.88,0.04,0.010695530287667338,1.0,1.0,0.0
20274038,none,no_replay,weighted,0.48,1.0,0.0,0.88,0.04,0.010695530287667338,1.0,1.0,0.0
20274038,none,no_replay,max_similarity,0.12,0.796,0.42,0.8,0.04,0.010695530287667338,1.0,1.0,0.0
20274038,none,no_replay,max_similarity,0.24,0.9952,0.0,0.8,0.04,0.010695530287667338,1.0,1.0,0.0
20274038,none,no_replay,max_similarity,0.48,1.0,0.0,0.8,0.04,0.010695530287667338,1.0,1.0,0.0
20274038,exact,random_replay,weighted,0.12,0.6584,0.66,0.88,0.04,0.010517159015558941,1.0,1.0,0.0
20274038,exact,random_replay,weighted,0.24,0.76,0.36,0.88,0.04,0.010517159015558941,1.0,1.0,0.0
20274038,exact,random_replay,weighted,0.48,0.7824,0.32,0.88,0.04,0.010517159015558941,1.0,1.0,0.0
20274038,exact,random_replay,max_similarity,0.12,0.6944,0.54,0.84,0.04,0.010517159015558941,1.0,1.0,0.0
20274038,exact,random_replay,max_similarity,0.24,0.7816,0.32,0.84,0.04,0.010517159015558941,1.0,1.0,0.0
20274038,exact,random_replay,max_similarity,0.48,1.0,0.0,0.84,0.04,0.010517159015558941,1.0,1.0,0.0
20274038,exact,high_energy,weighted,0.12,0.6688000000000001,0.6,0.88,0.06,0.010127223661425919,1.0,1.0,0.0
20274038,exact,high_energy,weighted,0.24,0.7776000000000001,0.34,0.88,0.06,0.010127223661425919,1.0,1.0,0.0
20274038,exact,high_energy,weighted,0.48,0.7824,0.32,0.88,0.06,0.010127223661425919,1.0,1.0,0.0
20274038,exact,high_energy,max_similarity,0.12,0.6904,0.54,0.84,0.06,0.010127223661425919,1.0,1.0,0.0
20274038,exact,high_energy,max_similarity,0.24,0.7816,0.32,0.84,0.06,0.010127223661425919,1.0,1.0,0.0
20274038,exact,high_energy,max_similarity,0.48,1.0,0.0,0.84,0.06,0.010127223661425919,1.0,1.0,0.0
20274038,exact,low_energy,weighted,0.12,0.6584,0.66,0.88,0.04,0.010517159015558941,1.0,1.0,0.0
20274038,exact,low_energy,weighted,0.24,0.76,0.36,0.88,0.04,0.010517159015558941,1.0,1.0,0.0
20274038,exact,low_energy,weighted,0.48,0.7824,0.32,0.88,0.04,0.010517159015558941,1.0,1.0,0.0
20274038,exact,low_energy,max_similarity,0.12,0.6944,0.54,0.84,0.04,0.010517159015558941,1.0,1.0,0.0
20274038,exact,low_energy,max_similarity,0.24,0.7816,0.32,0.84,0.04,0.010517159015558941,1.0,1.0,0.0
20274038,exact,low_energy,max_similarity,0.48,1.0,0.0,0.84,0.04,0.010517159015558941,1.0,1.0,0.0
20274038,coherent,random_replay,weighted,0.12,0.6208,0.72,0.92,0.04,0.010803429818853731,1.0,1.0,0.0
20274038,coherent,random_replay,weighted,0.24,0.7536,0.36,0.92,0.04,0.010803429818853731,1.0,1.0,0.0
20274038,coherent,random_replay,weighted,0.48,0.8351999999999999,0.32,0.92,0.04,0.010803429818853731,1.0,1.0,0.0
20274038,coherent,random_replay,max_similarity,0.12,0.796,0.42,0.8,0.04,0.010803429818853731,1.0,1.0,0.0
20274038,coherent,random_replay,max_similarity,0.24,0.9952,0.0,0.8,0.04,0.010803429818853731,1.0,1.0,0.0
20274038,coherent,random_replay,max_similarity,0.48,1.0,0.0,0.8,0.04,0.010803429818853731,1.0,1.0,0.0
20274038,coherent,high_energy,weighted,0.12,0.636,0.64,0.88,0.06,0.010420713056380202,1.0,1.0,0.0
20274038,coherent,high_energy,weighted,0.24,0.7712,0.36,0.88,0.06,0.010420713056380202,1.0,1.0,0.0
20274038,coherent,high_energy,weighted,0.48,0.8592,0.26,0.88,0.06,0.010420713056380202,1.0,1.0,0.0
20274038,coherent,high_energy,max_similarity,0.12,0.796,0.42,0.8,0.06,0.010420713056380202,1.0,1.0,0.0
20274038,coherent,high_energy,max_similarity,0.24,0.9952,0.0,0.8,0.06,0.010420713056380202,1.0,1.0,0.0
20274038,coherent,high_energy,max_similarity,0.48,1.0,0.0,0.8,0.06,0.010420713056380202,1.0,1.0,0.0
20274038,coherent,low_energy,weighted,0.12,0.6208,0.76,0.92,0.04,0.010803429818853731,1.0,1.0,0.0
20274038,coherent,low_energy,weighted,0.24,0.7536,0.36,0.92,0.04,0.010803429818853731,1.0,1.0,0.0
20274038,coherent,low_energy,weighted,0.48,0.8351999999999999,0.32,0.92,0.04,0.010803429818853731,1.0,1.0,0.0
20274038,coherent,low_energy,max_similarity,0.12,0.796,0.42,0.8,0.04,0.010803429818853731,1.0,1.0,0.0
20274038,coherent,low_energy,max_similarity,0.24,0.9952,0.0,0.8,0.04,0.010803429818853731,1.0,1.0,0.0
20274038,coherent,low_energy,max_similarity,0.48,1.0,0.0,0.8,0.04,0.010803429818853731,1.0,1.0,0.0
20274038,independent,random_replay,weighted,0.12,0.6328,0.68,0.88,0.04,0.01053731411738918,1.0,1.0,0.0
20274038,independent,random_replay,weighted,0.24,0.7608,0.36,0.88,0.04,0.01053731411738918,1.0,1.0,0.0
20274038,independent,random_replay,weighted,0.48,0.8071999999999999,0.32,0.88,0.04,0.01053731411738918,1.0,1.0,0.0
20274038,independent,random_replay,max_similarity,0.12,0.7712,0.48,0.8,0.04,0.01053731411738918,1.0,1.0,0.0
20274038,independent,random_replay,max_similarity,0.24,0.9952,0.0,0.8,0.04,0.01053731411738918,1.0,1.0,0.0
20274038,independent,random_replay,max_similarity,0.48,1.0,0.0,0.8,0.04,0.01053731411738918,1.0,1.0,0.0
20274038,independent,high_energy,weighted,0.12,0.6416,0.62,0.88,0.06,0.01015160625153199,1.0,1.0,0.0
20274038,independent,high_energy,weighted,0.24,0.7784,0.34,0.88,0.06,0.01015160625153199,1.0,1.0,0.0
20274038,independent,high_energy,weighted,0.48,0.82,0.3,0.88,0.06,0.01015160625153199,1.0,1.0,0.0
20274038,independent,high_energy,max_similarity,0.12,0.7687999999999999,0.48,0.8,0.06,0.01015160625153199,1.0,1.0,0.0
20274038,independent,high_energy,max_similarity,0.24,0.9952,0.0,0.8,0.06,0.01015160625153199,1.0,1.0,0.0
20274038,independent,high_energy,max_similarity,0.48,1.0,0.0,0.8,0.06,0.01015160625153199,1.0,1.0,0.0
20274038,independent,low_energy,weighted,0.12,0.6328,0.68,0.88,0.04,0.01053731411738918,1.0,1.0,0.0
20274038,independent,low_energy,weighted,0.24,0.7608,0.36,0.88,0.04,0.01053731411738918,1.0,1.0,0.0
20274038,independent,low_energy,weighted,0.48,0.8071999999999999,0.32,0.88,0.04,0.01053731411738918,1.0,1.0,0.0
20274038,independent,low_energy,max_similarity,0.12,0.7712,0.48,0.8,0.04,0.01053731411738918,1.0,1.0,0.0
20274038,independent,low_energy,max_similarity,0.24,0.9952,0.0,0.8,0.04,0.01053731411738918,1.0,1.0,0.0
20274038,independent,low_energy,max_similarity,0.48,1.0,0.0,0.8,0.04,0.01053731411738918,1.0,1.0,0.0
20274039,none,no_replay,weighted,0.12,0.724,0.7,0.88,0.04,0.010709880115938661,1.0,1.0,0.0
20274039,none,no_replay,weighted,0.24,0.9816,0.04,0.88,0.04,0.010709880115938661,1.0,1.0,0.0
20274039,none,no_replay,weighted,0.48,1.0,0.0,0.88,0.04,0.010709880115938661,1.0,1.0,0.0
20274039,none,no_replay,max_similarity,0.12,0.7248,0.56,0.76,0.04,0.010709880115938661,1.0,1.0,0.0
20274039,none,no_replay,max_similarity,0.24,0.9783999999999999,0.02,0.76,0.04,0.010709880115938661,1.0,1.0,0.0
20274039,none,no_replay,max_similarity,0.48,1.0,0.0,0.76,0.04,0.010709880115938661,1.0,1.0,0.0
20274039,exact,random_replay,weighted,0.12,0.6544000000000001,0.72,0.8,0.04,0.010630839010413538,1.0,1.0,0.0
20274039,exact,random_replay,weighted,0.24,0.7752,0.32,0.8,0.04,0.010630839010413538,1.0,1.0,0.0
20274039,exact,random_replay,weighted,0.48,0.7824,0.32,0.8,0.04,0.010630839010413538,1.0,1.0,0.0
20274039,exact,random_replay,max_similarity,0.12,0.66,0.66,0.8,0.04,0.010630839010413538,1.0,1.0,0.0
20274039,exact,random_replay,max_similarity,0.24,0.7736,0.34,0.8,0.04,0.010630839010413538,1.0,1.0,0.0
20274039,exact,random_replay,max_similarity,0.48,1.0,0.0,0.8,0.04,0.010630839010413538,1.0,1.0,0.0
20274039,exact,high_energy,weighted,0.12,0.6544000000000001,0.68,0.8,0.04,0.010630839010413538,1.0,1.0,0.0
20274039,exact,high_energy,weighted,0.24,0.7752,0.32,0.8,0.04,0.010630839010413538,1.0,1.0,0.0
20274039,exact,high_energy,weighted,0.48,0.7824,0.32,0.8,0.04,0.010630839010413538,1.0,1.0,0.0
20274039,exact,high_energy,max_similarity,0.12,0.66,0.66,0.8,0.04,0.010630839010413538,1.0,1.0,0.0
20274039,exact,high_energy,max_similarity,0.24,0.7736,0.34,0.8,0.04,0.010630839010413538,1.0,1.0,0.0
20274039,exact,high_energy,max_similarity,0.48,1.0,0.0,0.8,0.04,0.010630839010413538,1.0,1.0,0.0
20274039,exact,low_energy,weighted,0.12,0.6447999999999999,0.68,0.84,0.04,0.010628951087272166,1.0,1.0,0.0
20274039,exact,low_energy,weighted,0.24,0.7727999999999999,0.32,0.84,0.04,0.010628951087272166,1.0,1.0,0.0
20274039,exact,low_energy,weighted,0.48,0.7824,0.32,0.84,0.04,0.010628951087272166,1.0,1.0,0.0
20274039,exact,low_energy,max_similarity,0.12,0.644,0.7,0.8,0.04,0.010628951087272166,1.0,1.0,0.0
20274039,exact,low_energy,max_similarity,0.24,0.7792,0.34,0.8,0.04,0.010628951087272166,1.0,1.0,0.0
20274039,exact,low_energy,max_similarity,0.48,1.0,0.0,0.8,0.04,0.010628951087272166,1.0,1.0,0.0
20274039,coherent,random_replay,weighted,0.12,0.6152,0.7,0.84,0.04,0.011009062632610972,1.0,1.0,0.0
20274039,coherent,random_replay,weighted,0.24,0.7744,0.32,0.84,0.04,0.011009062632610972,1.0,1.0,0.0
20274039,coherent,random_replay,weighted,0.48,0.7976,0.3,0.84,0.04,0.011009062632610972,1.0,1.0,0.0
20274039,coherent,random_replay,max_similarity,0.12,0.7248,0.56,0.76,0.04,0.011009062632610972,1.0,1.0,0.0
20274039,coherent,random_replay,max_similarity,0.24,0.9783999999999999,0.02,0.76,0.04,0.011009062632610972,1.0,1.0,0.0
20274039,coherent,random_replay,max_similarity,0.48,1.0,0.0,0.76,0.04,0.011009062632610972,1.0,1.0,0.0
20274039,coherent,high_energy,weighted,0.12,0.6152,0.68,0.8,0.04,0.011009062632610972,1.0,1.0,0.0
20274039,coherent,high_energy,weighted,0.24,0.7744,0.32,0.8,0.04,0.011009062632610972,1.0,1.0,0.0
20274039,coherent,high_energy,weighted,0.48,0.7976,0.3,0.8,0.04,0.011009062632610972,1.0,1.0,0.0
20274039,coherent,high_energy,max_similarity,0.12,0.7248,0.56,0.76,0.04,0.011009062632610972,1.0,1.0,0.0
20274039,coherent,high_energy,max_similarity,0.24,0.9783999999999999,0.02,0.76,0.04,0.011009062632610972,1.0,1.0,0.0
20274039,coherent,high_energy,max_similarity,0.48,1.0,0.0,0.76,0.04,0.011009062632610972,1.0,1.0,0.0
20274039,coherent,low_energy,weighted,0.12,0.6152,0.72,0.84,0.04,0.011045955940823783,1.0,1.0,0.0
20274039,coherent,low_energy,weighted,0.24,0.7736000000000001,0.36,0.84,0.04,0.011045955940823783,1.0,1.0,0.0
20274039,coherent,low_energy,weighted,0.48,0.7968,0.3,0.84,0.04,0.011045955940823783,1.0,1.0,0.0
20274039,coherent,low_energy,max_similarity,0.12,0.7248,0.56,0.76,0.04,0.011045955940823783,1.0,1.0,0.0
20274039,coherent,low_energy,max_similarity,0.24,0.9783999999999999,0.02,0.76,0.04,0.011045955940823783,1.0,1.0,0.0
20274039,coherent,low_energy,max_similarity,0.48,1.0,0.0,0.76,0.04,0.011045955940823783,1.0,1.0,0.0
20274039,independent,random_replay,weighted,0.12,0.6264,0.72,0.8,0.04,0.010679941013551464,1.0,1.0,0.0
20274039,independent,random_replay,weighted,0.24,0.7752,0.32,0.8,0.04,0.010679941013551464,1.0,1.0,0.0
20274039,independent,random_replay,weighted,0.48,0.7824,0.32,0.8,0.04,0.010679941013551464,1.0,1.0,0.0
20274039,independent,random_replay,max_similarity,0.12,0.7071999999999999,0.58,0.76,0.04,0.010679941013551464,1.0,1.0,0.0
20274039,independent,random_replay,max_similarity,0.24,0.9776,0.02,0.76,0.04,0.010679941013551464,1.0,1.0,0.0
20274039,independent,random_replay,max_similarity,0.48,1.0,0.0,0.76,0.04,0.010679941013551464,1.0,1.0,0.0
20274039,independent,high_energy,weighted,0.12,0.6264,0.7,0.8,0.04,0.010679941013551464,1.0,1.0,0.0
20274039,independent,high_energy,weighted,0.24,0.7752,0.32,0.8,0.04,0.010679941013551464,1.0,1.0,0.0
20274039,independent,high_energy,weighted,0.48,0.7824,0.32,0.8,0.04,0.010679941013551464,1.0,1.0,0.0
20274039,independent,high_energy,max_similarity,0.12,0.7071999999999999,0.58,0.76,0.04,0.010679941013551464,1.0,1.0,0.0
20274039,independent,high_energy,max_similarity,0.24,0.9776,0.02,0.76,0.04,0.010679941013551464,1.0,1.0,0.0
20274039,independent,high_energy,max_similarity,0.48,1.0,0.0,0.76,0.04,0.010679941013551464,1.0,1.0,0.0
20274039,independent,low_energy,weighted,0.12,0.628,0.72,0.8,0.04,0.010686253141028857,1.0,1.0,0.0
20274039,independent,low_energy,weighted,0.24,0.772,0.32,0.8,0.04,0.010686253141028857,1.0,1.0,0.0
20274039,independent,low_energy,weighted,0.48,0.7831999999999999,0.32,0.8,0.04,0.010686253141028857,1.0,1.0,0.0
20274039,independent,low_energy,max_similarity,0.12,0.7008,0.62,0.76,0.04,0.010686253141028857,1.0,1.0,0.0
20274039,independent,low_energy,max_similarity,0.24,0.9768000000000001,0.02,0.76,0.04,0.010686253141028857,1.0,1.0,0.0
20274039,independent,low_energy,max_similarity,0.48,1.0,0.0,0.76,0.04,0.010686253141028857,1.0,1.0,0.0
20274040,none,no_replay,weighted,0.12,0.7488,0.72,0.92,0.04,0.010541549024045813,1.0,1.0,0.0
20274040,none,no_replay,weighted,0.24,0.9944000000000001,0.02,0.92,0.04,0.010541549024045813,1.0,1.0,0.0
20274040,none,no_replay,weighted,0.48,1.0,0.0,0.92,0.04,0.010541549024045813,1.0,1.0,0.0
20274040,none,no_replay,max_similarity,0.12,0.7672,0.64,0.96,0.04,0.010541549024045813,1.0,1.0,0.0
20274040,none,no_replay,max_similarity,0.24,0.9992,0.0,0.96,0.04,0.010541549024045813,1.0,1.0,0.0
20274040,none,no_replay,max_similarity,0.48,1.0,0.0,0.96,0.04,0.010541549024045813,1.0,1.0,0.0
20274040,exact,random_replay,weighted,0.12,0.6592,0.74,0.92,0.04,0.010538691929726684,1.0,1.0,0.0
20274040,exact,random_replay,weighted,0.24,0.7687999999999999,0.32,0.92,0.04,0.010538691929726684,1.0,1.0,0.0
20274040,exact,random_replay,weighted,0.48,0.7824,0.32,0.92,0.04,0.010538691929726684,1.0,1.0,0.0
20274040,exact,random_replay,max_similarity,0.12,0.6664000000000001,0.68,0.92,0.04,0.010538691929726684,1.0,1.0,0.0
20274040,exact,random_replay,max_similarity,0.24,0.8208,0.32,0.92,0.04,0.010538691929726684,1.0,1.0,0.0
20274040,exact,random_replay,max_similarity,0.48,1.0,0.0,0.92,0.04,0.010538691929726684,1.0,1.0,0.0
20274040,exact,high_energy,weighted,0.12,0.6624,0.7,0.96,0.04,0.01055447525904072,1.0,1.0,0.0
20274040,exact,high_energy,weighted,0.24,0.7807999999999999,0.32,0.96,0.04,0.01055447525904072,1.0,1.0,0.0
20274040,exact,high_energy,weighted,0.48,0.7824,0.32,0.96,0.04,0.01055447525904072,1.0,1.0,0.0
20274040,exact,high_energy,max_similarity,0.12,0.6648000000000001,0.7,0.92,0.04,0.01055447525904072,1.0,1.0,0.0
20274040,exact,high_energy,max_similarity,0.24,0.82,0.32,0.92,0.04,0.01055447525904072,1.0,1.0,0.0
20274040,exact,high_energy,max_similarity,0.48,1.0,0.0,0.92,0.04,0.01055447525904072,1.0,1.0,0.0
20274040,exact,low_energy,weighted,0.12,0.6592,0.74,0.92,0.04,0.010538691929726684,1.0,1.0,0.0
20274040,exact,low_energy,weighted,0.24,0.7687999999999999,0.32,0.92,0.04,0.010538691929726684,1.0,1.0,0.0
20274040,exact,low_energy,weighted,0.48,0.7824,0.32,0.92,0.04,0.010538691929726684,1.0,1.0,0.0
20274040,exact,low_energy,max_similarity,0.12,0.6664000000000001,0.68,0.92,0.04,0.010538691929726684,1.0,1.0,0.0
20274040,exact,low_energy,max_similarity,0.24,0.8208,0.32,0.92,0.04,0.010538691929726684,1.0,1.0,0.0
20274040,exact,low_energy,max_similarity,0.48,1.0,0.0,0.92,0.04,0.010538691929726684,1.0,1.0,0.0
20274040,coherent,random_replay,weighted,0.12,0.6272000000000001,0.74,0.92,0.04,0.01080468695702274,1.0,1.0,0.0
20274040,coherent,random_replay,weighted,0.24,0.7647999999999999,0.32,0.92,0.04,0.01080468695702274,1.0,1.0,0.0
20274040,coherent,random_replay,weighted,0.48,0.8128,0.3,0.92,0.04,0.01080468695702274,1.0,1.0,0.0
20274040,coherent,random_replay,max_similarity,0.12,0.7672,0.64,0.96,0.04,0.01080468695702274,1.0,1.0,0.0
20274040,coherent,random_replay,max_similarity,0.24,0.9992,0.0,0.96,0.04,0.01080468695702274,1.0,1.0,0.0
20274040,coherent,random_replay,max_similarity,0.48,1.0,0.0,0.96,0.04,0.01080468695702274,1.0,1.0,0.0
20274040,coherent,high_energy,weighted,0.12,0.6392,0.74,0.96,0.04,0.010804084490189585,1.0,1.0,0.0
20274040,coherent,high_energy,weighted,0.24,0.7784,0.34,0.96,0.04,0.010804084490189585,1.0,1.0,0.0
20274040,coherent,high_energy,weighted,0.48,0.8255999999999999,0.28,0.96,0.04,0.010804084490189585,1.0,1.0,0.0
20274040,coherent,high_energy,max_similarity,0.12,0.7672,0.64,0.96,0.04,0.010804084490189585,1.0,1.0,0.0
20274040,coherent,high_energy,max_similarity,0.24,0.9992,0.0,0.96,0.04,0.010804084490189585,1.0,1.0,0.0
20274040,coherent,high_energy,max_similarity,0.48,1.0,0.0,0.96,0.04,0.010804084490189585,1.0,1.0,0.0
20274040,coherent,low_energy,weighted,0.12,0.6272000000000001,0.82,0.92,0.04,0.01080468695702274,1.0,1.0,0.0
20274040,coherent,low_energy,weighted,0.24,0.7647999999999999,0.34,0.92,0.04,0.01080468695702274,1.0,1.0,0.0
20274040,coherent,low_energy,weighted,0.48,0.8128,0.3,0.92,0.04,0.01080468695702274,1.0,1.0,0.0
20274040,coherent,low_energy,max_similarity,0.12,0.7672,0.64,0.96,0.04,0.01080468695702274,1.0,1.0,0.0
20274040,coherent,low_energy,max_similarity,0.24,0.9992,0.0,0.96,0.04,0.01080468695702274,1.0,1.0,0.0
20274040,coherent,low_energy,max_similarity,0.48,1.0,0.0,0.96,0.04,0.01080468695702274,1.0,1.0,0.0
20274040,independent,random_replay,weighted,0.12,0.6432,0.76,0.92,0.04,0.010577779461292925,1.0,1.0,0.0
20274040,independent,random_replay,weighted,0.24,0.7687999999999999,0.32,0.92,0.04,0.010577779461292925,1.0,1.0,0.0
20274040,independent,random_replay,weighted,0.48,0.8056,0.32,0.92,0.04,0.010577779461292925,1.0,1.0,0.0
20274040,independent,random_replay,max_similarity,0.12,0.7303999999999999,0.68,0.96,0.04,0.010577779461292925,1.0,1.0,0.0
20274040,independent,random_replay,max_similarity,0.24,0.9967999999999999,0.02,0.96,0.04,0.010577779461292925,1.0,1.0,0.0
20274040,independent,random_replay,max_similarity,0.48,1.0,0.0,0.96,0.04,0.010577779461292925,1.0,1.0,0.0
20274040,independent,high_energy,weighted,0.12,0.6536000000000001,0.74,0.96,0.04,0.010591980450921723,1.0,1.0,0.0
20274040,independent,high_energy,weighted,0.24,0.7807999999999999,0.32,0.96,0.04,0.010591980450921723,1.0,1.0,0.0
20274040,independent,high_energy,weighted,0.48,0.8223999999999999,0.3,0.96,0.04,0.010591980450921723,1.0,1.0,0.0
20274040,independent,high_energy,max_similarity,0.12,0.732,0.7,0.96,0.04,0.010591980450921723,1.0,1.0,0.0
20274040,independent,high_energy,max_similarity,0.24,0.9967999999999999,0.02,0.96,0.04,0.010591980450921723,1.0,1.0,0.0
20274040,independent,high_energy,max_similarity,0.48,1.0,0.0,0.96,0.04,0.010591980450921723,1.0,1.0,0.0
20274040,independent,low_energy,weighted,0.12,0.6432,0.76,0.92,0.04,0.010577779461292925,1.0,1.0,0.0
20274040,independent,low_energy,weighted,0.24,0.7687999999999999,0.32,0.92,0.04,0.010577779461292925,1.0,1.0,0.0
20274040,independent,low_energy,weighted,0.48,0.8056,0.32,0.92,0.04,0.010577779461292925,1.0,1.0,0.0
20274040,independent,low_energy,max_similarity,0.12,0.7303999999999999,0.68,0.96,0.04,0.010577779461292925,1.0,1.0,0.0
20274040,independent,low_energy,max_similarity,0.24,0.9967999999999999,0.02,0.96,0.04,0.010577779461292925,1.0,1.0,0.0
20274040,independent,low_energy,max_similarity,0.48,1.0,0.0,0.96,0.04,0.010577779461292925,1.0,1.0,0.0
